This is XeTeX, Version 3.141592653-2.6-0.999996 (TeX Live 2024) (preloaded format=xelatex 2024.3.29)  30 APR 2026 15:35
entering extended mode
 \write18 enabled.
 file:line:error style messages enabled.
 %&-line parsing enabled.
**"g:/My Drive/Study/HKU/POLI3148 Data Science in Politics and Public Administration/Final Project/Report/Template/report.tex"
(g:/My Drive/Study/HKU/POLI3148 Data Science in Politics and Public Administration/Final Project/Report/Template/report.tex
LaTeX2e <2023-11-01> patch level 1
L3 programming layer <2024-03-14>
(./rho-class/rho.cls
Document Class: rho-class/rho 15/04/2026 Rho LaTeX2e class
(./extarticle.cls
Document Class: extarticle 1996/10/08 v1.0 Non Standard LaTeX document class
(./size9.clo
File: size9.clo 1999/11/11 v1.4a NON-Standard LaTeX file (size option)
) (c:/Users/MDXR/AppData/Roaming/TinyTeX/texmf-dist/tex/latex/base/exscale.sty
Package: exscale 2018/09/24 v2.1i Standard LaTeX package exscale
LaTeX Font Info:    Redeclaring symbol font `largesymbols' on input line 57.
LaTeX Font Info:    Overwriting symbol font `largesymbols' in version `normal'
(Font)                  OMX/cmex/m/n --> OMX/cmex/m/n on input line 57.
LaTeX Font Info:    Overwriting symbol font `largesymbols' in version `bold'
(Font)                  OMX/cmex/m/n --> OMX/cmex/m/n on input line 57.
\big@size=\dimen140
)
\c@part=\count184
\c@section=\count185
\c@subsection=\count186
\c@subsubsection=\count187
\c@paragraph=\count188
\c@subparagraph=\count189
\c@figure=\count190
\c@table=\count191
\abovecaptionskip=\skip48
\belowcaptionskip=\skip49
\bibindent=\dimen141
) (c:/Users/MDXR/AppData/Roaming/TinyTeX/texmf-dist/tex/latex/base/inputenc.sty
Package: inputenc 2021/02/14 v1.3d Input encoding file
\inpenc@prehook=\toks17
\inpenc@posthook=\toks18


Package inputenc Warning: inputenc package ignored with utf8 based engines.

) (c:/Users/MDXR/AppData/Roaming/TinyTeX/texmf-dist/tex/latex/etoolbox/etoolbox.sty
Package: etoolbox 2020/10/05 v2.5k e-TeX tools for LaTeX (JAW)
\etb@tempcnta=\count192
) (c:/Users/MDXR/AppData/Roaming/TinyTeX/texmf-dist/tex/latex/mdframed/mdframed.sty
Package: mdframed 2013/07/01 1.9b: mdframed
 (c:/Users/MDXR/AppData/Roaming/TinyTeX/texmf-dist/tex/latex/kvoptions/kvoptions.sty
Package: kvoptions 2022-06-15 v3.15 Key value format for package options (HO)
 (c:/Users/MDXR/AppData/Roaming/TinyTeX/texmf-dist/tex/latex/graphics/keyval.sty
Package: keyval 2022/05/29 v1.15 key=value parser (DPC)
\KV@toks@=\toks19
) (c:/Users/MDXR/AppData/Roaming/TinyTeX/texmf-dist/tex/generic/ltxcmds/ltxcmds.sty
Package: ltxcmds 2023-12-04 v1.26 LaTeX kernel commands for general use (HO)
) (c:/Users/MDXR/AppData/Roaming/TinyTeX/texmf-dist/tex/latex/kvsetkeys/kvsetkeys.sty
Package: kvsetkeys 2022-10-05 v1.19 Key value parser (HO)
)) (c:/Users/MDXR/AppData/Roaming/TinyTeX/texmf-dist/tex/latex/l3packages/xparse/xparse.sty (c:/Users/MDXR/AppData/Roaming/TinyTeX/texmf-dist/tex/latex/l3kernel/expl3.sty
Package: expl3 2024-03-14 L3 programming layer (loader) 
 (c:/Users/MDXR/AppData/Roaming/TinyTeX/texmf-dist/tex/latex/l3backend/l3backend-xetex.def
File: l3backend-xetex.def 2024-03-14 L3 backend support: XeTeX
\g__graphics_track_int=\count193
\l__pdf_internal_box=\box51
\g__pdf_backend_object_int=\count194
\g__pdf_backend_annotation_int=\count195
\g__pdf_backend_link_int=\count196
))
Package: xparse 2024-03-14 L3 Experimental document command parser
) (c:/Users/MDXR/AppData/Roaming/TinyTeX/texmf-dist/tex/latex/zref/zref-abspage.sty
Package: zref-abspage 2023-09-14 v2.35 Module abspage for zref (HO)
 (c:/Users/MDXR/AppData/Roaming/TinyTeX/texmf-dist/tex/latex/zref/zref-base.sty
Package: zref-base 2023-09-14 v2.35 Module base for zref (HO)
 (c:/Users/MDXR/AppData/Roaming/TinyTeX/texmf-dist/tex/generic/infwarerr/infwarerr.sty
Package: infwarerr 2019/12/03 v1.5 Providing info/warning/error messages (HO)
) (c:/Users/MDXR/AppData/Roaming/TinyTeX/texmf-dist/tex/generic/kvdefinekeys/kvdefinekeys.sty
Package: kvdefinekeys 2019-12-19 v1.6 Define keys (HO)
) (c:/Users/MDXR/AppData/Roaming/TinyTeX/texmf-dist/tex/generic/pdftexcmds/pdftexcmds.sty
Package: pdftexcmds 2020-06-27 v0.33 Utility functions of pdfTeX for LuaTeX (HO)
 (c:/Users/MDXR/AppData/Roaming/TinyTeX/texmf-dist/tex/generic/iftex/iftex.sty
Package: iftex 2022/02/03 v1.0f TeX engine tests
)
Package pdftexcmds Info: \pdf@primitive is available.
Package pdftexcmds Info: \pdf@ifprimitive is available.
Package pdftexcmds Info: \pdfdraftmode not found.
) (c:/Users/MDXR/AppData/Roaming/TinyTeX/texmf-dist/tex/generic/etexcmds/etexcmds.sty
Package: etexcmds 2019/12/15 v1.7 Avoid name clashes with e-TeX commands (HO)
) (c:/Users/MDXR/AppData/Roaming/TinyTeX/texmf-dist/tex/latex/auxhook/auxhook.sty
Package: auxhook 2019-12-17 v1.6 Hooks for auxiliary files (HO)
)
Package zref Info: New property list: main on input line 767.
Package zref Info: New property: default on input line 768.
Package zref Info: New property: page on input line 769.
)
\c@abspage=\count197
Package zref Info: New property: abspage on input line 67.
) (c:/Users/MDXR/AppData/Roaming/TinyTeX/texmf-dist/tex/latex/needspace/needspace.sty
Package: needspace 2010/09/12 v1.3d reserve vertical space
) (c:/Users/MDXR/AppData/Roaming/TinyTeX/texmf-dist/tex/latex/graphics/color.sty
Package: color 2022/01/06 v1.3d Standard LaTeX Color (DPC)
 (c:/Users/MDXR/AppData/Roaming/TinyTeX/texmf-dist/tex/latex/graphics-cfg/color.cfg
File: color.cfg 2016/01/02 v1.6 sample color configuration
)
Package color Info: Driver file: xetex.def on input line 149.
 (c:/Users/MDXR/AppData/Roaming/TinyTeX/texmf-dist/tex/latex/graphics-def/xetex.def
File: xetex.def 2022/09/22 v5.0n Graphics/color driver for xetex
) (c:/Users/MDXR/AppData/Roaming/TinyTeX/texmf-dist/tex/latex/graphics/mathcolor.ltx))
\mdf@templength=\skip50
\c@mdf@globalstyle@cnt=\count198
\mdf@skipabove@length=\skip51
\mdf@skipbelow@length=\skip52
\mdf@leftmargin@length=\skip53
\mdf@rightmargin@length=\skip54
\mdf@innerleftmargin@length=\skip55
\mdf@innerrightmargin@length=\skip56
\mdf@innertopmargin@length=\skip57
\mdf@innerbottommargin@length=\skip58
\mdf@splittopskip@length=\skip59
\mdf@splitbottomskip@length=\skip60
\mdf@outermargin@length=\skip61
\mdf@innermargin@length=\skip62
\mdf@linewidth@length=\skip63
\mdf@innerlinewidth@length=\skip64
\mdf@middlelinewidth@length=\skip65
\mdf@outerlinewidth@length=\skip66
\mdf@roundcorner@length=\skip67
\mdf@footenotedistance@length=\skip68
\mdf@userdefinedwidth@length=\skip69
\mdf@needspace@length=\skip70
\mdf@frametitleaboveskip@length=\skip71
\mdf@frametitlebelowskip@length=\skip72
\mdf@frametitlerulewidth@length=\skip73
\mdf@frametitleleftmargin@length=\skip74
\mdf@frametitlerightmargin@length=\skip75
\mdf@shadowsize@length=\skip76
\mdf@extratopheight@length=\skip77
\mdf@subtitleabovelinewidth@length=\skip78
\mdf@subtitlebelowlinewidth@length=\skip79
\mdf@subtitleaboveskip@length=\skip80
\mdf@subtitlebelowskip@length=\skip81
\mdf@subtitleinneraboveskip@length=\skip82
\mdf@subtitleinnerbelowskip@length=\skip83
\mdf@subsubtitleabovelinewidth@length=\skip84
\mdf@subsubtitlebelowlinewidth@length=\skip85
\mdf@subsubtitleaboveskip@length=\skip86
\mdf@subsubtitlebelowskip@length=\skip87
\mdf@subsubtitleinneraboveskip@length=\skip88
\mdf@subsubtitleinnerbelowskip@length=\skip89
 (c:/Users/MDXR/AppData/Roaming/TinyTeX/texmf-dist/tex/latex/pgf/frontendlayer/tikz.sty (c:/Users/MDXR/AppData/Roaming/TinyTeX/texmf-dist/tex/latex/pgf/basiclayer/pgf.sty (c:/Users/MDXR/AppData/Roaming/TinyTeX/texmf-dist/tex/latex/pgf/utilities/pgfrcs.sty (c:/Users/MDXR/AppData/Roaming/TinyTeX/texmf-dist/tex/generic/pgf/utilities/pgfutil-common.tex
\pgfutil@everybye=\toks20
\pgfutil@tempdima=\dimen142
\pgfutil@tempdimb=\dimen143
) (c:/Users/MDXR/AppData/Roaming/TinyTeX/texmf-dist/tex/generic/pgf/utilities/pgfutil-latex.def
\pgfutil@abb=\box52
) (c:/Users/MDXR/AppData/Roaming/TinyTeX/texmf-dist/tex/generic/pgf/utilities/pgfrcs.code.tex (c:/Users/MDXR/AppData/Roaming/TinyTeX/texmf-dist/tex/generic/pgf/pgf.revision.tex)
Package: pgfrcs 2023-01-15 v3.1.10 (3.1.10)
))
Package: pgf 2023-01-15 v3.1.10 (3.1.10)
 (c:/Users/MDXR/AppData/Roaming/TinyTeX/texmf-dist/tex/latex/pgf/basiclayer/pgfcore.sty (c:/Users/MDXR/AppData/Roaming/TinyTeX/texmf-dist/tex/latex/graphics/graphicx.sty
Package: graphicx 2021/09/16 v1.2d Enhanced LaTeX Graphics (DPC,SPQR)
 (c:/Users/MDXR/AppData/Roaming/TinyTeX/texmf-dist/tex/latex/graphics/graphics.sty
Package: graphics 2022/03/10 v1.4e Standard LaTeX Graphics (DPC,SPQR)
 (c:/Users/MDXR/AppData/Roaming/TinyTeX/texmf-dist/tex/latex/graphics/trig.sty
Package: trig 2021/08/11 v1.11 sin cos tan (DPC)
) (c:/Users/MDXR/AppData/Roaming/TinyTeX/texmf-dist/tex/latex/graphics-cfg/graphics.cfg
File: graphics.cfg 2016/06/04 v1.11 sample graphics configuration
)
Package graphics Info: Driver file: xetex.def on input line 107.
)
\Gin@req@height=\dimen144
\Gin@req@width=\dimen145
) (c:/Users/MDXR/AppData/Roaming/TinyTeX/texmf-dist/tex/latex/pgf/systemlayer/pgfsys.sty (c:/Users/MDXR/AppData/Roaming/TinyTeX/texmf-dist/tex/generic/pgf/systemlayer/pgfsys.code.tex
Package: pgfsys 2023-01-15 v3.1.10 (3.1.10)
 (c:/Users/MDXR/AppData/Roaming/TinyTeX/texmf-dist/tex/generic/pgf/utilities/pgfkeys.code.tex
\pgfkeys@pathtoks=\toks21
\pgfkeys@temptoks=\toks22
 (c:/Users/MDXR/AppData/Roaming/TinyTeX/texmf-dist/tex/generic/pgf/utilities/pgfkeyslibraryfiltered.code.tex
\pgfkeys@tmptoks=\toks23
))
\pgf@x=\dimen146
\pgf@y=\dimen147
\pgf@xa=\dimen148
\pgf@ya=\dimen149
\pgf@xb=\dimen150
\pgf@yb=\dimen151
\pgf@xc=\dimen152
\pgf@yc=\dimen153
\pgf@xd=\dimen154
\pgf@yd=\dimen155
\w@pgf@writea=\write3
\r@pgf@reada=\read2
\c@pgf@counta=\count199
\c@pgf@countb=\count266
\c@pgf@countc=\count267
\c@pgf@countd=\count268
\t@pgf@toka=\toks24
\t@pgf@tokb=\toks25
\t@pgf@tokc=\toks26
\pgf@sys@id@count=\count269
 (c:/Users/MDXR/AppData/Roaming/TinyTeX/texmf-dist/tex/generic/pgf/systemlayer/pgf.cfg
File: pgf.cfg 2023-01-15 v3.1.10 (3.1.10)
)
Driver file for pgf: pgfsys-xetex.def
 (c:/Users/MDXR/AppData/Roaming/TinyTeX/texmf-dist/tex/generic/pgf/systemlayer/pgfsys-xetex.def
File: pgfsys-xetex.def 2023-01-15 v3.1.10 (3.1.10)
 (c:/Users/MDXR/AppData/Roaming/TinyTeX/texmf-dist/tex/generic/pgf/systemlayer/pgfsys-dvipdfmx.def
File: pgfsys-dvipdfmx.def 2023-01-15 v3.1.10 (3.1.10)
 (c:/Users/MDXR/AppData/Roaming/TinyTeX/texmf-dist/tex/generic/pgf/systemlayer/pgfsys-common-pdf.def
File: pgfsys-common-pdf.def 2023-01-15 v3.1.10 (3.1.10)
)
\pgfsys@objnum=\count270
))) (c:/Users/MDXR/AppData/Roaming/TinyTeX/texmf-dist/tex/generic/pgf/systemlayer/pgfsyssoftpath.code.tex
File: pgfsyssoftpath.code.tex 2023-01-15 v3.1.10 (3.1.10)
\pgfsyssoftpath@smallbuffer@items=\count271
\pgfsyssoftpath@bigbuffer@items=\count272
) (c:/Users/MDXR/AppData/Roaming/TinyTeX/texmf-dist/tex/generic/pgf/systemlayer/pgfsysprotocol.code.tex
File: pgfsysprotocol.code.tex 2023-01-15 v3.1.10 (3.1.10)
)) (c:/Users/MDXR/AppData/Roaming/TinyTeX/texmf-dist/tex/latex/xcolor/xcolor.sty
Package: xcolor 2023/11/15 v3.01 LaTeX color extensions (UK)
 (c:/Users/MDXR/AppData/Roaming/TinyTeX/texmf-dist/tex/latex/graphics-cfg/color.cfg
File: color.cfg 2016/01/02 v1.6 sample color configuration
)
Package xcolor Info: Driver file: xetex.def on input line 274.
LaTeX Info: Redefining \color on input line 758.
 (c:/Users/MDXR/AppData/Roaming/TinyTeX/texmf-dist/tex/latex/graphics/mathcolor.ltx)
Package xcolor Info: Model `cmy' substituted by `cmy0' on input line 1350.
Package xcolor Info: Model `RGB' extended on input line 1366.
Package xcolor Info: Model `HTML' substituted by `rgb' on input line 1368.
Package xcolor Info: Model `Hsb' substituted by `hsb' on input line 1369.
Package xcolor Info: Model `tHsb' substituted by `hsb' on input line 1370.
Package xcolor Info: Model `HSB' substituted by `hsb' on input line 1371.
Package xcolor Info: Model `Gray' substituted by `gray' on input line 1372.
Package xcolor Info: Model `wave' substituted by `hsb' on input line 1373.
) (c:/Users/MDXR/AppData/Roaming/TinyTeX/texmf-dist/tex/generic/pgf/basiclayer/pgfcore.code.tex
Package: pgfcore 2023-01-15 v3.1.10 (3.1.10)
 (c:/Users/MDXR/AppData/Roaming/TinyTeX/texmf-dist/tex/generic/pgf/math/pgfmath.code.tex (c:/Users/MDXR/AppData/Roaming/TinyTeX/texmf-dist/tex/generic/pgf/math/pgfmathutil.code.tex) (c:/Users/MDXR/AppData/Roaming/TinyTeX/texmf-dist/tex/generic/pgf/math/pgfmathparser.code.tex
\pgfmath@dimen=\dimen156
\pgfmath@count=\count273
\pgfmath@box=\box53
\pgfmath@toks=\toks27
\pgfmath@stack@operand=\toks28
\pgfmath@stack@operation=\toks29
) (c:/Users/MDXR/AppData/Roaming/TinyTeX/texmf-dist/tex/generic/pgf/math/pgfmathfunctions.code.tex) (c:/Users/MDXR/AppData/Roaming/TinyTeX/texmf-dist/tex/generic/pgf/math/pgfmathfunctions.basic.code.tex) (c:/Users/MDXR/AppData/Roaming/TinyTeX/texmf-dist/tex/generic/pgf/math/pgfmathfunctions.trigonometric.code.tex) (c:/Users/MDXR/AppData/Roaming/TinyTeX/texmf-dist/tex/generic/pgf/math/pgfmathfunctions.random.code.tex) (c:/Users/MDXR/AppData/Roaming/TinyTeX/texmf-dist/tex/generic/pgf/math/pgfmathfunctions.comparison.code.tex) (c:/Users/MDXR/AppData/Roaming/TinyTeX/texmf-dist/tex/generic/pgf/math/pgfmathfunctions.base.code.tex) (c:/Users/MDXR/AppData/Roaming/TinyTeX/texmf-dist/tex/generic/pgf/math/pgfmathfunctions.round.code.tex) (c:/Users/MDXR/AppData/Roaming/TinyTeX/texmf-dist/tex/generic/pgf/math/pgfmathfunctions.misc.code.tex) (c:/Users/MDXR/AppData/Roaming/TinyTeX/texmf-dist/tex/generic/pgf/math/pgfmathfunctions.integerarithmetics.code.tex) (c:/Users/MDXR/AppData/Roaming/TinyTeX/texmf-dist/tex/generic/pgf/math/pgfmathcalc.code.tex) (c:/Users/MDXR/AppData/Roaming/TinyTeX/texmf-dist/tex/generic/pgf/math/pgfmathfloat.code.tex
\c@pgfmathroundto@lastzeros=\count274
)) (c:/Users/MDXR/AppData/Roaming/TinyTeX/texmf-dist/tex/generic/pgf/math/pgfint.code.tex) (c:/Users/MDXR/AppData/Roaming/TinyTeX/texmf-dist/tex/generic/pgf/basiclayer/pgfcorepoints.code.tex
File: pgfcorepoints.code.tex 2023-01-15 v3.1.10 (3.1.10)
\pgf@picminx=\dimen157
\pgf@picmaxx=\dimen158
\pgf@picminy=\dimen159
\pgf@picmaxy=\dimen160
\pgf@pathminx=\dimen161
\pgf@pathmaxx=\dimen162
\pgf@pathminy=\dimen163
\pgf@pathmaxy=\dimen164
\pgf@xx=\dimen165
\pgf@xy=\dimen166
\pgf@yx=\dimen167
\pgf@yy=\dimen168
\pgf@zx=\dimen169
\pgf@zy=\dimen170
) (c:/Users/MDXR/AppData/Roaming/TinyTeX/texmf-dist/tex/generic/pgf/basiclayer/pgfcorepathconstruct.code.tex
File: pgfcorepathconstruct.code.tex 2023-01-15 v3.1.10 (3.1.10)
\pgf@path@lastx=\dimen171
\pgf@path@lasty=\dimen172
) (c:/Users/MDXR/AppData/Roaming/TinyTeX/texmf-dist/tex/generic/pgf/basiclayer/pgfcorepathusage.code.tex
File: pgfcorepathusage.code.tex 2023-01-15 v3.1.10 (3.1.10)
\pgf@shorten@end@additional=\dimen173
\pgf@shorten@start@additional=\dimen174
) (c:/Users/MDXR/AppData/Roaming/TinyTeX/texmf-dist/tex/generic/pgf/basiclayer/pgfcorescopes.code.tex
File: pgfcorescopes.code.tex 2023-01-15 v3.1.10 (3.1.10)
\pgfpic=\box54
\pgf@hbox=\box55
\pgf@layerbox@main=\box56
\pgf@picture@serial@count=\count275
) (c:/Users/MDXR/AppData/Roaming/TinyTeX/texmf-dist/tex/generic/pgf/basiclayer/pgfcoregraphicstate.code.tex
File: pgfcoregraphicstate.code.tex 2023-01-15 v3.1.10 (3.1.10)
\pgflinewidth=\dimen175
) (c:/Users/MDXR/AppData/Roaming/TinyTeX/texmf-dist/tex/generic/pgf/basiclayer/pgfcoretransformations.code.tex
File: pgfcoretransformations.code.tex 2023-01-15 v3.1.10 (3.1.10)
\pgf@pt@x=\dimen176
\pgf@pt@y=\dimen177
\pgf@pt@temp=\dimen178
) (c:/Users/MDXR/AppData/Roaming/TinyTeX/texmf-dist/tex/generic/pgf/basiclayer/pgfcorequick.code.tex
File: pgfcorequick.code.tex 2023-01-15 v3.1.10 (3.1.10)
) (c:/Users/MDXR/AppData/Roaming/TinyTeX/texmf-dist/tex/generic/pgf/basiclayer/pgfcoreobjects.code.tex
File: pgfcoreobjects.code.tex 2023-01-15 v3.1.10 (3.1.10)
) (c:/Users/MDXR/AppData/Roaming/TinyTeX/texmf-dist/tex/generic/pgf/basiclayer/pgfcorepathprocessing.code.tex
File: pgfcorepathprocessing.code.tex 2023-01-15 v3.1.10 (3.1.10)
) (c:/Users/MDXR/AppData/Roaming/TinyTeX/texmf-dist/tex/generic/pgf/basiclayer/pgfcorearrows.code.tex
File: pgfcorearrows.code.tex 2023-01-15 v3.1.10 (3.1.10)
\pgfarrowsep=\dimen179
) (c:/Users/MDXR/AppData/Roaming/TinyTeX/texmf-dist/tex/generic/pgf/basiclayer/pgfcoreshade.code.tex
File: pgfcoreshade.code.tex 2023-01-15 v3.1.10 (3.1.10)
\pgf@max=\dimen180
\pgf@sys@shading@range@num=\count276
\pgf@shadingcount=\count277
) (c:/Users/MDXR/AppData/Roaming/TinyTeX/texmf-dist/tex/generic/pgf/basiclayer/pgfcoreimage.code.tex
File: pgfcoreimage.code.tex 2023-01-15 v3.1.10 (3.1.10)
) (c:/Users/MDXR/AppData/Roaming/TinyTeX/texmf-dist/tex/generic/pgf/basiclayer/pgfcoreexternal.code.tex
File: pgfcoreexternal.code.tex 2023-01-15 v3.1.10 (3.1.10)
\pgfexternal@startupbox=\box57
) (c:/Users/MDXR/AppData/Roaming/TinyTeX/texmf-dist/tex/generic/pgf/basiclayer/pgfcorelayers.code.tex
File: pgfcorelayers.code.tex 2023-01-15 v3.1.10 (3.1.10)
) (c:/Users/MDXR/AppData/Roaming/TinyTeX/texmf-dist/tex/generic/pgf/basiclayer/pgfcoretransparency.code.tex
File: pgfcoretransparency.code.tex 2023-01-15 v3.1.10 (3.1.10)
) (c:/Users/MDXR/AppData/Roaming/TinyTeX/texmf-dist/tex/generic/pgf/basiclayer/pgfcorepatterns.code.tex
File: pgfcorepatterns.code.tex 2023-01-15 v3.1.10 (3.1.10)
) (c:/Users/MDXR/AppData/Roaming/TinyTeX/texmf-dist/tex/generic/pgf/basiclayer/pgfcorerdf.code.tex
File: pgfcorerdf.code.tex 2023-01-15 v3.1.10 (3.1.10)
))) (c:/Users/MDXR/AppData/Roaming/TinyTeX/texmf-dist/tex/generic/pgf/modules/pgfmoduleshapes.code.tex
File: pgfmoduleshapes.code.tex 2023-01-15 v3.1.10 (3.1.10)
\pgfnodeparttextbox=\box58
) (c:/Users/MDXR/AppData/Roaming/TinyTeX/texmf-dist/tex/generic/pgf/modules/pgfmoduleplot.code.tex
File: pgfmoduleplot.code.tex 2023-01-15 v3.1.10 (3.1.10)
) (c:/Users/MDXR/AppData/Roaming/TinyTeX/texmf-dist/tex/latex/pgf/compatibility/pgfcomp-version-0-65.sty
Package: pgfcomp-version-0-65 2023-01-15 v3.1.10 (3.1.10)
\pgf@nodesepstart=\dimen181
\pgf@nodesepend=\dimen182
) (c:/Users/MDXR/AppData/Roaming/TinyTeX/texmf-dist/tex/latex/pgf/compatibility/pgfcomp-version-1-18.sty
Package: pgfcomp-version-1-18 2023-01-15 v3.1.10 (3.1.10)
)) (c:/Users/MDXR/AppData/Roaming/TinyTeX/texmf-dist/tex/latex/pgf/utilities/pgffor.sty (c:/Users/MDXR/AppData/Roaming/TinyTeX/texmf-dist/tex/latex/pgf/utilities/pgfkeys.sty (c:/Users/MDXR/AppData/Roaming/TinyTeX/texmf-dist/tex/generic/pgf/utilities/pgfkeys.code.tex)) (c:/Users/MDXR/AppData/Roaming/TinyTeX/texmf-dist/tex/latex/pgf/math/pgfmath.sty (c:/Users/MDXR/AppData/Roaming/TinyTeX/texmf-dist/tex/generic/pgf/math/pgfmath.code.tex)) (c:/Users/MDXR/AppData/Roaming/TinyTeX/texmf-dist/tex/generic/pgf/utilities/pgffor.code.tex
Package: pgffor 2023-01-15 v3.1.10 (3.1.10)
\pgffor@iter=\dimen183
\pgffor@skip=\dimen184
\pgffor@stack=\toks30
\pgffor@toks=\toks31
)) (c:/Users/MDXR/AppData/Roaming/TinyTeX/texmf-dist/tex/generic/pgf/frontendlayer/tikz/tikz.code.tex
Package: tikz 2023-01-15 v3.1.10 (3.1.10)
 (c:/Users/MDXR/AppData/Roaming/TinyTeX/texmf-dist/tex/generic/pgf/libraries/pgflibraryplothandlers.code.tex
File: pgflibraryplothandlers.code.tex 2023-01-15 v3.1.10 (3.1.10)
\pgf@plot@mark@count=\count278
\pgfplotmarksize=\dimen185
)
\tikz@lastx=\dimen186
\tikz@lasty=\dimen187
\tikz@lastxsaved=\dimen188
\tikz@lastysaved=\dimen189
\tikz@lastmovetox=\dimen190
\tikz@lastmovetoy=\dimen191
\tikzleveldistance=\dimen192
\tikzsiblingdistance=\dimen193
\tikz@figbox=\box59
\tikz@figbox@bg=\box60
\tikz@tempbox=\box61
\tikz@tempbox@bg=\box62
\tikztreelevel=\count279
\tikznumberofchildren=\count280
\tikznumberofcurrentchild=\count281
\tikz@fig@count=\count282
 (c:/Users/MDXR/AppData/Roaming/TinyTeX/texmf-dist/tex/generic/pgf/modules/pgfmodulematrix.code.tex
File: pgfmodulematrix.code.tex 2023-01-15 v3.1.10 (3.1.10)
\pgfmatrixcurrentrow=\count283
\pgfmatrixcurrentcolumn=\count284
\pgf@matrix@numberofcolumns=\count285
)
\tikz@expandcount=\count286
 (c:/Users/MDXR/AppData/Roaming/TinyTeX/texmf-dist/tex/generic/pgf/frontendlayer/tikz/libraries/tikzlibrarytopaths.code.tex
File: tikzlibrarytopaths.code.tex 2023-01-15 v3.1.10 (3.1.10)
))) (c:/Users/MDXR/AppData/Roaming/TinyTeX/texmf-dist/tex/latex/mdframed/md-frame-1.mdf
File: md-frame-1.mdf 2013/07/01\ 1.9b: md-frame-1
)
\mdf@frametitlebox=\box63
\mdf@footnotebox=\box64
\mdf@splitbox@one=\box65
\mdf@splitbox@two=\box66
\mdf@splitbox@save=\box67
\mdfsplitboxwidth=\skip90
\mdfsplitboxtotalwidth=\skip91
\mdfsplitboxheight=\skip92
\mdfsplitboxdepth=\skip93
\mdfsplitboxtotalheight=\skip94
\mdfframetitleboxwidth=\skip95
\mdfframetitleboxtotalwidth=\skip96
\mdfframetitleboxheight=\skip97
\mdfframetitleboxdepth=\skip98
\mdfframetitleboxtotalheight=\skip99
\mdffootnoteboxwidth=\skip100
\mdffootnoteboxtotalwidth=\skip101
\mdffootnoteboxheight=\skip102
\mdffootnoteboxdepth=\skip103
\mdffootnoteboxtotalheight=\skip104
\mdftotallinewidth=\skip105
\mdfboundingboxwidth=\skip106
\mdfboundingboxtotalwidth=\skip107
\mdfboundingboxheight=\skip108
\mdfboundingboxdepth=\skip109
\mdfboundingboxtotalheight=\skip110
\mdf@freevspace@length=\skip111
\mdf@horizontalwidthofbox@length=\skip112
\mdf@verticalmarginwhole@length=\skip113
\mdf@horizontalspaceofbox=\skip114
\mdfsubtitleheight=\skip115
\mdfsubsubtitleheight=\skip116
\c@mdfcountframes=\count287

****** mdframed patching \endmdf@trivlist

****** -- success******

\mdf@envdepth=\count288
\c@mdf@env@i=\count289
\c@mdf@env@ii=\count290
\c@mdf@zref@counter=\count291
Package zref Info: New property: mdf@pagevalue on input line 895.
) (c:/Users/MDXR/AppData/Roaming/TinyTeX/texmf-dist/tex/latex/xifthen/xifthen.sty
Package: xifthen 2015/11/05 v1.4.0 Extended ifthen features
 (c:/Users/MDXR/AppData/Roaming/TinyTeX/texmf-dist/tex/latex/tools/calc.sty
Package: calc 2023/07/08 v4.3 Infix arithmetic (KKT,FJ)
\calc@Acount=\count292
\calc@Bcount=\count293
\calc@Adimen=\dimen194
\calc@Bdimen=\dimen195
\calc@Askip=\skip117
\calc@Bskip=\skip118
LaTeX Info: Redefining \setlength on input line 80.
LaTeX Info: Redefining \addtolength on input line 81.
\calc@Ccount=\count294
\calc@Cskip=\skip119
) (c:/Users/MDXR/AppData/Roaming/TinyTeX/texmf-dist/tex/latex/base/ifthen.sty
Package: ifthen 2022/04/13 v1.1d Standard LaTeX ifthen package (DPC)
) (c:/Users/MDXR/AppData/Roaming/TinyTeX/texmf-dist/tex/latex/ifmtarg/ifmtarg.sty
Package: ifmtarg 2018/04/16 v1.2b check for an empty argument
)) (c:/Users/MDXR/AppData/Roaming/TinyTeX/texmf-dist/tex/latex/tools/array.sty
Package: array 2023/10/16 v2.5g Tabular extension package (FMi)
\col@sep=\dimen196
\ar@mcellbox=\box68
\extrarowheight=\dimen197
\NC@list=\toks32
\extratabsurround=\skip120
\backup@length=\skip121
\ar@cellbox=\box69
) (c:/Users/MDXR/AppData/Roaming/TinyTeX/texmf-dist/tex/generic/oberdiek/iflang.sty
Package: iflang 2018/01/21 v1.7 Checks for the current language (HO)
Package iflang Info: Naming convention for patterns: babel.
) (c:/Users/MDXR/AppData/Roaming/TinyTeX/texmf-dist/tex/latex/fontawesome5/fontawesome5.sty
Package: fontawesome5 2022/05/02 v5.15.4 Font Awesome 5
 (c:/Users/MDXR/AppData/Roaming/TinyTeX/texmf-dist/tex/latex/l3packages/l3keys2e/l3keys2e.sty
Package: l3keys2e 2024-03-14 LaTeX2e option processing using LaTeX3 keys
) (c:/Users/MDXR/AppData/Roaming/TinyTeX/texmf-dist/tex/latex/fontawesome5/fontawesome5-utex-helper.sty
Package: fontawesome5-utex-helper 2022/05/02 v5.15.4 uTeX helper for fontawesome5
LaTeX Font Info:    Trying to load font information for TU+fontawesomefree on input line 69.
 (c:/Users/MDXR/AppData/Roaming/TinyTeX/texmf-dist/tex/latex/fontawesome5/tufontawesomefree.fd)
LaTeX Font Info:    Trying to load font information for TU+fontawesomebrands on input line 70.
 (c:/Users/MDXR/AppData/Roaming/TinyTeX/texmf-dist/tex/latex/fontawesome5/tufontawesomebrands.fd))) (c:/Users/MDXR/AppData/Roaming/TinyTeX/texmf-dist/tex/latex/ragged2e/ragged2e.sty
Package: ragged2e 2023/06/22 v3.6 ragged2e Package
\CenteringLeftskip=\skip122
\RaggedLeftLeftskip=\skip123
\RaggedRightLeftskip=\skip124
\CenteringRightskip=\skip125
\RaggedLeftRightskip=\skip126
\RaggedRightRightskip=\skip127
\CenteringParfillskip=\skip128
\RaggedLeftParfillskip=\skip129
\RaggedRightParfillskip=\skip130
\JustifyingParfillskip=\skip131
\CenteringParindent=\skip132
\RaggedLeftParindent=\skip133
\RaggedRightParindent=\skip134
\JustifyingParindent=\skip135
)
(c:/Users/MDXR/AppData/Roaming/TinyTeX/texmf-dist/tex/latex/caption/subcaption.sty
Package: subcaption 2023/07/28 v1.6b Sub-captions (AR)
 (c:/Users/MDXR/AppData/Roaming/TinyTeX/texmf-dist/tex/latex/caption/caption.sty
Package: caption 2023/08/05 v3.6o Customizing captions (AR)
 (c:/Users/MDXR/AppData/Roaming/TinyTeX/texmf-dist/tex/latex/caption/caption3.sty
Package: caption3 2023/07/31 v2.4d caption3 kernel (AR)
\caption@tempdima=\dimen198
\captionmargin=\dimen199
\caption@leftmargin=\dimen256
\caption@rightmargin=\dimen257
\caption@width=\dimen258
\caption@indent=\dimen259
\caption@parindent=\dimen260
\caption@hangindent=\dimen261
Package caption Info: Standard document class detected.
)
\c@caption@flags=\count295
\c@continuedfloat=\count296
)
Package caption Info: New subtype `subfigure' on input line 238.
\c@subfigure=\count297
Package caption Info: New subtype `subtable' on input line 238.
\c@subtable=\count298
) (c:/Users/MDXR/AppData/Roaming/TinyTeX/texmf-dist/tex/latex/preprint/balance.sty
Package: balance 1999/02/23 4.3 (PWD)
\oldvsize=\dimen262
) (./rho-class/rhobabel.sty
Package: rho-class/rhobabel 15/04/2026 Rhobabel LaTeX2e package
) (./rho-class/rhoenvs.sty
Package: rho-class/rhoenvs 24/02/2026 Rhoenvs LaTeX2e package
) (c:/Users/MDXR/AppData/Roaming/TinyTeX/texmf-dist/tex/latex/base/fontenc.sty
Package: fontenc 2021/04/29 v2.0v Standard LaTeX package
LaTeX Font Info:    Trying to load font information for T1+lmr on input line 112.
 (c:/Users/MDXR/AppData/Roaming/TinyTeX/texmf-dist/tex/latex/lm/t1lmr.fd
File: t1lmr.fd 2015/05/01 v1.6.1 Font defs for Latin Modern
)) (c:/Users/MDXR/AppData/Roaming/TinyTeX/texmf-dist/tex/latex/stix2-type1/stix2.sty
Package: stix2 2021/01/14 v2.0.2-latex STIX Two fonts support package
LaTeX Font Info:    Redeclaring symbol font `letters' on input line 78.
LaTeX Font Info:    Encoding `OML' has changed to `LS1' for symbol font
(Font)              `letters' in the math version `normal' on input line 78.
LaTeX Font Info:    Overwriting symbol font `letters' in version `normal'
(Font)                  OML/cmm/m/it --> LS1/stix2/m/it on input line 78.
LaTeX Font Info:    Encoding `OML' has changed to `LS1' for symbol font
(Font)              `letters' in the math version `bold' on input line 78.
LaTeX Font Info:    Overwriting symbol font `letters' in version `bold'
(Font)                  OML/cmm/b/it --> LS1/stix2/m/it on input line 78.
LaTeX Font Info:    Redeclaring symbol font `operators' on input line 79.
LaTeX Font Info:    Encoding `OT1' has changed to `LS1' for symbol font
(Font)              `operators' in the math version `normal' on input line 79.
LaTeX Font Info:    Overwriting symbol font `operators' in version `normal'
(Font)                  OT1/cmr/m/n --> LS1/stix2/m/n on input line 79.
LaTeX Font Info:    Encoding `OT1' has changed to `LS1' for symbol font
(Font)              `operators' in the math version `bold' on input line 79.
LaTeX Font Info:    Overwriting symbol font `operators' in version `bold'
(Font)                  OT1/cmr/bx/n --> LS1/stix2/m/n on input line 79.
\symbold-operators=\mathgroup4
LaTeX Font Info:    Redeclaring symbol font `symbols' on input line 81.
LaTeX Font Info:    Encoding `OMS' has changed to `LS1' for symbol font
(Font)              `symbols' in the math version `normal' on input line 81.
LaTeX Font Info:    Overwriting symbol font `symbols' in version `normal'
(Font)                  OMS/cmsy/m/n --> LS1/stix2scr/m/n on input line 81.
LaTeX Font Info:    Encoding `OMS' has changed to `LS1' for symbol font
(Font)              `symbols' in the math version `bold' on input line 81.
LaTeX Font Info:    Overwriting symbol font `symbols' in version `bold'
(Font)                  OMS/cmsy/b/n --> LS1/stix2scr/m/n on input line 81.
\symsymbols2=\mathgroup5
\symsymbols3=\mathgroup6
\symsymbols4=\mathgroup7
\symintegrals=\mathgroup8
LaTeX Font Info:    Redeclaring symbol font `largesymbols' on input line 86.
LaTeX Font Info:    Encoding `OMX' has changed to `LS2' for symbol font
(Font)              `largesymbols' in the math version `normal' on input line 86.
LaTeX Font Info:    Overwriting symbol font `largesymbols' in version `normal'
(Font)                  OMX/cmex/m/n --> LS2/stix2ex/m/n on input line 86.
LaTeX Font Info:    Encoding `OMX' has changed to `LS2' for symbol font
(Font)              `largesymbols' in the math version `bold' on input line 86.
LaTeX Font Info:    Overwriting symbol font `largesymbols' in version `bold'
(Font)                  OMX/cmex/m/n --> LS2/stix2ex/m/n on input line 86.
\symarrows1=\mathgroup9
\symarrows2=\mathgroup10
\symarrows3=\mathgroup11
LaTeX Font Info:    Overwriting symbol font `letters' in version `bold'
(Font)                  LS1/stix2/m/it --> LS1/stix2/b/it on input line 90.
LaTeX Font Info:    Overwriting symbol font `operators' in version `bold'
(Font)                  LS1/stix2/m/n --> LS1/stix2/b/n on input line 91.
LaTeX Font Info:    Overwriting symbol font `symbols' in version `bold'
(Font)                  LS1/stix2scr/m/n --> LS1/stix2scr/b/n on input line 92.
LaTeX Font Info:    Overwriting symbol font `symbols2' in version `bold'
(Font)                  LS1/stix2frak/m/n --> LS1/stix2frak/b/n on input line 93.
LaTeX Font Info:    Overwriting symbol font `symbols3' in version `bold'
(Font)                  LS1/stix2bb/m/n --> LS1/stix2bb/b/n on input line 94.
LaTeX Font Info:    Overwriting symbol font `symbols4' in version `bold'
(Font)                  LS1/stix2bb/m/it --> LS1/stix2bb/b/it on input line 95.
LaTeX Font Info:    Overwriting symbol font `integrals' in version `bold'
(Font)                  LS2/stix2cal/m/n --> LS2/stix2cal/b/n on input line 96.
LaTeX Font Info:    Overwriting symbol font `largesymbols' in version `bold'
(Font)                  LS2/stix2ex/m/n --> LS2/stix2ex/b/n on input line 97.
LaTeX Font Info:    Overwriting symbol font `arrows1' in version `bold'
(Font)                  LS1/stix2sf/m/n --> LS1/stix2sf/b/n on input line 98.
LaTeX Font Info:    Overwriting symbol font `arrows2' in version `bold'
(Font)                  LS1/stix2sf/m/it --> LS1/stix2sf/b/it on input line 99.
LaTeX Font Info:    Overwriting symbol font `arrows3' in version `bold'
(Font)                  LS2/stix2tt/m/n --> LS2/stix2tt/b/n on input line 100.
LaTeX Font Info:    Redeclaring math alphabet \mathit on input line 101.
LaTeX Font Info:    Redeclaring math alphabet \mathsf on input line 107.
LaTeX Font Info:    Redeclaring math alphabet \mathtt on input line 109.
LaTeX Font Info:    Redeclaring math alphabet \mathbf on input line 110.
LaTeX Font Info:    Redeclaring math symbol \hbar on input line 226.
LaTeX Font Info:    Redeclaring math accent \grave on input line 697.
LaTeX Font Info:    Redeclaring math accent \acute on input line 698.
LaTeX Font Info:    Redeclaring math accent \hat on input line 699.
LaTeX Font Info:    Redeclaring math accent \tilde on input line 700.
LaTeX Font Info:    Redeclaring math accent \bar on input line 701.
LaTeX Font Info:    Redeclaring math accent \breve on input line 702.
LaTeX Font Info:    Redeclaring math accent \dot on input line 703.
LaTeX Font Info:    Redeclaring math accent \ddot on input line 704.
LaTeX Font Info:    Redeclaring math accent \mathring on input line 706.
LaTeX Font Info:    Redeclaring math accent \check on input line 707.
LaTeX Font Info:    Redeclaring math accent \vec on input line 715.
LaTeX Font Info:    Redeclaring math accent \widehat on input line 727.
LaTeX Font Info:    Redeclaring math accent \widetilde on input line 728.
LaTeX Info: Redefining \vdots on input line 1517.
LaTeX Info: Redefining \cdots on input line 1521.
LaTeX Font Info:    Redeclaring math symbol \mathsterling on input line 1977.
LaTeX Info: Redefining \not on input line 2141.
) (c:/Users/MDXR/AppData/Roaming/TinyTeX/texmf-dist/tex/latex/fira/FiraSans.sty
Package: FiraSans 2022/09/17 (Bob Tennent and autoinst) Style file for Fira Sans fonts.
 (c:/Users/MDXR/AppData/Roaming/TinyTeX/texmf-dist/tex/generic/iftex/ifxetex.sty
Package: ifxetex 2019/10/25 v0.7 ifxetex legacy package. Use iftex instead.
) (c:/Users/MDXR/AppData/Roaming/TinyTeX/texmf-dist/tex/generic/iftex/ifluatex.sty
Package: ifluatex 2019/10/25 v1.5 ifluatex legacy package. Use iftex instead.
) (c:/Users/MDXR/AppData/Roaming/TinyTeX/texmf-dist/tex/latex/xkeyval/xkeyval.sty
Package: xkeyval 2022/06/16 v2.9 package option processing (HA)
 (c:/Users/MDXR/AppData/Roaming/TinyTeX/texmf-dist/tex/generic/xkeyval/xkeyval.tex (c:/Users/MDXR/AppData/Roaming/TinyTeX/texmf-dist/tex/generic/xkeyval/xkvutils.tex
\XKV@toks=\toks33
\XKV@tempa@toks=\toks34
)
\XKV@depth=\count299
File: xkeyval.tex 2014/12/03 v2.7a key=value parser (HA)
)) (c:/Users/MDXR/AppData/Roaming/TinyTeX/texmf-dist/tex/latex/base/textcomp.sty
Package: textcomp 2020/02/02 v2.0n Standard LaTeX package
) (c:/Users/MDXR/AppData/Roaming/TinyTeX/texmf-dist/tex/latex/fontspec/fontspec.sty
Package: fontspec 2024/02/13 v2.9a Font selection for XeLaTeX and LuaLaTeX
 (c:/Users/MDXR/AppData/Roaming/TinyTeX/texmf-dist/tex/latex/fontspec/fontspec-xetex.sty
Package: fontspec-xetex 2024/02/13 v2.9a Font selection for XeLaTeX and LuaLaTeX
\l__fontspec_script_int=\count300
\l__fontspec_language_int=\count301
\l__fontspec_strnum_int=\count302
\l__fontspec_tmp_int=\count303
\l__fontspec_tmpa_int=\count304
\l__fontspec_tmpb_int=\count305
\l__fontspec_tmpc_int=\count306
\l__fontspec_em_int=\count307
\l__fontspec_emdef_int=\count308
\l__fontspec_strong_int=\count309
\l__fontspec_strongdef_int=\count310
\l__fontspec_tmpa_dim=\dimen263
\l__fontspec_tmpb_dim=\dimen264
\l__fontspec_tmpc_dim=\dimen265
 (c:/Users/MDXR/AppData/Roaming/TinyTeX/texmf-dist/tex/latex/base/fontenc.sty
Package: fontenc 2021/04/29 v2.0v Standard LaTeX package
) (c:/Users/MDXR/AppData/Roaming/TinyTeX/texmf-dist/tex/latex/fontspec/fontspec.cfg)))

Package fontspec Info: FiraSans-Regular scale = 1.


Package fontspec Info: FiraSans-Regular scale = 1.


Package fontspec Info: FiraSans-Regular scale = 1.


Package fontspec Info: FiraSans-Bold scale = 1.


Package fontspec Info: FiraSans-Bold scale = 1.


Package fontspec Info: FiraSans-Italic scale = 1.


Package fontspec Info: FiraSans-Italic scale = 1.


Package fontspec Info: FiraSans-BoldItalic scale = 1.


Package fontspec Info: FiraSans-BoldItalic scale = 1.


Package fontspec Info: Font family 'FiraSans(0)' created for font 'FiraSans'
(fontspec)             with options [Ligatures = TeX,Scale = 1,Extension =
(fontspec)             .otf,Ligatures=TeX,Numbers =
(fontspec)             {Proportional,OldStyle},UprightFont =
(fontspec)             *-Regular,ItalicFont = *-Italic,BoldFont =
(fontspec)             *-Bold,BoldItalicFont = *-BoldItalic].
(fontspec)              
(fontspec)              This font family consists of the following NFSS
(fontspec)             series/shapes:
(fontspec)              
(fontspec)             - 'normal' (m/n) with NFSS spec.:
(fontspec)             <->s*[1]"[FiraSans-Regular.otf]/OT:script=latn;language=dflt;+pnum;+onum;mapping=tex-text;"
(fontspec)             - 'small caps'  (m/sc) with NFSS spec.:
(fontspec)             <->s*[1]"[FiraSans-Regular.otf]/OT:script=latn;language=dflt;+pnum;+onum;+smcp;mapping=tex-text;"
(fontspec)             - 'bold' (b/n) with NFSS spec.:
(fontspec)             <->s*[1]"[FiraSans-Bold.otf]/OT:script=latn;language=dflt;+pnum;+onum;mapping=tex-text;"
(fontspec)             - 'bold small caps'  (b/sc) with NFSS spec.:
(fontspec)             <->s*[1]"[FiraSans-Bold.otf]/OT:script=latn;language=dflt;+pnum;+onum;+smcp;mapping=tex-text;"
(fontspec)             - 'italic' (m/it) with NFSS spec.:
(fontspec)             <->s*[1]"[FiraSans-Italic.otf]/OT:script=latn;language=dflt;+pnum;+onum;mapping=tex-text;"
(fontspec)             - 'italic small caps'  (m/scit) with NFSS spec.:
(fontspec)             <->s*[1]"[FiraSans-Italic.otf]/OT:script=latn;language=dflt;+pnum;+onum;+smcp;mapping=tex-text;"
(fontspec)             - 'bold italic' (b/it) with NFSS spec.:
(fontspec)             <->s*[1]"[FiraSans-BoldItalic.otf]/OT:script=latn;language=dflt;+pnum;+onum;mapping=tex-text;"
(fontspec)             - 'bold italic small caps'  (b/scit) with NFSS spec.:
(fontspec)             <->s*[1]"[FiraSans-BoldItalic.otf]/OT:script=latn;language=dflt;+pnum;+onum;+smcp;mapping=tex-text;"


Package fontspec Info: FiraSans-Regular scale = 1.


Package fontspec Info: FiraSans-Regular scale = 1.


Package fontspec Info: FiraSans-Regular scale = 1.


Package fontspec Info: FiraSans-Bold scale = 1.


Package fontspec Info: FiraSans-Bold scale = 1.


Package fontspec Info: FiraSans-Italic scale = 1.


Package fontspec Info: FiraSans-Italic scale = 1.


Package fontspec Info: FiraSans-BoldItalic scale = 1.


Package fontspec Info: FiraSans-BoldItalic scale = 1.


Package fontspec Info: Font family 'FiraSans(1)' created for font 'FiraSans'
(fontspec)             with options [Ligatures = TeX,Scale = 1,Extension =
(fontspec)             .otf,Numbers = {Proportional,OldStyle},UprightFont =
(fontspec)             *-Regular,ItalicFont = *-Italic,BoldFont =
(fontspec)             *-Bold,BoldItalicFont = *-BoldItalic].
(fontspec)              
(fontspec)              This font family consists of the following NFSS
(fontspec)             series/shapes:
(fontspec)              
(fontspec)             - 'normal' (m/n) with NFSS spec.:
(fontspec)             <->s*[1]"[FiraSans-Regular.otf]/OT:script=latn;language=dflt;+pnum;+onum;mapping=tex-text;"
(fontspec)             - 'small caps'  (m/sc) with NFSS spec.:
(fontspec)             <->s*[1]"[FiraSans-Regular.otf]/OT:script=latn;language=dflt;+pnum;+onum;+smcp;mapping=tex-text;"
(fontspec)             - 'bold' (b/n) with NFSS spec.:
(fontspec)             <->s*[1]"[FiraSans-Bold.otf]/OT:script=latn;language=dflt;+pnum;+onum;mapping=tex-text;"
(fontspec)             - 'bold small caps'  (b/sc) with NFSS spec.:
(fontspec)             <->s*[1]"[FiraSans-Bold.otf]/OT:script=latn;language=dflt;+pnum;+onum;+smcp;mapping=tex-text;"
(fontspec)             - 'italic' (m/it) with NFSS spec.:
(fontspec)             <->s*[1]"[FiraSans-Italic.otf]/OT:script=latn;language=dflt;+pnum;+onum;mapping=tex-text;"
(fontspec)             - 'italic small caps'  (m/scit) with NFSS spec.:
(fontspec)             <->s*[1]"[FiraSans-Italic.otf]/OT:script=latn;language=dflt;+pnum;+onum;+smcp;mapping=tex-text;"
(fontspec)             - 'bold italic' (b/it) with NFSS spec.:
(fontspec)             <->s*[1]"[FiraSans-BoldItalic.otf]/OT:script=latn;language=dflt;+pnum;+onum;mapping=tex-text;"
(fontspec)             - 'bold italic small caps'  (b/scit) with NFSS spec.:
(fontspec)             <->s*[1]"[FiraSans-BoldItalic.otf]/OT:script=latn;language=dflt;+pnum;+onum;+smcp;mapping=tex-text;"


Package fontspec Info: FiraSans-Regular scale = 1.


Package fontspec Info: FiraSans-Regular scale = 1.


Package fontspec Info: FiraSans-Regular scale = 1.


Package fontspec Info: FiraSans-Bold scale = 1.


Package fontspec Info: FiraSans-Bold scale = 1.


Package fontspec Info: FiraSans-Italic scale = 1.


Package fontspec Info: FiraSans-Italic scale = 1.


Package fontspec Info: FiraSans-BoldItalic scale = 1.


Package fontspec Info: FiraSans-BoldItalic scale = 1.


Package fontspec Info: Font family 'FiraSans(2)' created for font 'FiraSans'
(fontspec)             with options [Ligatures = TeX,Scale = 1,Extension =
(fontspec)             .otf,Numbers = {Proportional,Lining},UprightFont =
(fontspec)             *-Regular,ItalicFont = *-Italic,BoldFont =
(fontspec)             *-Bold,BoldItalicFont = *-BoldItalic].
(fontspec)              
(fontspec)              This font family consists of the following NFSS
(fontspec)             series/shapes:
(fontspec)              
(fontspec)             - 'normal' (m/n) with NFSS spec.:
(fontspec)             <->s*[1]"[FiraSans-Regular.otf]/OT:script=latn;language=dflt;+pnum;+lnum;mapping=tex-text;"
(fontspec)             - 'small caps'  (m/sc) with NFSS spec.:
(fontspec)             <->s*[1]"[FiraSans-Regular.otf]/OT:script=latn;language=dflt;+pnum;+lnum;+smcp;mapping=tex-text;"
(fontspec)             - 'bold' (b/n) with NFSS spec.:
(fontspec)             <->s*[1]"[FiraSans-Bold.otf]/OT:script=latn;language=dflt;+pnum;+lnum;mapping=tex-text;"
(fontspec)             - 'bold small caps'  (b/sc) with NFSS spec.:
(fontspec)             <->s*[1]"[FiraSans-Bold.otf]/OT:script=latn;language=dflt;+pnum;+lnum;+smcp;mapping=tex-text;"
(fontspec)             - 'italic' (m/it) with NFSS spec.:
(fontspec)             <->s*[1]"[FiraSans-Italic.otf]/OT:script=latn;language=dflt;+pnum;+lnum;mapping=tex-text;"
(fontspec)             - 'italic small caps'  (m/scit) with NFSS spec.:
(fontspec)             <->s*[1]"[FiraSans-Italic.otf]/OT:script=latn;language=dflt;+pnum;+lnum;+smcp;mapping=tex-text;"
(fontspec)             - 'bold italic' (b/it) with NFSS spec.:
(fontspec)             <->s*[1]"[FiraSans-BoldItalic.otf]/OT:script=latn;language=dflt;+pnum;+lnum;mapping=tex-text;"
(fontspec)             - 'bold italic small caps'  (b/scit) with NFSS spec.:
(fontspec)             <->s*[1]"[FiraSans-BoldItalic.otf]/OT:script=latn;language=dflt;+pnum;+lnum;+smcp;mapping=tex-text;"


Package fontspec Info: FiraSans-Regular scale = 1.


Package fontspec Info: FiraSans-Regular scale = 1.


Package fontspec Info: FiraSans-Regular scale = 1.


Package fontspec Info: FiraSans-Bold scale = 1.


Package fontspec Info: FiraSans-Bold scale = 1.


Package fontspec Info: FiraSans-Italic scale = 1.


Package fontspec Info: FiraSans-Italic scale = 1.


Package fontspec Info: FiraSans-BoldItalic scale = 1.


Package fontspec Info: FiraSans-BoldItalic scale = 1.


Package fontspec Info: Font family 'FiraSans(3)' created for font 'FiraSans'
(fontspec)             with options [Ligatures = TeX,Scale = 1,Extension =
(fontspec)             .otf,Numbers = {Monospaced,OldStyle},UprightFont =
(fontspec)             *-Regular,ItalicFont = *-Italic,BoldFont =
(fontspec)             *-Bold,BoldItalicFont = *-BoldItalic].
(fontspec)              
(fontspec)              This font family consists of the following NFSS
(fontspec)             series/shapes:
(fontspec)              
(fontspec)             - 'normal' (m/n) with NFSS spec.:
(fontspec)             <->s*[1]"[FiraSans-Regular.otf]/OT:script=latn;language=dflt;+tnum;+onum;mapping=tex-text;"
(fontspec)             - 'small caps'  (m/sc) with NFSS spec.:
(fontspec)             <->s*[1]"[FiraSans-Regular.otf]/OT:script=latn;language=dflt;+tnum;+onum;+smcp;mapping=tex-text;"
(fontspec)             - 'bold' (b/n) with NFSS spec.:
(fontspec)             <->s*[1]"[FiraSans-Bold.otf]/OT:script=latn;language=dflt;+tnum;+onum;mapping=tex-text;"
(fontspec)             - 'bold small caps'  (b/sc) with NFSS spec.:
(fontspec)             <->s*[1]"[FiraSans-Bold.otf]/OT:script=latn;language=dflt;+tnum;+onum;+smcp;mapping=tex-text;"
(fontspec)             - 'italic' (m/it) with NFSS spec.:
(fontspec)             <->s*[1]"[FiraSans-Italic.otf]/OT:script=latn;language=dflt;+tnum;+onum;mapping=tex-text;"
(fontspec)             - 'italic small caps'  (m/scit) with NFSS spec.:
(fontspec)             <->s*[1]"[FiraSans-Italic.otf]/OT:script=latn;language=dflt;+tnum;+onum;+smcp;mapping=tex-text;"
(fontspec)             - 'bold italic' (b/it) with NFSS spec.:
(fontspec)             <->s*[1]"[FiraSans-BoldItalic.otf]/OT:script=latn;language=dflt;+tnum;+onum;mapping=tex-text;"
(fontspec)             - 'bold italic small caps'  (b/scit) with NFSS spec.:
(fontspec)             <->s*[1]"[FiraSans-BoldItalic.otf]/OT:script=latn;language=dflt;+tnum;+onum;+smcp;mapping=tex-text;"


Package fontspec Info: FiraSans-Regular scale = 1.


Package fontspec Info: FiraSans-Thin scale = 1.


Package fontspec Info: FiraSans-Thin scale = 1.


Package fontspec Info: FiraSans-Thin scale = 1.


Package fontspec Info: FiraSans-Bold scale = 1.


Package fontspec Info: FiraSans-Bold scale = 1.


Package fontspec Info: FiraSans-ThinItalic scale = 1.


Package fontspec Info: FiraSans-ThinItalic scale = 1.


Package fontspec Info: FiraSans-BoldItalic scale = 1.


Package fontspec Info: FiraSans-BoldItalic scale = 1.


Package fontspec Info: Font family 'FiraSans(4)' created for font 'FiraSans'
(fontspec)             with options [Ligatures = TeX,Scale = 1,Extension =
(fontspec)             .otf,Numbers = {Proportional,OldStyle},UprightFont =
(fontspec)             *-Thin,ItalicFont = *-ThinItalic,BoldFont =
(fontspec)             *-Bold,BoldItalicFont = *-BoldItalic].
(fontspec)              
(fontspec)              This font family consists of the following NFSS
(fontspec)             series/shapes:
(fontspec)              
(fontspec)             - 'normal' (m/n) with NFSS spec.:
(fontspec)             <->s*[1]"[FiraSans-Thin.otf]/OT:script=latn;language=dflt;+pnum;+onum;mapping=tex-text;"
(fontspec)             - 'small caps'  (m/sc) with NFSS spec.:
(fontspec)             <->s*[1]"[FiraSans-Thin.otf]/OT:script=latn;language=dflt;+pnum;+onum;+smcp;mapping=tex-text;"
(fontspec)             - 'bold' (b/n) with NFSS spec.:
(fontspec)             <->s*[1]"[FiraSans-Bold.otf]/OT:script=latn;language=dflt;+pnum;+onum;mapping=tex-text;"
(fontspec)             - 'bold small caps'  (b/sc) with NFSS spec.:
(fontspec)             <->s*[1]"[FiraSans-Bold.otf]/OT:script=latn;language=dflt;+pnum;+onum;+smcp;mapping=tex-text;"
(fontspec)             - 'italic' (m/it) with NFSS spec.:
(fontspec)             <->s*[1]"[FiraSans-ThinItalic.otf]/OT:script=latn;language=dflt;+pnum;+onum;mapping=tex-text;"
(fontspec)             - 'italic small caps'  (m/scit) with NFSS spec.:
(fontspec)             <->s*[1]"[FiraSans-ThinItalic.otf]/OT:script=latn;language=dflt;+pnum;+onum;+smcp;mapping=tex-text;"
(fontspec)             - 'bold italic' (b/it) with NFSS spec.:
(fontspec)             <->s*[1]"[FiraSans-BoldItalic.otf]/OT:script=latn;language=dflt;+pnum;+onum;mapping=tex-text;"
(fontspec)             - 'bold italic small caps'  (b/scit) with NFSS spec.:
(fontspec)             <->s*[1]"[FiraSans-BoldItalic.otf]/OT:script=latn;language=dflt;+pnum;+onum;+smcp;mapping=tex-text;"


Package fontspec Info: FiraSans-Light scale = 1.


Package fontspec Info: FiraSans-Light scale = 1.


Package fontspec Info: FiraSans-Light scale = 1.


Package fontspec Info: FiraSans-Bold scale = 1.


Package fontspec Info: FiraSans-Bold scale = 1.


Package fontspec Info: FiraSans-LightItalic scale = 1.


Package fontspec Info: FiraSans-LightItalic scale = 1.


Package fontspec Info: FiraSans-BoldItalic scale = 1.


Package fontspec Info: FiraSans-BoldItalic scale = 1.


Package fontspec Info: Font family 'FiraSans(5)' created for font 'FiraSans'
(fontspec)             with options [Ligatures = TeX,Scale = 1,Extension =
(fontspec)             .otf,Numbers = {Proportional,OldStyle},UprightFont =
(fontspec)             *-Light,ItalicFont = *-LightItalic,BoldFont =
(fontspec)             *-Bold,BoldItalicFont = *-BoldItalic].
(fontspec)              
(fontspec)              This font family consists of the following NFSS
(fontspec)             series/shapes:
(fontspec)              
(fontspec)             - 'normal' (m/n) with NFSS spec.:
(fontspec)             <->s*[1]"[FiraSans-Light.otf]/OT:script=latn;language=dflt;+pnum;+onum;mapping=tex-text;"
(fontspec)             - 'small caps'  (m/sc) with NFSS spec.:
(fontspec)             <->s*[1]"[FiraSans-Light.otf]/OT:script=latn;language=dflt;+pnum;+onum;+smcp;mapping=tex-text;"
(fontspec)             - 'bold' (b/n) with NFSS spec.:
(fontspec)             <->s*[1]"[FiraSans-Bold.otf]/OT:script=latn;language=dflt;+pnum;+onum;mapping=tex-text;"
(fontspec)             - 'bold small caps'  (b/sc) with NFSS spec.:
(fontspec)             <->s*[1]"[FiraSans-Bold.otf]/OT:script=latn;language=dflt;+pnum;+onum;+smcp;mapping=tex-text;"
(fontspec)             - 'italic' (m/it) with NFSS spec.:
(fontspec)             <->s*[1]"[FiraSans-LightItalic.otf]/OT:script=latn;language=dflt;+pnum;+onum;mapping=tex-text;"
(fontspec)             - 'italic small caps'  (m/scit) with NFSS spec.:
(fontspec)             <->s*[1]"[FiraSans-LightItalic.otf]/OT:script=latn;language=dflt;+pnum;+onum;+smcp;mapping=tex-text;"
(fontspec)             - 'bold italic' (b/it) with NFSS spec.:
(fontspec)             <->s*[1]"[FiraSans-BoldItalic.otf]/OT:script=latn;language=dflt;+pnum;+onum;mapping=tex-text;"
(fontspec)             - 'bold italic small caps'  (b/scit) with NFSS spec.:
(fontspec)             <->s*[1]"[FiraSans-BoldItalic.otf]/OT:script=latn;language=dflt;+pnum;+onum;+smcp;mapping=tex-text;"


Package fontspec Info: FiraSans-ExtraLight scale = 1.


Package fontspec Info: FiraSans-ExtraLight scale = 1.


Package fontspec Info: FiraSans-ExtraLight scale = 1.


Package fontspec Info: FiraSans-Bold scale = 1.


Package fontspec Info: FiraSans-Bold scale = 1.


Package fontspec Info: FiraSans-ExtraLightItalic scale = 1.


Package fontspec Info: FiraSans-ExtraLightItalic scale = 1.


Package fontspec Info: FiraSans-BoldItalic scale = 1.


Package fontspec Info: FiraSans-BoldItalic scale = 1.


Package fontspec Info: Font family 'FiraSans(6)' created for font 'FiraSans'
(fontspec)             with options [Ligatures = TeX,Scale = 1,Extension =
(fontspec)             .otf,Numbers = {Proportional,OldStyle},UprightFont =
(fontspec)             *-ExtraLight,ItalicFont = *-ExtraLightItalic,BoldFont =
(fontspec)             *-Bold,BoldItalicFont = *-BoldItalic].
(fontspec)              
(fontspec)              This font family consists of the following NFSS
(fontspec)             series/shapes:
(fontspec)              
(fontspec)             - 'normal' (m/n) with NFSS spec.:
(fontspec)             <->s*[1]"[FiraSans-ExtraLight.otf]/OT:script=latn;language=dflt;+pnum;+onum;mapping=tex-text;"
(fontspec)             - 'small caps'  (m/sc) with NFSS spec.:
(fontspec)             <->s*[1]"[FiraSans-ExtraLight.otf]/OT:script=latn;language=dflt;+pnum;+onum;+smcp;mapping=tex-text;"
(fontspec)             - 'bold' (b/n) with NFSS spec.:
(fontspec)             <->s*[1]"[FiraSans-Bold.otf]/OT:script=latn;language=dflt;+pnum;+onum;mapping=tex-text;"
(fontspec)             - 'bold small caps'  (b/sc) with NFSS spec.:
(fontspec)             <->s*[1]"[FiraSans-Bold.otf]/OT:script=latn;language=dflt;+pnum;+onum;+smcp;mapping=tex-text;"
(fontspec)             - 'italic' (m/it) with NFSS spec.:
(fontspec)             <->s*[1]"[FiraSans-ExtraLightItalic.otf]/OT:script=latn;language=dflt;+pnum;+onum;mapping=tex-text;"
(fontspec)             - 'italic small caps'  (m/scit) with NFSS spec.:
(fontspec)             <->s*[1]"[FiraSans-ExtraLightItalic.otf]/OT:script=latn;language=dflt;+pnum;+onum;+smcp;mapping=tex-text;"
(fontspec)             - 'bold italic' (b/it) with NFSS spec.:
(fontspec)             <->s*[1]"[FiraSans-BoldItalic.otf]/OT:script=latn;language=dflt;+pnum;+onum;mapping=tex-text;"
(fontspec)             - 'bold italic small caps'  (b/scit) with NFSS spec.:
(fontspec)             <->s*[1]"[FiraSans-BoldItalic.otf]/OT:script=latn;language=dflt;+pnum;+onum;+smcp;mapping=tex-text;"


Package fontspec Info: FiraSans-UltraLight scale = 1.


Package fontspec Info: FiraSans-UltraLight scale = 1.


Package fontspec Info: FiraSans-UltraLight scale = 1.


Package fontspec Info: FiraSans-Bold scale = 1.


Package fontspec Info: FiraSans-Bold scale = 1.


Package fontspec Info: FiraSans-UltraLightItalic scale = 1.


Package fontspec Info: FiraSans-UltraLightItalic scale = 1.


Package fontspec Info: FiraSans-BoldItalic scale = 1.


Package fontspec Info: FiraSans-BoldItalic scale = 1.


Package fontspec Info: Font family 'FiraSans(7)' created for font 'FiraSans'
(fontspec)             with options [Ligatures = TeX,Scale = 1,Extension =
(fontspec)             .otf,Numbers = {Proportional,OldStyle},UprightFont =
(fontspec)             *-UltraLight,ItalicFont = *-UltraLightItalic,BoldFont =
(fontspec)             *-Bold,BoldItalicFont = *-BoldItalic].
(fontspec)              
(fontspec)              This font family consists of the following NFSS
(fontspec)             series/shapes:
(fontspec)              
(fontspec)             - 'normal' (m/n) with NFSS spec.:
(fontspec)             <->s*[1]"[FiraSans-UltraLight.otf]/OT:script=latn;language=dflt;+pnum;+onum;mapping=tex-text;"
(fontspec)             - 'small caps'  (m/sc) with NFSS spec.:
(fontspec)             <->s*[1]"[FiraSans-UltraLight.otf]/OT:script=latn;language=dflt;+pnum;+onum;+smcp;mapping=tex-text;"
(fontspec)             - 'bold' (b/n) with NFSS spec.:
(fontspec)             <->s*[1]"[FiraSans-Bold.otf]/OT:script=latn;language=dflt;+pnum;+onum;mapping=tex-text;"
(fontspec)             - 'bold small caps'  (b/sc) with NFSS spec.:
(fontspec)             <->s*[1]"[FiraSans-Bold.otf]/OT:script=latn;language=dflt;+pnum;+onum;+smcp;mapping=tex-text;"
(fontspec)             - 'italic' (m/it) with NFSS spec.:
(fontspec)             <->s*[1]"[FiraSans-UltraLightItalic.otf]/OT:script=latn;language=dflt;+pnum;+onum;mapping=tex-text;"
(fontspec)             - 'italic small caps'  (m/scit) with NFSS spec.:
(fontspec)             <->s*[1]"[FiraSans-UltraLightItalic.otf]/OT:script=latn;language=dflt;+pnum;+onum;+smcp;mapping=tex-text;"
(fontspec)             - 'bold italic' (b/it) with NFSS spec.:
(fontspec)             <->s*[1]"[FiraSans-BoldItalic.otf]/OT:script=latn;language=dflt;+pnum;+onum;mapping=tex-text;"
(fontspec)             - 'bold italic small caps'  (b/scit) with NFSS spec.:
(fontspec)             <->s*[1]"[FiraSans-BoldItalic.otf]/OT:script=latn;language=dflt;+pnum;+onum;+smcp;mapping=tex-text;"


Package fontspec Info: FiraSans-Medium scale = 1.


Package fontspec Info: FiraSans-Medium scale = 1.


Package fontspec Info: FiraSans-Medium scale = 1.


Package fontspec Info: FiraSans-Bold scale = 1.


Package fontspec Info: FiraSans-Bold scale = 1.


Package fontspec Info: FiraSans-MediumItalic scale = 1.


Package fontspec Info: FiraSans-MediumItalic scale = 1.


Package fontspec Info: FiraSans-BoldItalic scale = 1.


Package fontspec Info: FiraSans-BoldItalic scale = 1.


Package fontspec Info: Font family 'FiraSans(8)' created for font 'FiraSans'
(fontspec)             with options [Ligatures = TeX,Scale = 1,Extension =
(fontspec)             .otf,Numbers = {Proportional,OldStyle},UprightFont =
(fontspec)             *-Medium,ItalicFont = *-MediumItalic,BoldFont =
(fontspec)             *-Bold,BoldItalicFont = *-BoldItalic].
(fontspec)              
(fontspec)              This font family consists of the following NFSS
(fontspec)             series/shapes:
(fontspec)              
(fontspec)             - 'normal' (m/n) with NFSS spec.:
(fontspec)             <->s*[1]"[FiraSans-Medium.otf]/OT:script=latn;language=dflt;+pnum;+onum;mapping=tex-text;"
(fontspec)             - 'small caps'  (m/sc) with NFSS spec.:
(fontspec)             <->s*[1]"[FiraSans-Medium.otf]/OT:script=latn;language=dflt;+pnum;+onum;+smcp;mapping=tex-text;"
(fontspec)             - 'bold' (b/n) with NFSS spec.:
(fontspec)             <->s*[1]"[FiraSans-Bold.otf]/OT:script=latn;language=dflt;+pnum;+onum;mapping=tex-text;"
(fontspec)             - 'bold small caps'  (b/sc) with NFSS spec.:
(fontspec)             <->s*[1]"[FiraSans-Bold.otf]/OT:script=latn;language=dflt;+pnum;+onum;+smcp;mapping=tex-text;"
(fontspec)             - 'italic' (m/it) with NFSS spec.:
(fontspec)             <->s*[1]"[FiraSans-MediumItalic.otf]/OT:script=latn;language=dflt;+pnum;+onum;mapping=tex-text;"
(fontspec)             - 'italic small caps'  (m/scit) with NFSS spec.:
(fontspec)             <->s*[1]"[FiraSans-MediumItalic.otf]/OT:script=latn;language=dflt;+pnum;+onum;+smcp;mapping=tex-text;"
(fontspec)             - 'bold italic' (b/it) with NFSS spec.:
(fontspec)             <->s*[1]"[FiraSans-BoldItalic.otf]/OT:script=latn;language=dflt;+pnum;+onum;mapping=tex-text;"
(fontspec)             - 'bold italic small caps'  (b/scit) with NFSS spec.:
(fontspec)             <->s*[1]"[FiraSans-BoldItalic.otf]/OT:script=latn;language=dflt;+pnum;+onum;+smcp;mapping=tex-text;"


Package fontspec Info: FiraSans-Book scale = 1.


Package fontspec Info: FiraSans-Book scale = 1.


Package fontspec Info: FiraSans-Book scale = 1.


Package fontspec Info: FiraSans-Bold scale = 1.


Package fontspec Info: FiraSans-Bold scale = 1.


Package fontspec Info: FiraSans-BookItalic scale = 1.


Package fontspec Info: FiraSans-BookItalic scale = 1.


Package fontspec Info: FiraSans-BoldItalic scale = 1.


Package fontspec Info: FiraSans-BoldItalic scale = 1.


Package fontspec Info: Font family 'FiraSans(9)' created for font 'FiraSans'
(fontspec)             with options [Ligatures = TeX,Scale = 1,Extension =
(fontspec)             .otf,Numbers = {Proportional,OldStyle},UprightFont =
(fontspec)             *-Book,ItalicFont = *-BookItalic,BoldFont =
(fontspec)             *-Bold,BoldItalicFont = *-BoldItalic].
(fontspec)              
(fontspec)              This font family consists of the following NFSS
(fontspec)             series/shapes:
(fontspec)              
(fontspec)             - 'normal' (m/n) with NFSS spec.:
(fontspec)             <->s*[1]"[FiraSans-Book.otf]/OT:script=latn;language=dflt;+pnum;+onum;mapping=tex-text;"
(fontspec)             - 'small caps'  (m/sc) with NFSS spec.:
(fontspec)             <->s*[1]"[FiraSans-Book.otf]/OT:script=latn;language=dflt;+pnum;+onum;+smcp;mapping=tex-text;"
(fontspec)             - 'bold' (b/n) with NFSS spec.:
(fontspec)             <->s*[1]"[FiraSans-Bold.otf]/OT:script=latn;language=dflt;+pnum;+onum;mapping=tex-text;"
(fontspec)             - 'bold small caps'  (b/sc) with NFSS spec.:
(fontspec)             <->s*[1]"[FiraSans-Bold.otf]/OT:script=latn;language=dflt;+pnum;+onum;+smcp;mapping=tex-text;"
(fontspec)             - 'italic' (m/it) with NFSS spec.:
(fontspec)             <->s*[1]"[FiraSans-BookItalic.otf]/OT:script=latn;language=dflt;+pnum;+onum;mapping=tex-text;"
(fontspec)             - 'italic small caps'  (m/scit) with NFSS spec.:
(fontspec)             <->s*[1]"[FiraSans-BookItalic.otf]/OT:script=latn;language=dflt;+pnum;+onum;+smcp;mapping=tex-text;"
(fontspec)             - 'bold italic' (b/it) with NFSS spec.:
(fontspec)             <->s*[1]"[FiraSans-BoldItalic.otf]/OT:script=latn;language=dflt;+pnum;+onum;mapping=tex-text;"
(fontspec)             - 'bold italic small caps'  (b/scit) with NFSS spec.:
(fontspec)             <->s*[1]"[FiraSans-BoldItalic.otf]/OT:script=latn;language=dflt;+pnum;+onum;+smcp;mapping=tex-text;"


Package fontspec Info: FiraSans-SemiBold scale = 1.


Package fontspec Info: FiraSans-SemiBold scale = 1.


Package fontspec Info: FiraSans-SemiBold scale = 1.


Package fontspec Info: FiraSans-SemiBoldItalic scale = 1.


Package fontspec Info: FiraSans-SemiBoldItalic scale = 1.


Package fontspec Info: Font family 'FiraSans(10)' created for font 'FiraSans'
(fontspec)             with options [Ligatures = TeX,Scale = 1,Extension =
(fontspec)             .otf,Numbers = {Proportional,OldStyle},UprightFont =
(fontspec)             *-SemiBold,ItalicFont = *-SemiBoldItalic].
(fontspec)              
(fontspec)              This font family consists of the following NFSS
(fontspec)             series/shapes:
(fontspec)              
(fontspec)             - 'normal' (m/n) with NFSS spec.:
(fontspec)             <->s*[1]"[FiraSans-SemiBold.otf]/OT:script=latn;language=dflt;+pnum;+onum;mapping=tex-text;"
(fontspec)             - 'small caps'  (m/sc) with NFSS spec.:
(fontspec)             <->s*[1]"[FiraSans-SemiBold.otf]/OT:script=latn;language=dflt;+pnum;+onum;+smcp;mapping=tex-text;"
(fontspec)             - 'italic' (m/it) with NFSS spec.:
(fontspec)             <->s*[1]"[FiraSans-SemiBoldItalic.otf]/OT:script=latn;language=dflt;+pnum;+onum;mapping=tex-text;"
(fontspec)             - 'italic small caps'  (m/scit) with NFSS spec.:
(fontspec)             <->s*[1]"[FiraSans-SemiBoldItalic.otf]/OT:script=latn;language=dflt;+pnum;+onum;+smcp;mapping=tex-text;"


Package fontspec Info: FiraSans-ExtraBold scale = 1.


Package fontspec Info: FiraSans-ExtraBold scale = 1.


Package fontspec Info: FiraSans-ExtraBold scale = 1.


Package fontspec Info: FiraSans-ExtraBoldItalic scale = 1.


Package fontspec Info: FiraSans-ExtraBoldItalic scale = 1.


Package fontspec Info: Font family 'FiraSans(11)' created for font 'FiraSans'
(fontspec)             with options [Ligatures = TeX,Scale = 1,Extension =
(fontspec)             .otf,Numbers = {Proportional,OldStyle},UprightFont =
(fontspec)             *-ExtraBold,ItalicFont = *-ExtraBoldItalic].
(fontspec)              
(fontspec)              This font family consists of the following NFSS
(fontspec)             series/shapes:
(fontspec)              
(fontspec)             - 'normal' (m/n) with NFSS spec.:
(fontspec)             <->s*[1]"[FiraSans-ExtraBold.otf]/OT:script=latn;language=dflt;+pnum;+onum;mapping=tex-text;"
(fontspec)             - 'small caps'  (m/sc) with NFSS spec.:
(fontspec)             <->s*[1]"[FiraSans-ExtraBold.otf]/OT:script=latn;language=dflt;+pnum;+onum;+smcp;mapping=tex-text;"
(fontspec)             - 'italic' (m/it) with NFSS spec.:
(fontspec)             <->s*[1]"[FiraSans-ExtraBoldItalic.otf]/OT:script=latn;language=dflt;+pnum;+onum;mapping=tex-text;"
(fontspec)             - 'italic small caps'  (m/scit) with NFSS spec.:
(fontspec)             <->s*[1]"[FiraSans-ExtraBoldItalic.otf]/OT:script=latn;language=dflt;+pnum;+onum;+smcp;mapping=tex-text;"


Package fontspec Info: FiraSans-Heavy scale = 1.


Package fontspec Info: FiraSans-Heavy scale = 1.


Package fontspec Info: FiraSans-Heavy scale = 1.


Package fontspec Info: FiraSans-HeavyItalic scale = 1.


Package fontspec Info: FiraSans-HeavyItalic scale = 1.


Package fontspec Info: Font family 'FiraSans(12)' created for font 'FiraSans'
(fontspec)             with options [Ligatures = TeX,Scale = 1,Extension =
(fontspec)             .otf,Numbers = {Proportional,OldStyle},UprightFont =
(fontspec)             *-Heavy,ItalicFont = *-HeavyItalic].
(fontspec)              
(fontspec)              This font family consists of the following NFSS
(fontspec)             series/shapes:
(fontspec)              
(fontspec)             - 'normal' (m/n) with NFSS spec.:
(fontspec)             <->s*[1]"[FiraSans-Heavy.otf]/OT:script=latn;language=dflt;+pnum;+onum;mapping=tex-text;"
(fontspec)             - 'small caps'  (m/sc) with NFSS spec.:
(fontspec)             <->s*[1]"[FiraSans-Heavy.otf]/OT:script=latn;language=dflt;+pnum;+onum;+smcp;mapping=tex-text;"
(fontspec)             - 'italic' (m/it) with NFSS spec.:
(fontspec)             <->s*[1]"[FiraSans-HeavyItalic.otf]/OT:script=latn;language=dflt;+pnum;+onum;mapping=tex-text;"
(fontspec)             - 'italic small caps'  (m/scit) with NFSS spec.:
(fontspec)             <->s*[1]"[FiraSans-HeavyItalic.otf]/OT:script=latn;language=dflt;+pnum;+onum;+smcp;mapping=tex-text;"

) (c:/Users/MDXR/AppData/Roaming/TinyTeX/texmf-dist/tex/latex/fira/FiraMono.sty
Package: FiraMono 2022/09/17 (Bob Tennent and autoinst) Style file for Fira Mono fonts.

Package fontspec Info: FiraMono-Regular scale = 0.80.


Package fontspec Info: FiraMono-Regular scale = 0.80.


Package fontspec Info: FiraMono-Bold scale = 0.80.


Package fontspec Info: FiraMono-Oblique scale = 0.80.


Package fontspec Info: FiraMono-BoldOblique scale = 0.80.


Package fontspec Info: Font family 'FiraMono(0)' created for font 'FiraMono'
(fontspec)             with options [Ligatures = TeX,HyphenChar=None,Scale =
(fontspec)             0.80,Extension =
(fontspec)             .otf,WordSpace={1,0,0},HyphenChar=None,PunctuationSpace=WordSpace,Numbers
(fontspec)             = {Monospaced,OldStyle},UprightFont =
(fontspec)             *-Regular,ItalicFont = *-Oblique,BoldFont =
(fontspec)             *-Bold,BoldItalicFont = *-BoldOblique].
(fontspec)              
(fontspec)              This font family consists of the following NFSS
(fontspec)             series/shapes:
(fontspec)              
(fontspec)             - 'normal' (m/n) with NFSS spec.:
(fontspec)             <->s*[0.80]"[FiraMono-Regular.otf]/OT:script=latn;language=dflt;+tnum;+onum;mapping=tex-text;"
(fontspec)             - 'small caps'  (m/sc) with NFSS spec.: 
(fontspec)             and font adjustment code:
(fontspec)             \fontdimen 2\font =1\fontdimen 2\font \fontdimen 3\font
(fontspec)             =0\fontdimen 3\font \fontdimen 4\font =0\fontdimen
(fontspec)             4\font \fontdimen 7\font =0\fontdimen 2\font
(fontspec)             \tex_hyphenchar:D \font =-1\scan_stop:
(fontspec)             \tex_hyphenchar:D \font =-1\scan_stop: 
(fontspec)             - 'bold' (b/n) with NFSS spec.:
(fontspec)             <->s*[0.80]"[FiraMono-Bold.otf]/OT:script=latn;language=dflt;+tnum;+onum;mapping=tex-text;"
(fontspec)             - 'bold small caps'  (b/sc) with NFSS spec.: 
(fontspec)             and font adjustment code:
(fontspec)             \fontdimen 2\font =1\fontdimen 2\font \fontdimen 3\font
(fontspec)             =0\fontdimen 3\font \fontdimen 4\font =0\fontdimen
(fontspec)             4\font \fontdimen 7\font =0\fontdimen 2\font
(fontspec)             \tex_hyphenchar:D \font =-1\scan_stop:
(fontspec)             \tex_hyphenchar:D \font =-1\scan_stop: 
(fontspec)             - 'italic' (m/it) with NFSS spec.:
(fontspec)             <->s*[0.80]"[FiraMono-Oblique.otf]/OT:script=latn;language=dflt;+tnum;+onum;mapping=tex-text;"
(fontspec)             - 'italic small caps'  (m/scit) with NFSS spec.: 
(fontspec)             and font adjustment code:
(fontspec)             \fontdimen 2\font =1\fontdimen 2\font \fontdimen 3\font
(fontspec)             =0\fontdimen 3\font \fontdimen 4\font =0\fontdimen
(fontspec)             4\font \fontdimen 7\font =0\fontdimen 2\font
(fontspec)             \tex_hyphenchar:D \font =-1\scan_stop:
(fontspec)             \tex_hyphenchar:D \font =-1\scan_stop: 
(fontspec)             - 'bold italic' (b/it) with NFSS spec.:
(fontspec)             <->s*[0.80]"[FiraMono-BoldOblique.otf]/OT:script=latn;language=dflt;+tnum;+onum;mapping=tex-text;"
(fontspec)             - 'bold italic small caps'  (b/scit) with NFSS spec.: 
(fontspec)             and font adjustment code:
(fontspec)             \fontdimen 2\font =1\fontdimen 2\font \fontdimen 3\font
(fontspec)             =0\fontdimen 3\font \fontdimen 4\font =0\fontdimen
(fontspec)             4\font \fontdimen 7\font =0\fontdimen 2\font
(fontspec)             \tex_hyphenchar:D \font =-1\scan_stop:
(fontspec)             \tex_hyphenchar:D \font =-1\scan_stop: 


Package fontspec Info: FiraMono-Regular scale = 0.80.


Package fontspec Info: FiraMono-Regular scale = 0.80.


Package fontspec Info: FiraMono-Bold scale = 0.80.


Package fontspec Info: FiraMono-Oblique scale = 0.80.


Package fontspec Info: FiraMono-BoldOblique scale = 0.80.


Package fontspec Info: Font family 'FiraMono(1)' created for font 'FiraMono'
(fontspec)             with options [Ligatures = TeX,HyphenChar=None,Scale =
(fontspec)             0.80,Extension = .otf,Numbers =
(fontspec)             {Monospaced,OldStyle},UprightFont =
(fontspec)             *-Regular,ItalicFont = *-Oblique,BoldFont =
(fontspec)             *-Bold,BoldItalicFont = *-BoldOblique].
(fontspec)              
(fontspec)              This font family consists of the following NFSS
(fontspec)             series/shapes:
(fontspec)              
(fontspec)             - 'normal' (m/n) with NFSS spec.:
(fontspec)             <->s*[0.80]"[FiraMono-Regular.otf]/OT:script=latn;language=dflt;+tnum;+onum;mapping=tex-text;"
(fontspec)             - 'small caps'  (m/sc) with NFSS spec.: 
(fontspec)             and font adjustment code:
(fontspec)             \tex_hyphenchar:D \font =-1\scan_stop: 
(fontspec)             - 'bold' (b/n) with NFSS spec.:
(fontspec)             <->s*[0.80]"[FiraMono-Bold.otf]/OT:script=latn;language=dflt;+tnum;+onum;mapping=tex-text;"
(fontspec)             - 'bold small caps'  (b/sc) with NFSS spec.: 
(fontspec)             and font adjustment code:
(fontspec)             \tex_hyphenchar:D \font =-1\scan_stop: 
(fontspec)             - 'italic' (m/it) with NFSS spec.:
(fontspec)             <->s*[0.80]"[FiraMono-Oblique.otf]/OT:script=latn;language=dflt;+tnum;+onum;mapping=tex-text;"
(fontspec)             - 'italic small caps'  (m/scit) with NFSS spec.: 
(fontspec)             and font adjustment code:
(fontspec)             \tex_hyphenchar:D \font =-1\scan_stop: 
(fontspec)             - 'bold italic' (b/it) with NFSS spec.:
(fontspec)             <->s*[0.80]"[FiraMono-BoldOblique.otf]/OT:script=latn;language=dflt;+tnum;+onum;mapping=tex-text;"
(fontspec)             - 'bold italic small caps'  (b/scit) with NFSS spec.: 
(fontspec)             and font adjustment code:
(fontspec)             \tex_hyphenchar:D \font =-1\scan_stop: 


Package fontspec Info: FiraMono-Regular scale = 0.80.


Package fontspec Info: FiraMono-Regular scale = 0.80.


Package fontspec Info: FiraMono-Bold scale = 0.80.


Package fontspec Info: FiraMono-Oblique scale = 0.80.


Package fontspec Info: FiraMono-BoldOblique scale = 0.80.


Package fontspec Info: Font family 'FiraMono(2)' created for font 'FiraMono'
(fontspec)             with options [Ligatures = TeX,HyphenChar=None,Scale =
(fontspec)             0.80,Extension = .otf,Numbers =
(fontspec)             {Monospaced,Tabular},UprightFont = *-Regular,ItalicFont
(fontspec)             = *-Oblique,BoldFont = *-Bold,BoldItalicFont =
(fontspec)             *-BoldOblique].
(fontspec)              
(fontspec)              This font family consists of the following NFSS
(fontspec)             series/shapes:
(fontspec)              
(fontspec)             - 'normal' (m/n) with NFSS spec.:
(fontspec)             <->s*[0.80]"[FiraMono-Regular.otf]/OT:script=latn;language=dflt;+tnum;mapping=tex-text;"
(fontspec)             - 'small caps'  (m/sc) with NFSS spec.: 
(fontspec)             and font adjustment code:
(fontspec)             \tex_hyphenchar:D \font =-1\scan_stop: 
(fontspec)             - 'bold' (b/n) with NFSS spec.:
(fontspec)             <->s*[0.80]"[FiraMono-Bold.otf]/OT:script=latn;language=dflt;+tnum;mapping=tex-text;"
(fontspec)             - 'bold small caps'  (b/sc) with NFSS spec.: 
(fontspec)             and font adjustment code:
(fontspec)             \tex_hyphenchar:D \font =-1\scan_stop: 
(fontspec)             - 'italic' (m/it) with NFSS spec.:
(fontspec)             <->s*[0.80]"[FiraMono-Oblique.otf]/OT:script=latn;language=dflt;+tnum;mapping=tex-text;"
(fontspec)             - 'italic small caps'  (m/scit) with NFSS spec.: 
(fontspec)             and font adjustment code:
(fontspec)             \tex_hyphenchar:D \font =-1\scan_stop: 
(fontspec)             - 'bold italic' (b/it) with NFSS spec.:
(fontspec)             <->s*[0.80]"[FiraMono-BoldOblique.otf]/OT:script=latn;language=dflt;+tnum;mapping=tex-text;"
(fontspec)             - 'bold italic small caps'  (b/scit) with NFSS spec.: 
(fontspec)             and font adjustment code:
(fontspec)             \tex_hyphenchar:D \font =-1\scan_stop: 


Package fontspec Info: FiraMono-Medium scale = 0.80.


Package fontspec Info: FiraMono-Medium scale = 0.80.


Package fontspec Info: FiraMono-Bold scale = 0.80.


Package fontspec Info: FiraMono-Oblique scale = 0.80.


Package fontspec Info: FiraMono-BoldOblique scale = 0.80.


Package fontspec Info: Font family 'FiraMono(3)' created for font 'FiraMono'
(fontspec)             with options [Ligatures = TeX,HyphenChar=None,Scale =
(fontspec)             0.80,Extension = .otf,Numbers =
(fontspec)             {Monospaced,OldStyle},UprightFont = *-Medium,ItalicFont
(fontspec)             = *-Oblique,BoldFont = *-Bold,BoldItalicFont =
(fontspec)             *-BoldOblique].
(fontspec)              
(fontspec)              This font family consists of the following NFSS
(fontspec)             series/shapes:
(fontspec)              
(fontspec)             - 'normal' (m/n) with NFSS spec.:
(fontspec)             <->s*[0.80]"[FiraMono-Medium.otf]/OT:script=latn;language=dflt;+tnum;+onum;mapping=tex-text;"
(fontspec)             - 'small caps'  (m/sc) with NFSS spec.: 
(fontspec)             and font adjustment code:
(fontspec)             \tex_hyphenchar:D \font =-1\scan_stop: 
(fontspec)             - 'bold' (b/n) with NFSS spec.:
(fontspec)             <->s*[0.80]"[FiraMono-Bold.otf]/OT:script=latn;language=dflt;+tnum;+onum;mapping=tex-text;"
(fontspec)             - 'bold small caps'  (b/sc) with NFSS spec.: 
(fontspec)             and font adjustment code:
(fontspec)             \tex_hyphenchar:D \font =-1\scan_stop: 
(fontspec)             - 'italic' (m/it) with NFSS spec.:
(fontspec)             <->s*[0.80]"[FiraMono-Oblique.otf]/OT:script=latn;language=dflt;+tnum;+onum;mapping=tex-text;"
(fontspec)             - 'italic small caps'  (m/scit) with NFSS spec.: 
(fontspec)             and font adjustment code:
(fontspec)             \tex_hyphenchar:D \font =-1\scan_stop: 
(fontspec)             - 'bold italic' (b/it) with NFSS spec.:
(fontspec)             <->s*[0.80]"[FiraMono-BoldOblique.otf]/OT:script=latn;language=dflt;+tnum;+onum;mapping=tex-text;"
(fontspec)             - 'bold italic small caps'  (b/scit) with NFSS spec.: 
(fontspec)             and font adjustment code:
(fontspec)             \tex_hyphenchar:D \font =-1\scan_stop: 

) (c:/Users/MDXR/AppData/Roaming/TinyTeX/texmf-dist/tex/latex/here/here.sty) (c:/Users/MDXR/AppData/Roaming/TinyTeX/texmf-dist/tex/latex/float/float.sty
Package: float 2001/11/08 v1.3d Float enhancements (AL)
\c@float@type=\count311
\float@exts=\toks35
\float@box=\box70
\@float@everytoks=\toks36
\@floatcapt=\box71
) (c:/Users/MDXR/AppData/Roaming/TinyTeX/texmf-dist/tex/latex/sttools/stfloats.sty
Package: stfloats 2017/03/27 v3.3 Improve float mechanism and baselineskip settings
\@dblbotnum=\count312
\c@dblbotnumber=\count313
) (c:/Users/MDXR/AppData/Roaming/TinyTeX/texmf-dist/tex/latex/adjustbox/adjustbox.sty
Package: adjustbox 2025/02/26 v1.3c Adjusting TeX boxes (trim, clip, ...)
 (c:/Users/MDXR/AppData/Roaming/TinyTeX/texmf-dist/tex/latex/adjustbox/adjcalc.sty
Package: adjcalc 2012/05/16 v1.1 Provides advanced setlength with multiple back-ends (calc, etex, pgfmath)
) (c:/Users/MDXR/AppData/Roaming/TinyTeX/texmf-dist/tex/latex/adjustbox/trimclip.sty
Package: trimclip 2025/02/21 v1.2a Trim and clip general TeX material
 (c:/Users/MDXR/AppData/Roaming/TinyTeX/texmf-dist/tex/latex/collectbox/collectbox.sty
Package: collectbox 2022/10/17 v0.4c Collect macro arguments as boxes
\collectedbox=\box72
)
\tc@llx=\dimen266
\tc@lly=\dimen267
\tc@urx=\dimen268
\tc@ury=\dimen269
Package trimclip Info: Using driver 'tc-xetex.def'.
 (c:/Users/MDXR/AppData/Roaming/TinyTeX/texmf-dist/tex/latex/adjustbox/tc-xetex.def
File: tc-xetex.def 2019/01/04 v2.2 Clipping driver for xetex
))
\adjbox@Width=\dimen270
\adjbox@Height=\dimen271
\adjbox@Depth=\dimen272
\adjbox@Totalheight=\dimen273
\adjbox@pwidth=\dimen274
\adjbox@pheight=\dimen275
\adjbox@pdepth=\dimen276
\adjbox@ptotalheight=\dimen277
) (c:/Users/MDXR/AppData/Roaming/TinyTeX/texmf-dist/tex/latex/tcolorbox/tcolorbox.sty
Package: tcolorbox 2024/10/22 version 6.4.1 text color boxes
 (c:/Users/MDXR/AppData/Roaming/TinyTeX/texmf-dist/tex/latex/tools/verbatim.sty
Package: verbatim 2023-11-06 v1.5v LaTeX2e package for verbatim enhancements
\every@verbatim=\toks37
\verbatim@line=\toks38
\verbatim@in@stream=\read3
) (c:/Users/MDXR/AppData/Roaming/TinyTeX/texmf-dist/tex/latex/environ/environ.sty
Package: environ 2014/05/04 v0.3 A new way to define environments
 (c:/Users/MDXR/AppData/Roaming/TinyTeX/texmf-dist/tex/latex/trimspaces/trimspaces.sty
Package: trimspaces 2009/09/17 v1.1 Trim spaces around a token list
)
\@envbody=\toks39
)
\tcb@titlebox=\box73
\tcb@upperbox=\box74
\tcb@lowerbox=\box75
\tcb@phantombox=\box76
\c@tcbbreakpart=\count314
\c@tcblayer=\count315
\c@tcolorbox@number=\count316
\l__tcobox_tmpa_box=\box77
\l__tcobox_tmpa_dim=\dimen278
\tcb@temp=\box78
\tcb@temp=\box79
\tcb@temp=\box80
\tcb@temp=\box81
 (c:/Users/MDXR/AppData/Roaming/TinyTeX/texmf-dist/tex/latex/tcolorbox/tcbraster.code.tex
Library (tcolorbox): 'tcbraster.code.tex' version '6.4.1'
\c@tcbrastercolumn=\count317
\c@tcbrasterrow=\count318
\c@tcbrasternum=\count319
\c@tcbraster=\count320
) (c:/Users/MDXR/AppData/Roaming/TinyTeX/texmf-dist/tex/latex/tcolorbox/tcbskins.code.tex
Library (tcolorbox): 'tcbskins.code.tex' version '6.4.1'
(c:/Users/MDXR/AppData/Roaming/TinyTeX/texmf-dist/tex/latex/tikzfill/tikzfill.image.sty
Package: tikzfill.image 2023/08/08 v1.0.1 Image filling library for TikZ
 (c:/Users/MDXR/AppData/Roaming/TinyTeX/texmf-dist/tex/latex/tikzfill/tikzfill-common.sty
Package: tikzfill-common 2023/08/08 v1.0.1 Auxiliary code for tikzfill
) (c:/Users/MDXR/AppData/Roaming/TinyTeX/texmf-dist/tex/latex/tikzfill/tikzlibraryfill.image.code.tex
File: tikzlibraryfill.image.code.tex 2023/08/08 v1.0.1 Image filling library
\l__tikzfill_img_box=\box82
)) (c:/Users/MDXR/AppData/Roaming/TinyTeX/texmf-dist/tex/latex/tcolorbox/tcbskinsjigsaw.code.tex
Library (tcolorbox): 'tcbskinsjigsaw.code.tex' version '6.4.1'
)) (c:/Users/MDXR/AppData/Roaming/TinyTeX/texmf-dist/tex/latex/tcolorbox/tcbbreakable.code.tex
Library (tcolorbox): 'tcbbreakable.code.tex' version '6.4.1'
(c:/Users/MDXR/AppData/Roaming/TinyTeX/texmf-dist/tex/latex/pdfcol/pdfcol.sty
Package: pdfcol 2022-09-21 v1.7 Handle new color stacks for pdfTeX (HO)
Package pdfcol Info: Interface disabled because of missing PDF mode of pdfTeX.
)
Package pdfcol Info: pdfTeX's color stacks are not available.
\tcb@testbox=\box83
\tcb@totalupperbox=\box84
\tcb@totallowerbox=\box85
) (c:/Users/MDXR/AppData/Roaming/TinyTeX/texmf-dist/tex/latex/tcolorbox/tcbhooks.code.tex
Library (tcolorbox): 'tcbhooks.code.tex' version '6.4.1'
) (c:/Users/MDXR/AppData/Roaming/TinyTeX/texmf-dist/tex/latex/tcolorbox/tcbtheorems.code.tex
Library (tcolorbox): 'tcbtheorems.code.tex' version '6.4.1'
(c:/Users/MDXR/AppData/Roaming/TinyTeX/texmf-dist/tex/latex/amsmath/amsmath.sty
Package: amsmath 2023/05/13 v2.17o AMS math features
\@mathmargin=\skip136

For additional information on amsmath, use the `?' option.
(c:/Users/MDXR/AppData/Roaming/TinyTeX/texmf-dist/tex/latex/amsmath/amstext.sty
Package: amstext 2021/08/26 v2.01 AMS text
 (c:/Users/MDXR/AppData/Roaming/TinyTeX/texmf-dist/tex/latex/amsmath/amsgen.sty
File: amsgen.sty 1999/11/30 v2.0 generic functions
\@emptytoks=\toks40
\ex@=\dimen279
)) (c:/Users/MDXR/AppData/Roaming/TinyTeX/texmf-dist/tex/latex/amsmath/amsbsy.sty
Package: amsbsy 1999/11/29 v1.2d Bold Symbols
\pmbraise@=\dimen280
) (c:/Users/MDXR/AppData/Roaming/TinyTeX/texmf-dist/tex/latex/amsmath/amsopn.sty
Package: amsopn 2022/04/08 v2.04 operator names
)
\inf@bad=\count321
LaTeX Info: Redefining \frac on input line 234.
\uproot@=\count322
\leftroot@=\count323
LaTeX Info: Redefining \overline on input line 399.
LaTeX Info: Redefining \colon on input line 410.
\classnum@=\count324
\DOTSCASE@=\count325
LaTeX Info: Redefining \ldots on input line 496.
LaTeX Info: Redefining \dots on input line 499.
\Mathstrutbox@=\box86
\strutbox@=\box87
LaTeX Info: Redefining \big on input line 722.
LaTeX Info: Redefining \Big on input line 723.
LaTeX Info: Redefining \bigg on input line 724.
LaTeX Info: Redefining \Bigg on input line 725.
\big@size=\dimen281
LaTeX Font Info:    Redeclaring font encoding OML on input line 743.
LaTeX Font Info:    Redeclaring font encoding OMS on input line 744.
\macc@depth=\count326
LaTeX Info: Redefining \bmod on input line 905.
LaTeX Info: Redefining \pmod on input line 910.
LaTeX Info: Redefining \smash on input line 940.
\c@MaxMatrixCols=\count327
\dotsspace@=\muskip16
\c@parentequation=\count328
\dspbrk@lvl=\count329
\tag@help=\toks41
\row@=\count330
\column@=\count331
\maxfields@=\count332
\andhelp@=\toks42
\eqnshift@=\dimen282
\alignsep@=\dimen283
\tagshift@=\dimen284
\tagwidth@=\dimen285
\totwidth@=\dimen286
\lineht@=\dimen287
\@envbody=\toks43
\multlinegap=\skip137
\multlinetaggap=\skip138
\mathdisplay@stack=\toks44
LaTeX Info: Redefining \[ on input line 2953.
LaTeX Info: Redefining \] on input line 2954.
)) (c:/Users/MDXR/AppData/Roaming/TinyTeX/texmf-dist/tex/latex/tcolorbox/tcbfitting.code.tex
Library (tcolorbox): 'tcbfitting.code.tex' version '6.4.1'
\tcbfitdim=\dimen288
\tcb@lowerfitdim=\dimen289
\tcb@upperfitdim=\dimen290
\tcb@cur@hbadness=\count333
) (c:/Users/MDXR/AppData/Roaming/TinyTeX/texmf-dist/tex/latex/tcolorbox/tcblistingsutf8.code.tex
Library (tcolorbox): 'tcblistingsutf8.code.tex' version '6.4.1'
(c:/Users/MDXR/AppData/Roaming/TinyTeX/texmf-dist/tex/latex/tcolorbox/tcblistings.code.tex
Library (tcolorbox): 'tcblistings.code.tex' version '6.4.1'
(c:/Users/MDXR/AppData/Roaming/TinyTeX/texmf-dist/tex/latex/listings/listings.sty
\lst@mode=\count334
\lst@gtempboxa=\box88
\lst@token=\toks45
\lst@length=\count335
\lst@currlwidth=\dimen291
\lst@column=\count336
\lst@pos=\count337
\lst@lostspace=\dimen292
\lst@width=\dimen293
\lst@newlines=\count338
\lst@lineno=\count339
\lst@maxwidth=\dimen294
 (c:/Users/MDXR/AppData/Roaming/TinyTeX/texmf-dist/tex/latex/listings/lstpatch.sty
File: lstpatch.sty 2024/09/23 1.10c (Carsten Heinz)
) (c:/Users/MDXR/AppData/Roaming/TinyTeX/texmf-dist/tex/latex/listings/lstmisc.sty
File: lstmisc.sty 2024/09/23 1.10c (Carsten Heinz)
\c@lstnumber=\count340
\lst@skipnumbers=\count341
\lst@framebox=\box89
) (c:/Users/MDXR/AppData/Roaming/TinyTeX/texmf-dist/tex/latex/listings/listings.cfg
File: listings.cfg 2024/09/23 1.10c listings configuration
))
Package: listings 2024/09/23 1.10c (Carsten Heinz)
 (c:/Users/MDXR/AppData/Roaming/TinyTeX/texmf-dist/tex/latex/tcolorbox/tcblistingscore.code.tex
Library (tcolorbox): 'tcblistingscore.code.tex' version '6.4.1'
(c:/Users/MDXR/AppData/Roaming/TinyTeX/texmf-dist/tex/latex/tcolorbox/tcbprocessing.code.tex
Library (tcolorbox): 'tcbprocessing.code.tex' version '6.4.1'
)
\c@tcblisting=\count342
))
Package tcolorbox Info: Library `listingsutf8' is compatible with pdftex only. Library `listings` is loaded instead. on input line 29.
) (c:/Users/MDXR/AppData/Roaming/TinyTeX/texmf-dist/tex/latex/tcolorbox/tcbexternal.code.tex
Library (tcolorbox): 'tcbexternal.code.tex' version '6.4.1'
) (c:/Users/MDXR/AppData/Roaming/TinyTeX/texmf-dist/tex/latex/tcolorbox/tcbmagazine.code.tex
Library (tcolorbox): 'tcbmagazine.code.tex' version '6.4.1'
) (c:/Users/MDXR/AppData/Roaming/TinyTeX/texmf-dist/tex/latex/tcolorbox/tcbvignette.code.tex
Library (tcolorbox): 'tcbvignette.code.tex' version '6.4.1'
(c:/Users/MDXR/AppData/Roaming/TinyTeX/texmf-dist/tex/generic/pgf/frontendlayer/tikz/libraries/tikzlibraryfadings.code.tex
File: tikzlibraryfadings.code.tex 2023-01-15 v3.1.10 (3.1.10)
 (c:/Users/MDXR/AppData/Roaming/TinyTeX/texmf-dist/tex/generic/pgf/libraries/pgflibraryfadings.code.tex
File: pgflibraryfadings.code.tex 2023-01-15 v3.1.10 (3.1.10)
))) (c:/Users/MDXR/AppData/Roaming/TinyTeX/texmf-dist/tex/latex/tcolorbox/tcbposter.code.tex
Library (tcolorbox): 'tcbposter.code.tex' version '6.4.1'
)) (c:/Users/MDXR/AppData/Roaming/TinyTeX/texmf-dist/tex/latex/colortbl/colortbl.sty
Package: colortbl 2024/07/06 v1.0i Color table columns (DPC)
\everycr=\toks46
\minrowclearance=\skip139
\rownum=\count343
) (c:/Users/MDXR/AppData/Roaming/TinyTeX/texmf-dist/tex/latex/booktabs/booktabs.sty
Package: booktabs 2020/01/12 v1.61803398 Publication quality tables
\heavyrulewidth=\dimen295
\lightrulewidth=\dimen296
\cmidrulewidth=\dimen297
\belowrulesep=\dimen298
\belowbottomsep=\dimen299
\aboverulesep=\dimen300
\abovetopsep=\dimen301
\cmidrulesep=\dimen302
\cmidrulekern=\dimen303
\defaultaddspace=\dimen304
\@cmidla=\count344
\@cmidlb=\count345
\@aboverulesep=\dimen305
\@belowrulesep=\dimen306
\@thisruleclass=\count346
\@lastruleclass=\count347
\@thisrulewidth=\dimen307
) (c:/Users/MDXR/AppData/Roaming/TinyTeX/texmf-dist/tex/latex/geometry/geometry.sty
Package: geometry 2020/01/02 v5.9 Page Geometry
 (c:/Users/MDXR/AppData/Roaming/TinyTeX/texmf-dist/tex/generic/iftex/ifvtex.sty
Package: ifvtex 2019/10/25 v1.7 ifvtex legacy package. Use iftex instead.
)
\Gm@cnth=\count348
\Gm@cntv=\count349
\c@Gm@tempcnt=\count350
\Gm@bindingoffset=\dimen308
\Gm@wd@mp=\dimen309
\Gm@odd@mp=\dimen310
\Gm@even@mp=\dimen311
\Gm@layoutwidth=\dimen312
\Gm@layoutheight=\dimen313
\Gm@layouthoffset=\dimen314
\Gm@layoutvoffset=\dimen315
\Gm@dimlist=\toks47
)
\eqskip=\skip140
 (c:/Users/MDXR/AppData/Roaming/TinyTeX/texmf-dist/tex/latex/url/url.sty
\Urlmuskip=\muskip17
Package: url 2013/09/16  ver 3.4  Verb mode for urls, etc.
) (c:/Users/MDXR/AppData/Roaming/TinyTeX/texmf-dist/tex/latex/xurl/xurl.sty
Package: xurl 2022/01/09 v 0.10 modify URL breaks
) (c:/Users/MDXR/AppData/Roaming/TinyTeX/texmf-dist/tex/latex/hyperref/hyperref.sty
Package: hyperref 2024-01-20 v7.01h Hypertext links for LaTeX
 (c:/Users/MDXR/AppData/Roaming/TinyTeX/texmf-dist/tex/generic/pdfescape/pdfescape.sty
Package: pdfescape 2019/12/09 v1.15 Implements pdfTeX's escape features (HO)
) (c:/Users/MDXR/AppData/Roaming/TinyTeX/texmf-dist/tex/latex/hycolor/hycolor.sty
Package: hycolor 2020-01-27 v1.10 Color options for hyperref/bookmark (HO)
) (c:/Users/MDXR/AppData/Roaming/TinyTeX/texmf-dist/tex/latex/hyperref/nameref.sty
Package: nameref 2023-11-26 v2.56 Cross-referencing by name of section
 (c:/Users/MDXR/AppData/Roaming/TinyTeX/texmf-dist/tex/latex/refcount/refcount.sty
Package: refcount 2019/12/15 v3.6 Data extraction from label references (HO)
) (c:/Users/MDXR/AppData/Roaming/TinyTeX/texmf-dist/tex/generic/gettitlestring/gettitlestring.sty
Package: gettitlestring 2019/12/15 v1.6 Cleanup title references (HO)
)
\c@section@level=\count351
)
\@linkdim=\dimen316
\Hy@linkcounter=\count352
\Hy@pagecounter=\count353
 (c:/Users/MDXR/AppData/Roaming/TinyTeX/texmf-dist/tex/latex/hyperref/pd1enc.def
File: pd1enc.def 2024-01-20 v7.01h Hyperref: PDFDocEncoding definition (HO)
) (c:/Users/MDXR/AppData/Roaming/TinyTeX/texmf-dist/tex/generic/intcalc/intcalc.sty
Package: intcalc 2019/12/15 v1.3 Expandable calculations with integers (HO)
)
\Hy@SavedSpaceFactor=\count354
 (c:/Users/MDXR/AppData/Roaming/TinyTeX/texmf-dist/tex/latex/hyperref/puenc.def
File: puenc.def 2024-01-20 v7.01h Hyperref: PDF Unicode definition (HO)
)
Package hyperref Info: Option `colorlinks' set `true' on input line 4062.
Package hyperref Info: Hyper figures OFF on input line 4179.
Package hyperref Info: Link nesting OFF on input line 4184.
Package hyperref Info: Hyper index ON on input line 4187.
Package hyperref Info: Plain pages OFF on input line 4194.
Package hyperref Info: Backreferencing OFF on input line 4199.
Package hyperref Info: Implicit mode ON; LaTeX internals redefined.
Package hyperref Info: Bookmarks ON on input line 4446.
\c@Hy@tempcnt=\count355
LaTeX Info: Redefining \url on input line 4784.
\XeTeXLinkMargin=\dimen317
 (c:/Users/MDXR/AppData/Roaming/TinyTeX/texmf-dist/tex/generic/bitset/bitset.sty
Package: bitset 2019/12/09 v1.3 Handle bit-vector datatype (HO)
 (c:/Users/MDXR/AppData/Roaming/TinyTeX/texmf-dist/tex/generic/bigintcalc/bigintcalc.sty
Package: bigintcalc 2019/12/15 v1.5 Expandable calculations on big integers (HO)
))
\Fld@menulength=\count356
\Field@Width=\dimen318
\Fld@charsize=\dimen319
Package hyperref Info: Hyper figures OFF on input line 6063.
Package hyperref Info: Link nesting OFF on input line 6068.
Package hyperref Info: Hyper index ON on input line 6071.
Package hyperref Info: backreferencing OFF on input line 6078.
Package hyperref Info: Link coloring ON on input line 6081.
Package hyperref Info: Link coloring with OCG OFF on input line 6088.
Package hyperref Info: PDF/A mode OFF on input line 6093.
 (c:/Users/MDXR/AppData/Roaming/TinyTeX/texmf-dist/tex/latex/base/atbegshi-ltx.sty
Package: atbegshi-ltx 2021/01/10 v1.0c Emulation of the original atbegshi
package with kernel methods
)
\Hy@abspage=\count357
\c@Item=\count358
\c@Hfootnote=\count359
)
Package hyperref Info: Driver (autodetected): hxetex.
 (c:/Users/MDXR/AppData/Roaming/TinyTeX/texmf-dist/tex/latex/hyperref/hxetex.def
File: hxetex.def 2024-01-20 v7.01h Hyperref driver for XeTeX
 (c:/Users/MDXR/AppData/Roaming/TinyTeX/texmf-dist/tex/generic/stringenc/stringenc.sty
Package: stringenc 2019/11/29 v1.12 Convert strings between diff. encodings (HO)
)
\pdfm@box=\box90
\c@Hy@AnnotLevel=\count360
\HyField@AnnotCount=\count361
\Fld@listcount=\count362
\c@bookmark@seq@number=\count363
 (c:/Users/MDXR/AppData/Roaming/TinyTeX/texmf-dist/tex/latex/rerunfilecheck/rerunfilecheck.sty
Package: rerunfilecheck 2022-07-10 v1.10 Rerun checks for auxiliary files (HO)
 (c:/Users/MDXR/AppData/Roaming/TinyTeX/texmf-dist/tex/latex/base/atveryend-ltx.sty
Package: atveryend-ltx 2020/08/19 v1.0a Emulation of the original atveryend package
with kernel methods
) (c:/Users/MDXR/AppData/Roaming/TinyTeX/texmf-dist/tex/generic/uniquecounter/uniquecounter.sty
Package: uniquecounter 2019/12/15 v1.4 Provide unlimited unique counter (HO)
)
Package uniquecounter Info: New unique counter `rerunfilecheck' on input line 285.
)
\Hy@SectionHShift=\skip141
) (c:/Users/MDXR/AppData/Roaming/TinyTeX/texmf-dist/tex/latex/cleveref/cleveref.sty
Package: cleveref 2018/03/27 v0.21.4 Intelligent cross-referencing
Package cleveref Info: `hyperref' support loaded on input line 2370.
LaTeX Info: Redefining \cref on input line 2370.
LaTeX Info: Redefining \Cref on input line 2370.
LaTeX Info: Redefining \crefrange on input line 2370.
LaTeX Info: Redefining \Crefrange on input line 2370.
LaTeX Info: Redefining \cpageref on input line 2370.
LaTeX Info: Redefining \Cpageref on input line 2370.
LaTeX Info: Redefining \cpagerefrange on input line 2370.
LaTeX Info: Redefining \Cpagerefrange on input line 2370.
LaTeX Info: Redefining \labelcref on input line 2370.
LaTeX Info: Redefining \labelcpageref on input line 2370.
Package cleveref Info: `listings' support loaded on input line 3131.
) (c:/Users/MDXR/AppData/Roaming/TinyTeX/texmf-dist/tex/latex/bookmark/bookmark.sty
Package: bookmark 2023-12-10 v1.31 PDF bookmarks (HO)
 (c:/Users/MDXR/AppData/Roaming/TinyTeX/texmf-dist/tex/latex/bookmark/bkm-dvipdfm.def
File: bkm-dvipdfm.def 2023-12-10 v1.31 bookmark driver for dvipdfm (HO)
\BKM@id=\count364
)) (c:/Users/MDXR/AppData/Roaming/TinyTeX/texmf-dist/tex/latex/enumitem/enumitem.sty
Package: enumitem 2025/02/06 v3.11 Customized lists
\labelindent=\skip142
\enit@outerparindent=\dimen320
\enit@toks=\toks48
\enit@inbox=\box91
\enit@count@id=\count365
\enitdp@description=\count366
) (c:/Users/MDXR/AppData/Roaming/TinyTeX/texmf-dist/tex/latex/footmisc/footmisc.sty
Package: footmisc 2024/12/24 v6.0g a miscellany of footnote facilities
\FN@temptoken=\toks49
\footnotemargin=\dimen321
\@outputbox@depth=\dimen322
Package footmisc Info: Declaring symbol style bringhurst on input line 699.
Package footmisc Info: Declaring symbol style chicago on input line 707.
Package footmisc Info: Declaring symbol style wiley on input line 716.
Package footmisc Info: Declaring symbol style lamport-robust on input line 727.
Package footmisc Info: Declaring symbol style lamport* on input line 747.
Package footmisc Info: Declaring symbol style lamport*-robust on input line 768.
) (c:/Users/MDXR/AppData/Roaming/TinyTeX/texmf-dist/tex/latex/fancyhdr/fancyhdr.sty
Package: fancyhdr 2025/02/07 v5.2 Extensive control of page headers and footers
\f@nch@headwidth=\skip143
\f@nch@offset@elh=\skip144
\f@nch@offset@erh=\skip145
\f@nch@offset@olh=\skip146
\f@nch@offset@orh=\skip147
\f@nch@offset@elf=\skip148
\f@nch@offset@erf=\skip149
\f@nch@offset@olf=\skip150
\f@nch@offset@orf=\skip151
\f@nch@height=\skip152
\f@nch@footalignment=\skip153
\f@nch@widthL=\skip154
\f@nch@widthC=\skip155
\f@nch@widthR=\skip156
\@temptokenb=\toks50
) (c:/Users/MDXR/AppData/Roaming/TinyTeX/texmf-dist/tex/latex/lastpage/lastpage.sty
Package: lastpage 2025/01/27 v2.1e lastpage: 2.09 or 2e? (HMM)
 (c:/Users/MDXR/AppData/Roaming/TinyTeX/texmf-dist/tex/latex/lastpage/lastpage2e.sty
Package: lastpage2e 2025/01/27 v2.1e Decide which 2e lastpage version to use (HMM)
 (c:/Users/MDXR/AppData/Roaming/TinyTeX/texmf-dist/tex/latex/lastpage/lastpageclassic.sty
Package: lastpageclassic 2025/01/27 v2.1e Refers to last page's name (HMM; JPG)
) 
)) (c:/Users/MDXR/AppData/Roaming/TinyTeX/texmf-dist/tex/latex/lettrine/lettrine.sty
File: lettrine.sty 2025-01-30 v2.80 (Daniel Flipo)
 (c:/Users/MDXR/AppData/Roaming/TinyTeX/texmf-dist/tex/latex/l3packages/xfp/xfp.sty
Package: xfp 2024-03-14 L3 Floating point unit
)
\c@DefaultLines=\count367
\c@DefaultDepth=\count368
\DefaultFindent=\dimen323
\DefaultNindent=\dimen324
\DefaultSlope=\dimen325
\DiscardVskip=\dimen326
\L@lettrine=\box92
\L@lbox=\box93
\L@tbox=\box94
\c@L@lines=\count369
\c@L@depth=\count370
\L@Pindent=\dimen327
\L@Findent=\dimen328
\L@Nindent=\dimen329
\L@lraise=\dimen330
\L@first=\dimen331
\L@next=\dimen332
\L@slope=\dimen333
\L@height=\dimen334
\L@novskip=\dimen335
\L@target@ht=\dimen336
\L@target@dp=\dimen337
\L@target@tht=\dimen338
\LettrineWidth=\dimen339
\LettrineHeight=\dimen340
\LettrineDepth=\dimen341
\L@finalht=\dimen342
\L@finaldp=\dimen343

Loading lettrine.cfg
(c:/Users/MDXR/AppData/Roaming/TinyTeX/texmf-dist/tex/latex/lettrine/lettrine.cfg)
\Lettrine@tweaks=\toks51
\Llist@everypar=\toks52
) (c:/Users/MDXR/AppData/Roaming/TinyTeX/texmf-dist/tex/latex/titling/titling.sty
Package: titling 2009/09/04 v2.1d maketitle typesetting
\thanksmarkwidth=\skip157
\thanksmargin=\skip158
\droptitle=\skip159
) (c:/Users/MDXR/AppData/Roaming/TinyTeX/texmf-dist/tex/latex/titlesec/titlesec.sty
Package: titlesec 2025/01/04 v2.17 Sectioning titles
\ttl@box=\box95
\beforetitleunit=\skip160
\aftertitleunit=\skip161
\ttl@plus=\dimen344
\ttl@minus=\dimen345
\ttl@toksa=\toks53
\titlewidth=\dimen346
\titlewidthlast=\dimen347
\titlewidthfirst=\dimen348
) (c:/Users/MDXR/AppData/Roaming/TinyTeX/texmf-dist/tex/latex/tools/afterpage.sty
Package: afterpage 2023/07/04 v1.08 After-Page Package (DPC)
\AP@output=\toks54
\AP@partial=\box96
\AP@footins=\box97
) (c:/Users/MDXR/AppData/Roaming/TinyTeX/texmf-dist/tex/latex/preprint/authblk.sty
Package: authblk 2001/02/27 1.3 (PWD)
\affilsep=\skip162
\@affilsep=\skip163
\c@Maxaffil=\count371
\c@authors=\count372
\c@affil=\count373
)
\c@ttlp@side=\count374
\ttlp@side=\count375
\tocsep=\skip164
 (c:/Users/MDXR/AppData/Roaming/TinyTeX/texmf-dist/tex/latex/titlesec/titletoc.sty
Package: titletoc 2025/01/04 v2.17 TOC entries
\ttl@leftsep=\dimen349
) (c:/Users/MDXR/AppData/Roaming/TinyTeX/texmf-dist/tex/latex/minted/minted.sty
Package: minted 2025/03/06 v3.6.0 Yet another Pygments shim for LaTeX
 (c:/Users/MDXR/AppData/Roaming/TinyTeX/texmf-dist/tex/generic/catchfile/catchfile.sty
Package: catchfile 2019/12/09 v1.8 Catch the contents of a file (HO)
) (c:/Users/MDXR/AppData/Roaming/TinyTeX/texmf-dist/tex/latex/fvextra/fvextra.sty
Package: fvextra 2025/03/04 v1.12.0 fvextra - extensions and patches for fancyvrb
 (c:/Users/MDXR/AppData/Roaming/TinyTeX/texmf-dist/tex/latex/fancyvrb/fancyvrb.sty
Package: fancyvrb 2024/01/20 4.5c verbatim text (tvz,hv)
\FV@CodeLineNo=\count376
\FV@InFile=\read4
\FV@TabBox=\box98
\c@FancyVerbLine=\count377
\FV@StepNumber=\count378
\FV@OutFile=\write4
) (c:/Users/MDXR/AppData/Roaming/TinyTeX/texmf-dist/tex/latex/upquote/upquote.sty
Package: upquote 2012/04/19 v1.3 upright-quote and grave-accent glyphs in verbatim
) (c:/Users/MDXR/AppData/Roaming/TinyTeX/texmf-dist/tex/latex/lineno/lineno.sty
Package: lineno 2025/01/29 line numbers on paragraphs v5.4
\linenopenalty=\count379
\output=\toks55
\linenoprevgraf=\count380
\linenumbersep=\dimen350
\linenumberwidth=\dimen351
\c@linenumber=\count381
\c@pagewiselinenumber=\count382
\c@LN@truepage=\count383
\c@internallinenumber=\count384
\c@internallinenumbers=\count385
\quotelinenumbersep=\dimen352
\bframerule=\dimen353
\bframesep=\dimen354
\bframebox=\box99
\@LN@amsmath@ams@eqpen=\count386
LaTeX Info: Redefining \\ on input line 3187.
)
\c@FancyVerbWriteLine=\count387
\c@FancyVerbBufferLine=\count388
\c@FV@TrueTabGroupLevel=\count389
\c@FV@TrueTabCounter=\count390
\FV@TabBox@Group=\box100
\FV@bgcolorstructbox=\box101
\FV@TmpLength=\skip165
\c@FV@HighlightLinesStart=\count391
\c@FV@HighlightLinesStop=\count392
\FV@LoopCount=\count393
\FV@NCharsBox=\box102
\FV@BreakIndent=\dimen355
\FV@BreakIndentNChars=\count394
\FV@BreakSymbolSepLeft=\dimen356
\FV@BreakSymbolSepLeftNChars=\count395
\FV@BreakSymbolSepRight=\dimen357
\FV@BreakSymbolSepRightNChars=\count396
\FV@BreakSymbolIndentLeft=\dimen358
\FV@BreakSymbolIndentLeftNChars=\count397
\FV@BreakSymbolIndentRight=\dimen359
\FV@BreakSymbolIndentRightNChars=\count398
\c@FancyVerbLineBreakLast=\count399
\FV@LineBox=\box103
\FV@LineIndentBox=\box104
\c@FV@BreakBufferDepth=\count400
\FV@LineWidth=\dimen360
) (c:/Users/MDXR/AppData/Roaming/TinyTeX/texmf-dist/tex/latex/latex2pydata/latex2pydata.sty
Package: latex2pydata 2025/03/03 v0.5.0 latex2pydata - write data to file in Python literal format
) (c:/Users/MDXR/AppData/Roaming/TinyTeX/texmf-dist/tex/latex/pgfopts/pgfopts.sty
Package: pgfopts 2014/07/10 v2.1a LaTeX package options with pgfkeys
\pgfopts@list@add@a@toks=\toks56
\pgfopts@list@add@b@toks=\toks57
) (c:/Users/MDXR/AppData/Roaming/TinyTeX/texmf-dist/tex/latex/tools/shellesc.sty
Package: shellesc 2023/07/08 v1.0d unified shell escape interface for LaTeX
Package shellesc Info: Unrestricted shell escape enabled on input line 75.
)
\c@minted@FancyVerbLineTemp=\count401
\@float@every@listing=\toks58
\c@listing=\count402
) (c:/Users/MDXR/AppData/Roaming/TinyTeX/texmf-dist/tex/latex/csquotes/csquotes.sty
Package: csquotes 2024-04-04 v5.2o context-sensitive quotations (JAW)
\csq@reset=\count403
\csq@gtype=\count404
\csq@glevel=\count405
\csq@qlevel=\count406
\csq@maxlvl=\count407
\csq@tshold=\count408
\csq@ltx@everypar=\toks59
 (c:/Users/MDXR/AppData/Roaming/TinyTeX/texmf-dist/tex/latex/csquotes/csquotes.def
File: csquotes.def 2024-04-04 v5.2o csquotes generic definitions (JAW)
)
Package csquotes Info: Trying to load configuration file 'csquotes.cfg'...
Package csquotes Info: ... configuration file loaded successfully.
 (c:/Users/MDXR/AppData/Roaming/TinyTeX/texmf-dist/tex/latex/csquotes/csquotes.cfg
File: csquotes.cfg 
)) (c:/Users/MDXR/AppData/Roaming/TinyTeX/texmf-dist/tex/latex/biblatex/biblatex.sty
Package: biblatex 2024/03/21 v3.20 programmable bibliographies (PK/MW)
 (c:/Users/MDXR/AppData/Roaming/TinyTeX/texmf-dist/tex/latex/logreq/logreq.sty
Package: logreq 2010/08/04 v1.0 xml request logger
\lrq@indent=\count409
 (c:/Users/MDXR/AppData/Roaming/TinyTeX/texmf-dist/tex/latex/logreq/logreq.def
File: logreq.def 2010/08/04 v1.0 logreq spec v1.0
))
\c@tabx@nest=\count410
\c@listtotal=\count411
\c@listcount=\count412
\c@liststart=\count413
\c@liststop=\count414
\c@citecount=\count415
\c@citetotal=\count416
\c@multicitecount=\count417
\c@multicitetotal=\count418
\c@instcount=\count419
\c@maxnames=\count420
\c@minnames=\count421
\c@maxitems=\count422
\c@minitems=\count423
\c@citecounter=\count424
\c@maxcitecounter=\count425
\c@savedcitecounter=\count426
\c@uniquelist=\count427
\c@uniquename=\count428
\c@refsection=\count429
\c@refsegment=\count430
\c@maxextratitle=\count431
\c@maxextratitleyear=\count432
\c@maxextraname=\count433
\c@maxextradate=\count434
\c@maxextraalpha=\count435
\c@abbrvpenalty=\count436
\c@highnamepenalty=\count437
\c@lownamepenalty=\count438
\c@maxparens=\count439
\c@parenlevel=\count440
\blx@tempcnta=\count441
\blx@tempcntb=\count442
\blx@tempcntc=\count443
\c@blx@maxsection=\count444
\blx@maxsegment@0=\count445
\blx@notetype=\count446
\blx@parenlevel@text=\count447
\blx@parenlevel@foot=\count448
\blx@sectionciteorder@0=\count449
\blx@sectionciteorderinternal@0=\count450
\blx@entrysetcounter=\count451
\blx@biblioinstance=\count452
\labelnumberwidth=\skip166
\labelalphawidth=\skip167
\biblabelsep=\skip168
\bibitemsep=\skip169
\bibnamesep=\skip170
\bibinitsep=\skip171
\bibparsep=\skip172
\bibhang=\skip173
\blx@bcfin=\read5
\blx@bcfout=\write5
\blx@langwohyphens=\language5
\c@mincomprange=\count453
\c@maxcomprange=\count454
\c@mincompwidth=\count455
Package biblatex Info: Trying to load biblatex default data model...
Package biblatex Info: ... file 'blx-dm.def' found.
 (c:/Users/MDXR/AppData/Roaming/TinyTeX/texmf-dist/tex/latex/biblatex/blx-dm.def
File: blx-dm.def 2024/03/21 v3.20 biblatex datamodel (PK/MW)
)
Package biblatex Info: Trying to load biblatex style data model...
Package biblatex Info: ... file 'ieee.dbx' not found.
Package biblatex Info: Trying to load biblatex custom data model...
Package biblatex Info: ... file 'biblatex-dm.cfg' not found.
\c@afterword=\count456
\c@savedafterword=\count457
\c@annotator=\count458
\c@savedannotator=\count459
\c@author=\count460
\c@savedauthor=\count461
\c@bookauthor=\count462
\c@savedbookauthor=\count463
\c@commentator=\count464
\c@savedcommentator=\count465
\c@editor=\count466
\c@savededitor=\count467
\c@editora=\count468
\c@savededitora=\count469
\c@editorb=\count470
\c@savededitorb=\count471
\c@editorc=\count472
\c@savededitorc=\count473
\c@foreword=\count474
\c@savedforeword=\count475
\c@holder=\count476
\c@savedholder=\count477
\c@introduction=\count478
\c@savedintroduction=\count479
\c@namea=\count480
\c@savednamea=\count481
\c@nameb=\count482
\c@savednameb=\count483
\c@namec=\count484
\c@savednamec=\count485
\c@translator=\count486
\c@savedtranslator=\count487
\c@shortauthor=\count488
\c@savedshortauthor=\count489
\c@shorteditor=\count490
\c@savedshorteditor=\count491
\c@labelname=\count492
\c@savedlabelname=\count493
\c@institution=\count494
\c@savedinstitution=\count495
\c@lista=\count496
\c@savedlista=\count497
\c@listb=\count498
\c@savedlistb=\count499
\c@listc=\count500
\c@savedlistc=\count501
\c@listd=\count502
\c@savedlistd=\count503
\c@liste=\count504
\c@savedliste=\count505
\c@listf=\count506
\c@savedlistf=\count507
\c@location=\count508
\c@savedlocation=\count509
\c@organization=\count510
\c@savedorganization=\count511
\c@origlocation=\count512
\c@savedoriglocation=\count513
\c@origpublisher=\count514
\c@savedorigpublisher=\count515
\c@publisher=\co76
\shorttitlewidth=\skip177
\shortauthorwidth=\skip178
\shorteditorwidth=\skip179
\locallabelnumberwidth=\skip180
\locallabelalphawidth=\skip181
\localshorthandwidth=\skip182
\localshortjournalwidth=\skip183
\localshortserieswidth=\skip184
\localshorttitlewidth=\skip185
\localshortauthorwidth=\skip186
\localshorteditorwidth=\skip187
Package biblatex Info: Trying to load enhanced support for Unicode engines...
Package biblatex Info: ... file 'blx-unicode.def' found.
 (c:/Users/MDXR/AppData/Roaming/TinyTeX/texmf-dist/tex/latex/biblatex/blx-unicode.def)
Package biblatex Info: Trying to load compatibility code...
Package biblatex Info: ... file 'blx-compat.def' found.
 (c:/Users/MDXR/AppData/Roaming/TinyTeX/texmf-dist/tex/latex/biblatex/blx-compat.def
File: blx-compat.def 2024/03/21 v3.20 biblatex compatibility (PK/MW)
)
Package biblatex Info: Trying to load generic definitions...
Package biblatex Info: ... file 'biblatex.def' found.
 (c:/Users/MDXR/AppData/Roaming/TinyTeX/texmf-dist/tex/latex/biblatex/biblatex.def
File: biblatex.def 2024/03/21 v3.20 biblatex compatibility (PK/MW)
\c@textcitecount=\count524
\c@textcitetotal=\count525
\c@textcitemaxnames=\count526
\c@biburlbigbreakpenalty=\count527
\c@biburlbreakpenalty=\count528
\c@biburlnumpenalty=\count529
\c@biburlucpenalty=\count530
\c@biburllcpenalty=\count531
\biburlbigskip=\muskip18
\biburlnumskip=\muskip19
\biburlucskip=\muskip20
\biburllcskip=\muskip21
\c@smartand=\count532
)
Package biblatex Info: Trying to load bibliography style 'ieee'...
Package biblatex Info: ... file 'ieee.bbx' not found.


! Package biblatex Error: Style 'ieee' not found.

See the biblatex package documentation for explanation.
Type  H <return>  for immediate help.
 ...                                              
                                                  
l.16290 \RequireBibliographyStyle{\blx@bbxfile}
                                               
? :16290: Package biblatex Error: Style 'ieee' not found.

See the biblatex package documentation for explanation.
Type  H <return>  for immediate help.
 ...                                              
                                                  
l.16290 \RequireBibliographyStyle{\blx@bbxfile}
                                               
The bibliography style 'ieee' could not be found.

Package biblatex Info: Trying to load citation style 'numeric-comp'...
Package biblatex Info: ... file 'numeric-comp.cbx' found.
(c:/Users/MDXR/AppData/Roaming/TinyTeX/texmf-dist/tex/latex/biblatex/cbx/numeric-comp.cbx
File: numeric-comp.cbx 2024/03/21 v3.20 biblatex citation style (PK/MW)
\c@cbx@tempcnta=\count533
\c@cbx@tempcntb=\count534
\c@cbx@tempcntc=\count535
\c@cbx@tempcntd=\count536
Package biblatex Info: Redefining '\cite'.
Package biblatex Info: Redefining '\parencite'.
Package biblatex Info: Redefining '\footcite'.
Package biblatex Info: Redefining '\footcitetext'.
Package biblatex Info: Redefining '\smartcite'.
Package biblatex Info: Redefining '\supercite'.
Package biblatex Info: Redefining '\textcite'.
Package biblatex Info: Redefining '\textcites'.
Package biblatex Info: Redefining '\cites'.
Package biblatex Info: Redefining '\parencites'.
Package biblatex Info: Redefining '\smartcites'.
)
Package biblatex Info: Trying to load configuration file...
Package biblatex Info: ... file 'biblatex.cfg' found.
 (c:/Users/MDXR/AppData/Roaming/TinyTeX/texmf-dist/tex/latex/biblatex/biblatex.cfg
File: biblatex.cfg 
)
Package biblatex Info: XeTeX detected.
(biblatex)             Assuming input encoding 'utf8'.
Package biblatex Info: Document encoding is UTF8 ....
Package biblatex Info: ... and expl3
(biblatex)             2024-03-14 L3 programming layer (loader) 
(biblatex)             is new enough (at least 2020/04/06),
(biblatex)             setting 'casechanger=expl3'.
 (c:/Users/MDXR/AppData/Roaming/TinyTeX/texmf-dist/tex/latex/biblatex/blx-case-expl3.sty
Package: blx-case-expl3 2024/03/21 v3.20 expl3 case changing code for biblatex
))) (c:/Users/MDXR/AppData/Roaming/TinyTeX/texmf-dist/tex/latex/microtype/microtype.sty
Package: microtype 2025/02/11 v3.2a Micro-typographical refinements (RS)
\MT@toks=\toks60
\MT@tempbox=\box105
\MT@count=\count537
LaTeX Info: Redefining \noprotrusionifhmode on input line 1087.
LaTeX Info: Redefining \leftprotrusion on input line 1088.
\MT@prot@toks=\toks61
LaTeX Info: Redefining \rightprotrusion on input line 1107.
LaTeX Info: Redefining \textls on input line 1449.
\MT@outer@kern=\dimen361
LaTeX Info: Redefining \microtypecontext on input line 2053.
LaTeX Info: Redefining \textmicrotypecontext on input line 2070.
\MT@listname@count=\count538
 (c:/Users/MDXR/AppData/Roaming/TinyTeX/texmf-dist/tex/latex/microtype/microtype-xetex.def
File: microtype-xetex.def 2025/02/11 v3.2a Definitions specific to xetex (RS)
LaTeX Info: Redefining \lsstyle on input line 443.
LaTeX Info: Redefining \lslig on input line 451.
\MT@outer@space=\skip188
)
Package microtype Info: Loading configuration file microtype.cfg.
 (c:/Users/MDXR/AppData/Roaming/TinyTeX/texmf-dist/tex/latex/microtype/microtype.cfg
File: microtype.cfg 2025/02/11 v3.2a microtype main configuration file (RS)
)
LaTeX Info: Redefining \microtypesetup on input line 3065.
) (c:/Users/MDXR/AppData/Roaming/TinyTeX/texmf-dist/tex/generic/babel/babel.sty
Package: babel 2024/02/07 v24.2 The Babel package
\babel@savecnt=\count539
\U@D=\dimen362
\l@unhyphenated=\language6
 (c:/Users/MDXR/AppData/Roaming/TinyTeX/texmf-dist/tex/generic/babel/xebabel.def)
\bbl@readstream=\read6
\bbl@dirlevel=\count540
 (c:/Users/MDXR/AppData/Roaming/TinyTeX/texmf-dist/tex/generic/babel/errbabel.def)

c:/Users/MDXR/AppData/Roaming/TinyTeX/texmf-dist/tex/generic/babel/babel.sty:4210: Package babel Error: Unknown option 'english'. Either you misspelled it
(babel)                or the language definition file english.ldf
(babel)                was not found.
(babel)                There is a locale ini file for this language.
(babel)                If it’s the main language, try adding `provide=*'
(babel)                to the babel package options.

See the babel package documentation for explanation.
Type  H <return>  for immediate help.
 ...                                              
                                                  
l.4210 \ProcessOptions*
                       
Valid options are, among others: shorthands=, KeepShorthandsActive,
activeacute, activegrave, noconfigs, safe=, main=, math=
headfoot=, strings=, config=, hyphenmap=, or a language name.

Package babel Info: You haven't specified a language as a class or package
(babel)             option. I'll load 'nil'. Reported on input line 4258.
(c:/Users/MDXR/AppData/Roaming/TinyTeX/texmf-dist/tex/generic/babel/nil.ldf
Language: nil 2024/02/07 v24.2 Nil language
\l@nil=\language7
))

g:/My Drive/Study/HKU/POLI3148 Data Science in Politics and Public Administration/Final Project/Report/Template/report.tex:34: LaTeX Error: Command \inlinecode already defined.
               Or name \end... illegal, see p.192 of the manual.

See the LaTeX manual or LaTeX Companion for explanation.
Type  H <return>  for immediate help.
 ...                                              
                                                  
l.34 \newcommand{\inlinecode}[1]{\url{#1}}
                                          
Your command was ignored.
Type  I <command> <return>  to replace it with another command,
or  <return>  to continue without it.

Package csquotes Info: Checking for multilingual support...
Package csquotes Info: ... found 'babel' package.
Package csquotes Info: Adjusting default style.

Package csquotes Warning: No style for language 'nil'.
(csquotes)                Using fallback style on input line 106.

Package csquotes Info: Redefining alias 'default' -> 'fallback'.
No file report.aux.
\openout1 = `report.aux'.

LaTeX Font Info:    Checking defaults for OML/cmm/m/it on input line 106.
LaTeX Font Info:    ... okay on input line 106.
LaTeX Font Info:    Checking defaults for OMS/cmsy/m/n on input line 106.
LaTeX Font Info:    ... okay on input line 106.
LaTeX Font Info:    Checking defaults for OT1/cmr/m/n on input line 106.
LaTeX Font Info:    ... okay on input line 106.
LaTeX Font Info:    Checking defaults for T1/cmr/m/n on input line 106.
LaTeX Font Info:    ... okay on input line 106.
LaTeX Font Info:    Checking defaults for TS1/cmr/m/n on input line 106.
LaTeX Font Info:    Trying to load font information for TS1+cmr on input line 106.
(c:/Users/MDXR/AppData/Roaming/TinyTeX/texmf-dist/tex/latex/base/ts1cmr.fd
File: ts1cmr.fd 2023/04/13 v2.5m Standard LaTeX font definitions
)
LaTeX Font Info:    ... okay on input line 106.
LaTeX Font Info:    Checking defaults for TU/lmr/m/n on input line 106.
LaTeX Font Info:    ... okay on input line 106.
LaTeX Font Info:    Checking defaults for OMX/cmex/m/n on input line 106.
LaTeX Font Info:    ... okay on input line 106.
LaTeX Font Info:    Checking defaults for U/cmr/m/n on input line 106.
LaTeX Font Info:    ... okay on input line 106.
LaTeX Font Info:    Checking defaults for LS1/stix2/m/n on input line 106.
LaTeX Font Info:    Trying to load font information for LS1+stix2 on input line 106.
 (c:/Users/MDXR/AppData/Roaming/TinyTeX/texmf-dist/tex/latex/stix2-type1/ls1stix2.fd
File: ls1stix2.fd 2018/04/02 v2.0.0-latex stix2 LS1 font definitions
)
LaTeX Font Info:    ... okay on input line 106.
LaTeX Font Info:    Checking defaults for LS2/stix2/m/n on input line 106.
LaTeX Font Info:    Trying to load font information for LS2+stix2 on input line 106.
 (c:/Users/MDXR/AppData/Roaming/TinyTeX/texmf-dist/tex/latex/stix2-type1/ls2stix2.fd
File: ls2stix2.fd 2018/04/02 v2.0.0-latex stix2 LS2 font definitions
)
LaTeX Font Info:    ... okay on input line 106.
LaTeX Font Info:    Checking defaults for PD1/pdf/m/n on input line 106.
LaTeX Font Info:    ... okay on input line 106.
LaTeX Font Info:    Checking defaults for PU/pdf/m/n on input line 106.
LaTeX Font Info:    ... okay on input line 106.
Package caption Info: Begin \AtBeginDocument code.
Package caption Info: float package is loaded.
Package caption Info: hyperref package is loaded.
Package caption Info: listings package is loaded.
Package caption Info: End \AtBeginDocument code.

Package fontspec Info: Adjusting the maths setup (use [no-math] to avoid
(fontspec)             this).

\symlegacymaths=\mathgroup12
LaTeX Font Info:    Overwriting symbol font `legacymaths' in version `bold'
(Font)                  OT1/cmr/m/n --> OT1/cmr/bx/n on input line 106.
LaTeX Font Info:    Redeclaring math accent \acute on input line 106.
LaTeX Font Info:    Redeclaring math accent \grave on input line 106.
LaTeX Font Info:    Redeclaring math accent \ddot on input line 106.
LaTeX Font Info:    Redeclaring math accent \tilde on input line 106.
LaTeX Font Info:    Redeclaring math accent \bar on input line 106.
LaTeX Font Info:    Redeclaring math accent \breve on input line 106.
LaTeX Font Info:    Redeclaring math accent \check on input line 106.
LaTeX Font Info:    Redeclaring math accent \hat on input line 106.
LaTeX Font Info:    Redeclaring math accent \dot on input line 106.
LaTeX Font Info:    Redeclaring math accent \mathring on input line 106.
LaTeX Font Info:    Redeclaring math symbol \Gamma on input line 106.
LaTeX Font Info:    Redeclaring math symbol \Delta on input line 106.
LaTeX Font Info:    Redeclaring math symbol \Theta on input line 106.
LaTeX Font Info:    Redeclaring math symbol \Lambda on input line 106.
LaTeX Font Info:    Redeclaring math symbol \Xi on input line 106.
LaTeX Font Info:    Redeclaring math symbol \Pi on input line 106.
LaTeX Font Info:    Redeclaring math symbol \Sigma on input line 106.
LaTeX Font Info:    Redeclaring math symbol \Upsilon on input line 106.
LaTeX Font Info:    Redeclaring math symbol \Phi on input line 106.
LaTeX Font Info:    Redeclaring math symbol \Psi on input line 106.
LaTeX Font Info:    Redeclaring math symbol \Omega on input line 106.
LaTeX Font Info:    Redeclaring math symbol \mathdollar on input line 106.
LaTeX Font Info:    Redeclaring symbol font `operators' on input line 106.
LaTeX Font Info:    Encoding `LS1' has changed to `TU' for symbol font
(Font)              `operators' in the math version `normal' on input line 106.
LaTeX Font Info:    Overwriting symbol font `operators' in version `normal'
(Font)                  LS1/stix2/m/n --> TU/lmr/m/n on input line 106.
LaTeX Font Info:    Encoding `LS1' has changed to `TU' for symbol font
(Font)              `operators' in the math version `bold' on input line 106.
LaTeX Font Info:    Overwriting symbol font `operators' in version `bold'
(Font)                  LS1/stix2/b/n --> TU/lmr/m/n on input line 106.
LaTeX Font Info:    Overwriting symbol font `operators' in version `normal'
(Font)                  TU/lmr/m/n --> TU/lmr/m/n on input line 106.
LaTeX Font Info:    Overwriting math alphabet `\mathit' in version `normal'
(Font)                  LS1/stix2/m/it --> TU/lmr/m/it on input line 106.
LaTeX Font Info:    Overwriting math alphabet `\mathbf' in version `normal'
(Font)                  LS1/stix2/b/n --> TU/lmr/b/n on input line 106.
LaTeX Font Info:    Overwriting math alphabet `\mathsf' in version `normal'
(Font)                  LS1/stix2sf/m/n --> TU/FiraSans(0)/m/n on input line 106.
LaTeX Font Info:    Overwriting math alphabet `\mathtt' in version `normal'
(Font)                  LS2/stix2tt/m/n --> TU/FiraMono(0)/m/n on input line 106.
LaTeX Font Info:    Overwriting symbol font `operators' in version `bold'
(Font)                  TU/lmr/m/n --> TU/lmr/b/n on input line 106.
LaTeX Font Info:    Overwriting math alphabet `\mathit' in version `bold'
(Font)                  LS1/stix2/b/it --> TU/lmr/b/it on input line 106.
LaTeX Font Info:    Overwriting math alphabet `\mathsf' in version `bold'
(Font)                  LS1/stix2sf/b/n --> TU/FiraSans(0)/b/n on input line 106.
LaTeX Font Info:    Overwriting math alphabet `\mathtt' in version `bold'
(Font)                  LS2/stix2tt/b/n --> TU/FiraMono(0)/b/n on input line 106.
LaTeX Info: Command `\dddot' is already robust on input line 106.
LaTeX Info: Command `\ddddot' is already robust on input line 106.
\c@lstlisting=\count541

*geometry* driver: auto-detecting
*geometry* detected driver: xetex
*geometry* verbose mode - [ preamble ] result:
* driver: xetex
* paper: a4paper
* layout: <same size as paper>
* layoutoffset:(h,v)=(0.0pt,0.0pt)
* modes: twoside 
* h-part:(L,W,R)=(35.56593pt, 526.376pt, 35.56593pt)
* v-part:(T,H,B)=(56.9055pt, 731.23584pt, 56.9055pt)
* \paperwidth=597.50787pt
* \paperheight=845.04684pt
* \textwidth=526.376pt
* \textheight=731.23584pt
* \oddsidemargin=-36.70406pt
* \evensidemargin=-36.70406pt
* \topmargin=-48.70404pt
* \headheight=12.0pt
* \headsep=21.33955pt
* \topskip=9.0pt
* \footskip=30.0pt
* \marginparwidth=48.0pt
* \marginparsep=10.0pt
* \columnsep=10.0pt
* \skip\footins=8.0pt plus 4.0pt minus 2.0pt
* \hoffset=0.0pt
* \voffset=0.0pt
* \mag=1000
* \@twocolumntrue
* \@twosidetrue
* \@mparswitchtrue
* \@reversemarginfalse
* (1in=72.27pt=25.4mm, 1cm=28.453pt)

Package hyperref Info: Link coloring ON on input line 106.

Package hyperref Warning: Rerun to get /PageLabels entry.

Package biblatex Info: Trying to load language 'nil'...
Package biblatex Info: ... file 'nil.lbx' not found.

Package biblatex Warning: Language 'nil' not supported.
(biblatex)                Using dummy definitions on input line 106.

Package biblatex Info: XeTeX detected.
(biblatex)             Assuming input encoding 'utf8'.
Package biblatex Info: Automatic encoding selection.
(biblatex)             Assuming data encoding 'utf8'.
\openout5 = `report.bcf'.

Package biblatex Info: Trying to load bibliographic data...
Package biblatex Info: ... file 'report.bbl' not found.
No file report.bbl.
Package biblatex Info: Reference section=0 on input line 106.
Package biblatex Info: Reference segment=0 on input line 106.
LaTeX Info: Redefining \microtypecontext on input line 106.
Package microtype Info: Applying patch `item' on input line 106.
Package microtype Info: Applying patch `toc' on input line 106.
Package microtype Info: Applying patch `eqnum' on input line 106.
Package microtype Info: Applying patch `footnote' on input line 106.
Package microtype Info: Applying patch `verbatim' on input line 106.
LaTeX Info: Redefining \microtypesetup on input line 106.
Package microtype Info: Character protrusion enabled (level 2).
Package microtype Info: Using default protrusion set `alltext'.
Package microtype Info: No adjustment of tracking.
Package microtype Info: No adjustment of spacing.
Package microtype Info: No adjustment of kerning.
(c:/Users/MDXR/AppData/Roaming/TinyTeX/texmf-dist/tex/latex/microtype/mt-LatinModernRoman.cfg
File: mt-LatinModernRoman.cfg 2021/02/21 v1.1 microtype config. file: Latin Modern Roman (RS)
)
LaTeX Font Info:    Font shape `TU/FiraSans(0)/m/n' will be
(Font)              scaled to size 9.0pt on input line 108.
Package microtype Info: Loading generic protrusion settings for font family
(microtype)             `FiraSans' (encoding: TU).
(microtype)             For optimal results, create family-specific settings.
(microtype)             See the microtype manual for details.
LaTeX Font Info:    Font shape `TU/FiraSans(0)/b/n' will be
(Font)              scaled to size 9.0pt on input line 108.
LaTeX Font Info:    Font shape `TU/FiraSans(0)/b/n' will be
(Font)              scaled to size 18.0pt on input line 108.
 (c:/Users/MDXR/AppData/Roaming/TinyTeX/texmf-dist/tex/latex/microtype/mt-ptm.cfg
File: mt-ptm.cfg 2006/04/20 v1.7 microtype config. file: Times (RS)
)
LaTeX Font Info:    Trying to load font information for LS1+stix2scr on input line 108.
 (c:/Users/MDXR/AppData/Roaming/TinyTeX/texmf-dist/tex/latex/stix2-type1/ls1stix2scr.fd
File: ls1stix2scr.fd 2018/04/02 v2.0.0-latex stix2 script LS1 font definitions
)
LaTeX Font Info:    Trying to load font information for LS2+stix2ex on input line 108.
 (c:/Users/MDXR/AppData/Roaming/TinyTeX/texmf-dist/tex/latex/stix2-type1/ls2stix2ex.fd
File: ls2stix2ex.fd 2018/04/02 v2.0.0-latex stix2 extentions LS2 font definitions
)
LaTeX Font Info:    Trying to load font information for LS1+stix2frak on input line 108.
 (c:/Users/MDXR/AppData/Roaming/TinyTeX/texmf-dist/tex/latex/stix2-type1/ls1stix2frak.fd
File: ls1stix2frak.fd 2018/04/02 v2.0.0-latex stix2 fraktur LS1 font definitions
)
LaTeX Font Info:    Trying to load font information for LS1+stix2bb on input line 108.
 (c:/Users/MDXR/AppData/Roaming/TinyTeX/texmf-dist/tex/latex/stix2-type1/ls1stix2bb.fd
File: ls1stix2bb.fd 2018/04/02 v2.0.0-latex stix2 blackboard LS1 font definitions
)
LaTeX Font Info:    Trying to load font information for LS2+stix2cal on input line 108.
 (c:/Users/MDXR/AppData/Roaming/TinyTeX/texmf-dist/tex/latex/stix2-type1/ls2stix2cal.fd
File: ls2stix2cal.fd 2018/04/02 v2.0.0-latex stix2 calligraphic LS2 font definitions
)
LaTeX Font Info:    Trying to load font information for LS1+stix2sf on input line 108.
 (c:/Users/MDXR/AppData/Roaming/TinyTeX/texmf-dist/tex/latex/stix2-type1/ls1stix2sf.fd
File: ls1stix2sf.fd 2018/04/02 v2.0.0-latex stix2 sans-serif LS1 font definitions
)
LaTeX Font Info:    Trying to load font information for LS2+stix2tt on input line 108.
 (c:/Users/MDXR/AppData/Roaming/TinyTeX/texmf-dist/tex/latex/stix2-type1/ls2stix2tt.fd
File: ls2stix2tt.fd 2018/04/02 v2.0.0-latex stix2 typewriter LS2 font definitions
) (c:/Users/MDXR/AppData/Roaming/TinyTeX/texmf-dist/tex/latex/microtype/mt-cmr.cfg
File: mt-cmr.cfg 2013/05/19 v2.2 microtype config. file: Computer Modern Roman (RS)
)
LaTeX Font Info:    Font shape `TU/FiraSans(0)/m/n' will be
(Font)              scaled to size 6.0pt on input line 108.
LaTeX Font Info:    Font shape `TU/FiraSans(0)/m/n' will be
(Font)              scaled to size 7.80002pt on input line 108.


g:/My Drive/Study/HKU/POLI3148 Data Science in Politics and Public Administration/Final Project/Report/Template/report.tex:108: Package babel Error: You haven't defined the language 'spanish' yet.
(babel)                Perhaps you misspelled it or your installation
(babel)                is not complete.

See the babel package documentation for explanation.
Type  H <return>  for immediate help.
 ...                                              
                                                  
l.108     \maketitle
                    
Your command will be ignored, type <return> to proceed

LaTeX Font Info:    Font shape `TU/FiraSans(0)/m/it' will be
(Font)              scaled to size 9.0pt on input line 108.
LaTeX Font Info:    Font shape `TU/FiraSans(0)/m/it' will be
(Font)              scaled to size 7.5pt on input line 108.
LaTeX Font Info:    Calculating math sizes for size <7.5> on input line 108.

LaTeX Font Warning: Font shape `OT1/cmr/m/n' in size <7.5> not available
(Font)              size <7> substituted on input line 108.


LaTeX Font Warning: Font shape `OT1/cmr/m/n' in size <3.75> not available
(Font)              size <5> substituted on input line 108.

LaTeX Font Info:    Font shape `TU/FiraSans(0)/m/it' will be
(Font)              scaled to size 5.24997pt on input line 108.
LaTeX Font Info:    Font shape `TU/FiraSans(0)/m/n' will be
(Font)              scaled to size 7.0pt on input line 108.
LaTeX Font Info:    Font shape `TU/FiraSans(0)/m/n' will be
(Font)              scaled to size 8.5pt on input line 108.
LaTeX Font Info:    Font shape `TU/FiraSans(0)/m/it' will be
(Font)              scaled to size 8.5pt on input line 108.
LaTeX Font Info:    Font shape `TU/FiraSans(0)/m/it' will be
(Font)              scaled to size 7.8pt on input line 108.
LaTeX Font Info:    Font shape `TU/FiraSans(0)/m/n' will be
(Font)              scaled to size 7.8pt on input line 108.
LaTeX Font Info:    Font shape `TU/FiraSans(0)/b/n' will be
(Font)              scaled to size 7.8pt on input line 108.
g:/My Drive/Study/HKU/POLI3148 Data Science in Politics and Public Administration/Final Project/Report/Template/report.tex:108: Undefined control sequence.
\environment tcb@drawing code ...UseTaggingSocket 
                                                  {tcb/drawing/begin}\Suspen...
l.108     \maketitle
                    
The control sequence at the end of the top line
of your error message was never \def'ed. If you have
misspelled it (e.g., `\hobx'), type `I' and the correct
spelling (e.g., `I\hbox'). Otherwise just continue,
and I'll forget about whatever was undefined.

Missing character: There is no t ("74) in font nullfont!
Missing character: There is no c ("63) in font nullfont!
Missing character: There is no b ("62) in font nullfont!
Missing character: There is no / ("2F) in font nullfont!
Missing character: There is no d ("64) in font nullfont!
Missing character: There is no r ("72) in font nullfont!
Missing character: There is no a ("61) in font nullfont!
Missing character: There is no w ("77) in font nullfont!
Missing character: There is no i ("69) in font nullfont!
Missing character: There is no n ("6E) in font nullfont!
Missing character: There is no g ("67) in font nullfont!
Missing character: There is no / ("2F) in font nullfont!
Missing character: There is no b ("62) in font nullfont!
Missing character: There is no e ("65) in font nullfont!
Missing character: There is no g ("67) in font nullfont!
Missing character: There is no i ("69) in font nullfont!
Missing character: There is no n ("6E) in font nullfont!
g:/My Drive/Study/HKU/POLI3148 Data Science in Politics and Public Administration/Final Project/Report/Template/report.tex:108: Undefined control sequence.
\environment tcb@drawing code ...}\SuspendTagging 
                                                  {tcb/drawing}\tcb@tikz@beg...
l.108     \maketitle
                    
The control sequence at the end of the top line
of your error message was never \def'ed. If you have
misspelled it (e.g., `\hobx'), type `I' and the correct
spelling (e.g., `I\hbox'). Otherwise just continue,
and I'll forget about whatever was undefined.

Missing character: There is no t ("74) in font nullfont!
Missing character: There is no c ("63) in font nullfont!
Missing character: There is no b ("62) in font nullfont!
Missing character: There is no / ("2F) in font nullfont!
Missing character: There is no d ("64) in font nullfont!
Missing character: There is no r ("72) in font nullfont!
Missing character: There is no a ("61) in font nullfont!
Missing character: There is no w ("77) in font nullfont!
Missing character: There is no i ("69) in font nullfont!
Missing character: There is no n ("6E) in font nullfont!
Missing character: There is no g ("67) in font nullfont!
g:/My Drive/Study/HKU/POLI3148 Data Science in Politics and Public Administration/Final Project/Report/Template/report.tex:108: Undefined control sequence.
\environment tcb@drawing end aux  ...esumeTagging 
                                                  {tcb/drawing}\UseTaggingSo...
l.108     \maketitle
                    
The control sequence at the end of the top line
of your error message was never \def'ed. If you have
misspelled it (e.g., `\hobx'), type `I' and the correct
spelling (e.g., `I\hbox'). Otherwise just continue,
and I'll forget about whatever was undefined.

Missing character: There is no t ("74) in font nullfont!
Missing character: There is no c ("63) in font nullfont!
Missing character: There is no b ("62) in font nullfont!
Missing character: There is no / ("2F) in font nullfont!
Missing character: There is no d ("64) in font nullfont!
Missing character: There is no r ("72) in font nullfont!
Missing character: There is no a ("61) in font nullfont!
Missing character: There is no w ("77) in font nullfont!
Missing character: There is no i ("69) in font nullfont!
Missing character: There is no n ("6E) in font nullfont!
Missing character: There is no g ("67) in font nullfont!
g:/My Drive/Study/HKU/POLI3148 Data Science in Politics and Public Administration/Final Project/Report/Template/report.tex:108: Undefined control sequence.
\environment tcb@drawing end aux  ...aggingSocket 
                                                  {tcb/drawing/end}\end {tik...
l.108     \maketitle
                    
The control sequence at the end of the top line
of your error message was never \def'ed. If you have
misspelled it (e.g., `\hobx'), type `I' and the correct
spelling (e.g., `I\hbox'). Otherwise just continue,
and I'll forget about whatever was undefined.

Missing character: There is no t ("74) in font nullfont!
Missing character: There is no c ("63) in font nullfont!
Missing character: There is no b ("62) in font nullfont!
Missing character: There is no / ("2F) in font nullfont!
Missing character: There is no d ("64) in font nullfont!
Missing character: There is no r ("72) in font nullfont!
Missing character: There is no a ("61) in font nullfont!
Missing character: There is no w ("77) in font nullfont!
Missing character: There is no i ("69) in font nullfont!
Missing character: There is no n ("6E) in font nullfont!
Missing character: There is no g ("67) in font nullfont!
Missing character: There is no / ("2F) in font nullfont!
Missing character: There is no e ("65) in font nullfont!
Missing character: There is no n ("6E) in font nullfont!
Missing character: There is no d ("64) in font nullfont!
LaTeX Font Info:    Font shape `TU/FiraSans(0)/m/n' will be
(Font)              scaled to size 10.0pt on input line 113.
LaTeX Font Info:    Font shape `TU/FiraSans(0)/b/n' will be
(Font)              scaled to size 10.0pt on input line 113.
Package lettrine.sty Info: Targeted height = 15.576pt
(lettrine.sty)             (for loversize=0, accent excluded),
(lettrine.sty)             Lettrine height = 18.522pt ({\fontsize {27}{24}\color {rhocolor}\bfseries {R}});
(lettrine.sty)             reported on input line 115.

Underfull \hbox (badness 5119) in paragraph at lines 115--116
[][][]\TU/lmr/m/n/9 ho-class is specially designed for research articles,
 []

LaTeX Font Info:    Font shape `TU/FiraMono(0)/m/n' will be
(Font)              scaled to size 7.20003pt on input line 120.
Package microtype Info: Loading generic protrusion settings for font family
(microtype)             `FiraMono' (encoding: TU).
(microtype)             For optimal results, create family-specific settings.
(microtype)             See the microtype manual for details.
LaTeX Font Info:    Font shape `TU/FiraMono(0)/m/n' will be
(Font)              scaled to size 6.40002pt on input line 120.
g:/My Drive/Study/HKU/POLI3148 Data Science in Politics and Public Administration/Final Project/Report/Template/report.tex:120: Undefined control sequence.
\environment tcb@drawing code ...UseTaggingSocket 
                                                  {tcb/drawing/begin}\Suspen...
l.120 ^^I^^I\item \inlinecode{rho.cls}
                                       — The main class file.
The control sequence at the end of the top line
of your error message was never \def'ed. If you have
misspelled it (e.g., `\hobx'), type `I' and the correct
spelling (e.g., `I\hbox'). Otherwise just continue,
and I'll forget about whatever was undefined.

Missing character: There is no t ("74) in font nullfont!
Missing character: There is no c ("63) in font nullfont!
Missing character: There is no b ("62) in font nullfont!
Missing character: There is no / ("2F) in font nullfont!
Missing character: There is no d ("64) in font nullfont!
Missing character: There is no r ("72) in font nullfont!
Missing character: There is no a ("61) in font nullfont!
Missing character: There is no w ("77) in font nullfont!
Missing character: There is no i ("69) in font nullfont!
Missing character: There is no n ("6E) in font nullfont!
Missing character: There is no g ("67) in font nullfont!
Missing character: There is no / ("2F) in font nullfont!
Missing character: There is no b ("62) in font nullfont!
Missing character: There is no e ("65) in font nullfont!
Missing character: There is no g ("67) in font nullfont!
Missing character: There is no i ("69) in font nullfont!
Missing character: There is no n ("6E) in font nullfont!
g:/My Drive/Study/HKU/POLI3148 Data Science in Politics and Public Administration/Final Project/Report/Template/report.tex:120: Undefined control sequence.
\environment tcb@drawing code ...}\SuspendTagging 
                                                  {tcb/drawing}\tcb@tikz@beg...
l.120 ^^I^^I\item \inlinecode{rho.cls}
                                       — The main class file.
The control sequence at the end of the top line
of your error message was never \def'ed. If you have
misspelled it (e.g., `\hobx'), type `I' and the correct
spelling (e.g., `I\hbox'). Otherwise just continue,
and I'll forget about whatever was undefined.

Missing character: There is no t ("74) in font nullfont!
Missing character: There is no c ("63) in font nullfont!
Missing character: There is no b ("62) in font nullfont!
Missing character: There is no / ("2F) in font nullfont!
Missing character: There is no d ("64) in font nullfont!
Missing character: There is no r ("72) in font nullfont!
Missing character: There is no a ("61) in font nullfont!
Missing character: There is no w ("77) in font nullfont!
Missing character: There is no i ("69) in font nullfont!
Missing character: There is no n ("6E) in font nullfont!
Missing character: There is no g ("67) in font nullfont!
g:/My Drive/Study/HKU/POLI3148 Data Science in Politics and Public Administration/Final Project/Report/Template/report.tex:120: Undefined control sequence.
\environment tcb@drawing end aux  ...esumeTagging 
                                                  {tcb/drawing}\UseTaggingSo...
l.120 ^^I^^I\item \inlinecode{rho.cls}
                                       — The main class file.
The control sequence at the end of the top line
of your error message was never \def'ed. If you have
misspelled it (e.g., `\hobx'), type `I' and the correct
spelling (e.g., `I\hbox'). Otherwise just continue,
and I'll forget about whatever was undefined.

Missing character: There is no t ("74) in font nullfont!
Missing character: There is no c ("63) in font nullfont!
Missing character: There is no b ("62) in font nullfont!
Missing character: There is no / ("2F) in font nullfont!
Missing character: There is no d ("64) in font nullfont!
Missing character: There is no r ("72) in font nullfont!
Missing character: There is no a ("61) in font nullfont!
Missing character: There is no w ("77) in font nullfont!
Missing character: There is no i ("69) in font nullfont!
Missing character: There is no n ("6E) in font nullfont!
Missing character: There is no g ("67) in font nullfont!
g:/My Drive/Study/HKU/POLI3148 Data Science in Politics and Public Administration/Final Project/Report/Template/report.tex:120: Undefined control sequence.
\environment tcb@drawing end aux  ...aggingSocket 
                                                  {tcb/drawing/end}\end {tik...
l.120 ^^I^^I\item \inlinecode{rho.cls}
                                       — The main class file.
The control sequence at the end of the top line
of your error message was never \def'ed. If you have
misspelled it (e.g., `\hobx'), type `I' and the correct
spelling (e.g., `I\hbox'). Otherwise just continue,
and I'll forget about whatever was undefined.

Missing character: There is no t ("74) in font nullfont!
Missing character: There is no c ("63) in font nullfont!
Missing character: There is no b ("62) in font nullfont!
Missing character: There is no / ("2F) in font nullfont!
Missing character: There is no d ("64) in font nullfont!
Missing character: There is no r ("72) in font nullfont!
Missing character: There is no a ("61) in font nullfont!
Missing character: There is no w ("77) in font nullfont!
Missing character: There is no i ("69) in font nullfont!
Missing character: There is no n ("6E) in font nullfont!
Missing character: There is no g ("67) in font nullfont!
Missing character: There is no / ("2F) in font nullfont!
Missing character: There is no e ("65) in font nullfont!
Missing character: There is no n ("6E) in font nullfont!
Missing character: There is no d ("64) in font nullfont!
g:/My Drive/Study/HKU/POLI3148 Data Science in Politics and Public Administration/Final Project/Report/Template/report.tex:121: Undefined control sequence.
\environment tcb@drawing code ...UseTaggingSocket 
                                                  {tcb/drawing/begin}\Suspen...
l.121 ^^I^^I\item \inlinecode{rhoenvs.sty}
                                           — A package containing custom env...
The control sequence at the end of the top line
of your error message was never \def'ed. If you have
misspelled it (e.g., `\hobx'), type `I' and the correct
spelling (e.g., `I\hbox'). Otherwise just continue,
and I'll forget about whatever was undefined.

Missing character: There is no t ("74) in font nullfont!
Missing character: There is no c ("63) in font nullfont!
Missing character: There is no b ("62) in font nullfont!
Missing character: There is no / ("2F) in font nullfont!
Missing character: There is no d ("64) in font nullfont!
Missing character: There is no r ("72) in font nullfont!
Missing character: There is no a ("61) in font nullfont!
Missing character: There is no w ("77) in font nullfont!
Missing character: There is no i ("69) in font nullfont!
Missing character: There is no n ("6E) in font nullfont!
Missing character: There is no g ("67) in font nullfont!
Missing character: There is no / ("2F) in font nullfont!
Missing character: There is no b ("62) in font nullfont!
Missing character: There is no e ("65) in font nullfont!
Missing character: There is no g ("67) in font nullfont!
Missing character: There is no i ("69) in font nullfont!
Missing character: There is no n ("6E) in font nullfont!
g:/My Drive/Study/HKU/POLI3148 Data Science in Politics and Public Administration/Final Project/Report/Template/report.tex:121: Undefined control sequence.
\environment tcb@drawing code ...}\SuspendTagging 
                                                  {tcb/drawing}\tcb@tikz@beg...
l.121 ^^I^^I\item \inlinecode{rhoenvs.sty}
                                           — A package containing custom env...
The control sequence at the end of the top line
of your error message was never \def'ed. If you have
misspelled it (e.g., `\hobx'), type `I' and the correct
spelling (e.g., `I\hbox'). Otherwise just continue,
and I'll forget about whatever was undefined.

Missing character: There is no t ("74) in font nullfont!
Missing character: There is no c ("63) in font nullfont!
Missing character: There is no b ("62) in font nullfont!
Missing character: There is no / ("2F) in font nullfont!
Missing character: There is no d ("64) in font nullfont!
Missing character: There is no r ("72) in font nullfont!
Missing character: There is no a ("61) in font nullfont!
Missing character: There is no w ("77) in font nullfont!
Missing character: There is no i ("69) in font nullfont!
Missing character: There is no n ("6E) in font nullfont!
Missing character: There is no g ("67) in font nullfont!
g:/My Drive/Study/HKU/POLI3148 Data Science in Politics and Public Administration/Final Project/Report/Template/report.tex:121: Undefined control sequence.
\environment tcb@drawing end aux  ...esumeTagging 
                                                  {tcb/drawing}\UseTaggingSo...
l.121 ^^I^^I\item \inlinecode{rhoenvs.sty}
                                           — A package containing custom env...
The control sequence at the end of the top line
of your error message was never \def'ed. If you have
misspelled it (e.g., `\hobx'), type `I' and the correct
spelling (e.g., `I\hbox'). Otherwise just continue,
and I'll forget about whatever was undefined.

Missing character: There is no t ("74) in font nullfont!
Missing character: There is no c ("63) in font nullfont!
Missing character: There is no b ("62) in font nullfont!
Missing character: There is no / ("2F) in font nullfont!
Missing character: There is no d ("64) in font nullfont!
Missing character: There is no r ("72) in font nullfont!
Missing character: There is no a ("61) in font nullfont!
Missing character: There is no w ("77) in font nullfont!
Missing character: There is no i ("69) in font nullfont!
Missing character: There is no n ("6E) in font nullfont!
Missing character: There is no g ("67) in font nullfont!
g:/My Drive/Study/HKU/POLI3148 Data Science in Politics and Public Administration/Final Project/Report/Template/report.tex:121: Undefined control sequence.
\environment tcb@drawing end aux  ...aggingSocket 
                                                  {tcb/drawing/end}\end {tik...
l.121 ^^I^^I\item \inlinecode{rhoenvs.sty}
                                           — A package containing custom env...
The control sequence at the end of the top line
of your error message was never \def'ed. If you have
misspelled it (e.g., `\hobx'), type `I' and the correct
spelling (e.g., `I\hbox'). Otherwise just continue,
and I'll forget about whatever was undefined.

Missing character: There is no t ("74) in font nullfont!
Missing character: There is no c ("63) in font nullfont!
Missing character: There is no b ("62) in font nullfont!
Missing character: There is no / ("2F) in font nullfont!
Missing character: There is no d ("64) in font nullfont!
Missing character: There is no r ("72) in font nullfont!
Missing character: There is no a ("61) in font nullfont!
Missing character: There is no w ("77) in font nullfont!
Missing character: There is no i ("69) in font nullfont!
Missing character: There is no n ("6E) in font nullfont!
Missing character: There is no g ("67) in font nullfont!
Missing character: There is no / ("2F) in font nullfont!
Missing character: There is no e ("65) in font nullfont!
Missing character: There is no n ("6E) in font nullfont!
Missing character: There is no d ("64) in font nullfont!
g:/My Drive/Study/HKU/POLI3148 Data Science in Politics and Public Administration/Final Project/Report/Template/report.tex:122: Undefined control sequence.
\environment tcb@drawing code ...UseTaggingSocket 
                                                  {tcb/drawing/begin}\Suspen...
l.122 ^^I^^I\item \inlinecode{rhobabel.sty}
                                            — A support package for multilin...
The control sequence at the end of the top line
of your error message was never \def'ed. If you have
misspelled it (e.g., `\hobx'), type `I' and the correct
spelling (e.g., `I\hbox'). Otherwise just continue,
and I'll forget about whatever was undefined.

Missing character: There is no t ("74) in font nullfont!
Missing character: There is no c ("63) in font nullfont!
Missing character: There is no b ("62) in font nullfont!
Missing character: There is no / ("2F) in font nullfont!
Missing character: There is no d ("64) in font nullfont!
Missing character: There is no r ("72) in font nullfont!
Missing character: There is no a ("61) in font nullfont!
Missing character: There is no w ("77) in font nullfont!
Missing character: There is no i ("69) in font nullfont!
Missing character: There is no n ("6E) in font nullfont!
Missing character: There is no g ("67) in font nullfont!
Missing character: There is no / ("2F) in font nullfont!
Missing character: There is no b ("62) in font nullfont!
Missing character: There is no e ("65) in font nullfont!
Missing character: There is no g ("67) in font nullfont!
Missing character: There is no i ("69) in font nullfont!
Missing character: There is no n ("6E) in font nullfont!
g:/My Drive/Study/HKU/POLI3148 Data Science in Politics and Public Administration/Final Project/Report/Template/report.tex:122: Undefined control sequence.
\environment tcb@drawing code ...}\SuspendTagging 
                                                  {tcb/drawing}\tcb@tikz@beg...
l.122 ^^I^^I\item \inlinecode{rhobabel.sty}
                                            — A support package for multilin...
The control sequence at the end of the top line
of your error message was never \def'ed. If you have
misspelled it (e.g., `\hobx'), type `I' and the correct
spelling (e.g., `I\hbox'). Otherwise just continue,
and I'll forget about whatever was undefined.

Missing character: There is no t ("74) in font nullfont!
Missing character: There is no c ("63) in font nullfont!
Missing character: There is no b ("62) in font nullfont!
Missing character: There is no / ("2F) in font nullfont!
Missing character: There is no d ("64) in font nullfont!
Missing character: There is no r ("72) in font nullfont!
Missing character: There is no a ("61) in font nullfont!
Missing character: There is no w ("77) in font nullfont!
Missing character: There is no i ("69) in font nullfont!
Missing character: There is no n ("6E) in font nullfont!
Missing character: There is no g ("67) in font nullfont!
g:/My Drive/Study/HKU/POLI3148 Data Science in Politics and Public Administration/Final Project/Report/Template/report.tex:122: Undefined control sequence.
\environment tcb@drawing end aux  ...esumeTagging 
                                                  {tcb/drawing}\UseTaggingSo...
l.122 ^^I^^I\item \inlinecode{rhobabel.sty}
                                            — A support package for multilin...
The control sequence at the end of the top line
of your error message was never \def'ed. If you have
misspelled it (e.g., `\hobx'), type `I' and the correct
spelling (e.g., `I\hbox'). Otherwise just continue,
and I'll forget about whatever was undefined.

Missing character: There is no t ("74) in font nullfont!
Missing character: There is no c ("63) in font nullfont!
Missing character: There is no b ("62) in font nullfont!
Missing character: There is no / ("2F) in font nullfont!
Missing character: There is no d ("64) in font nullfont!
Missing character: There is no r ("72) in font nullfont!
Missing character: There is no a ("61) in font nullfont!
Missing character: There is no w ("77) in font nullfont!
Missing character: There is no i ("69) in font nullfont!
Missing character: There is no n ("6E) in font nullfont!
Missing character: There is no g ("67) in font nullfont!
g:/My Drive/Study/HKU/POLI3148 Data Science in Politics and Public Administration/Final Project/Report/Template/report.tex:122: Undefined control sequence.
\environment tcb@drawing end aux  ...aggingSocket 
                                                  {tcb/drawing/end}\end {tik...
l.122 ^^I^^I\item \inlinecode{rhobabel.sty}
                                            — A support package for multilin...
The control sequence at the end of the top line
of your error message was never \def'ed. If you have
misspelled it (e.g., `\hobx'), type `I' and the correct
spelling (e.g., `I\hbox'). Otherwise just continue,
and I'll forget about whatever was undefined.

Missing character: There is no t ("74) in font nullfont!
Missing character: There is no c ("63) in font nullfont!
Missing character: There is no b ("62) in font nullfont!
Missing character: There is no / ("2F) in font nullfont!
Missing character: There is no d ("64) in font nullfont!
Missing character: There is no r ("72) in font nullfont!
Missing character: There is no a ("61) in font nullfont!
Missing character: There is no w ("77) in font nullfont!
Missing character: There is no i ("69) in font nullfont!
Missing character: There is no n ("6E) in font nullfont!
Missing character: There is no g ("67) in font nullfont!
Missing character: There is no / ("2F) in font nullfont!
Missing character: There is no e ("65) in font nullfont!
Missing character: There is no n ("6E) in font nullfont!
Missing character: There is no d ("64) in font nullfont!
g:/My Drive/Study/HKU/POLI3148 Data Science in Politics and Public Administration/Final Project/Report/Template/report.tex:123: Undefined control sequence.
\environment tcb@drawing code ...UseTaggingSocket 
                                                  {tcb/drawing/begin}\Suspen...
l.123 ^^I^^I\item \inlinecode{README.md}
                                         — With essential information.
The control sequence at the end of the top line
of your error message was never \def'ed. If you have
misspelled it (e.g., `\hobx'), type `I' and the correct
spelling (e.g., `I\hbox'). Otherwise just continue,
and I'll forget about whatever was undefined.

Missing character: There is no t ("74) in font nullfont!
Missing character: There is no c ("63) in font nullfont!
Missing character: There is no b ("62) in font nullfont!
Missing character: There is no / ("2F) in font nullfont!
Missing character: There is no d ("64) in font nullfont!
Missing character: There is no r ("72) in font nullfont!
Missing character: There is no a ("61) in font nullfont!
Missing character: There is no w ("77) in font nullfont!
Missing character: There is no i ("69) in font nullfont!
Missing character: There is no n ("6E) in font nullfont!
Missing character: There is no g ("67) in font nullfont!
Missing character: There is no / ("2F) in font nullfont!
Missing character: There is no b ("62) in font nullfont!
Missing character: There is no e ("65) in font nullfont!
Missing character: There is no g ("67) in font nullfont!
Missing character: There is no i ("69) in font nullfont!
Missing character: There is no n ("6E) in font nullfont!
g:/My Drive/Study/HKU/POLI3148 Data Science in Politics and Public Administration/Final Project/Report/Template/report.tex:123: Undefined control sequence.
\environment tcb@drawing code ...}\SuspendTagging 
                                                  {tcb/drawing}\tcb@tikz@beg...
l.123 ^^I^^I\item \inlinecode{README.md}
                                         — With essential information.
The control sequence at the end of the top line
of your error message was never \def'ed. If you have
misspelled it (e.g., `\hobx'), type `I' and the correct
spelling (e.g., `I\hbox'). Otherwise just continue,
and I'll forget about whatever was undefined.

Missing character: There is no t ("74) in font nullfont!
Missing character: There is no c ("63) in font nullfont!
Missing character: There is no b ("62) in font nullfont!
Missing character: There is no / ("2F) in font nullfont!
Missing character: There is no d ("64) in font nullfont!
Missing character: There is no r ("72) in font nullfont!
Missing character: There is no a ("61) in font nullfont!
Missing character: There is no w ("77) in font nullfont!
Missing character: There is no i ("69) in font nullfont!
Missing character: There is no n ("6E) in font nullfont!
Missing character: There is no g ("67) in font nullfont!
g:/My Drive/Study/HKU/POLI3148 Data Science in Politics and Public Administration/Final Project/Report/Template/report.tex:123: Undefined control sequence.
\environment tcb@drawing end aux  ...esumeTagging 
                                                  {tcb/drawing}\UseTaggingSo...
l.123 ^^I^^I\item \inlinecode{README.md}
                                         — With essential information.
The control sequence at the end of the top line
of your error message was never \def'ed. If you have
misspelled it (e.g., `\hobx'), type `I' and the correct
spelling (e.g., `I\hbox'). Otherwise just continue,
and I'll forget about whatever was undefined.

Missing character: There is no t ("74) in font nullfont!
Missing character: There is no c ("63) in font nullfont!
Missing character: There is no b ("62) in font nullfont!
Missing character: There is no / ("2F) in font nullfont!
Missing character: There is no d ("64) in font nullfont!
Missing character: There is no r ("72) in font nullfont!
Missing character: There is no a ("61) in font nullfont!
Missing character: There is no w ("77) in font nullfont!
Missing character: There is no i ("69) in font nullfont!
Missing character: There is no n ("6E) in font nullfont!
Missing character: There is no g ("67) in font nullfont!
g:/My Drive/Study/HKU/POLI3148 Data Science in Politics and Public Administration/Final Project/Report/Template/report.tex:123: Undefined control sequence.
\environment tcb@drawing end aux  ...aggingSocket 
                                                  {tcb/drawing/end}\end {tik...
l.123 ^^I^^I\item \inlinecode{README.md}
                                         — With essential information.
The control sequence at the end of the top line
of your error message was never \def'ed. If you have
misspelled it (e.g., `\hobx'), type `I' and the correct
spelling (e.g., `I\hbox'). Otherwise just continue,
and I'll forget about whatever was undefined.

Missing character: There is no t ("74) in font nullfont!
Missing character: There is no c ("63) in font nullfont!
Missing character: There is no b ("62) in font nullfont!
Missing character: There is no / ("2F) in font nullfont!
Missing character: There is no d ("64) in font nullfont!
Missing character: There is no r ("72) in font nullfont!
Missing character: There is no a ("61) in font nullfont!
Missing character: There is no w ("77) in font nullfont!
Missing character: There is no i ("69) in font nullfont!
Missing character: There is no n ("6E) in font nullfont!
Missing character: There is no g ("67) in font nullfont!
Missing character: There is no / ("2F) in font nullfont!
Missing character: There is no e ("65) in font nullfont!
Missing character: There is no n ("6E) in font nullfont!
Missing character: There is no d ("64) in font nullfont!
g:/My Drive/Study/HKU/POLI3148 Data Science in Politics and Public Administration/Final Project/Report/Template/report.tex:126: Undefined control sequence.
\environment tcb@drawing code ...UseTaggingSocket 
                                                  {tcb/drawing/begin}\Suspen...
l.126 ...s a sample document \inlinecode{main.tex}
                                                  , a bibliography file \inl...
The control sequence at the end of the top line
of your error message was never \def'ed. If you have
misspelled it (e.g., `\hobx'), type `I' and the correct
spelling (e.g., `I\hbox'). Otherwise just continue,
and I'll forget about whatever was undefined.

Missing character: There is no t ("74) in font nullfont!
Missing character: There is no c ("63) in font nullfont!
Missing character: There is no b ("62) in font nullfont!
Missing character: There is no / ("2F) in font nullfont!
Missing character: There is no d ("64) in font nullfont!
Missing character: There is no r ("72) in font nullfont!
Missing character: There is no a ("61) in font nullfont!
Missing character: There is no w ("77) in font nullfont!
Missing character: There is no i ("69) in font nullfont!
Missing character: There is no n ("6E) in font nullfont!
Missing character: There is no g ("67) in font nullfont!
Missing character: There is no / ("2F) in font nullfont!
Missing character: There is no b ("62) in font nullfont!
Missing character: There is no e ("65) in font nullfont!
Missing character: There is no g ("67) in font nullfont!
Missing character: There is no i ("69) in font nullfont!
Missing character: There is no n ("6E) in font nullfont!
g:/My Drive/Study/HKU/POLI3148 Data Science in Politics and Public Administration/Final Project/Report/Template/report.tex:126: Undefined control sequence.
\environment tcb@drawing code ...}\SuspendTagging 
                                                  {tcb/drawing}\tcb@tikz@beg...
l.126 ...s a sample document \inlinecode{main.tex}
                                                  , a bibliography file \inl...
The control sequence at the end of the top line
of your error message was never \def'ed. If you have
misspelled it (e.g., `\hobx'), type `I' and the correct
spelling (e.g., `I\hbox'). Otherwise just continue,
and I'll forget about whatever was undefined.

Missing character: There is no t ("74) in font nullfont!
Missing character: There is no c ("63) in font nullfont!
Missing character: There is no b ("62) in font nullfont!
Missing character: There is no / ("2F) in font nullfont!
Missing character: There is no d ("64) in font nullfont!
Missing character: There is no r ("72) in font nullfont!
Missing character: There is no a ("61) in font nullfont!
Missing character: There is no w ("77) in font nullfont!
Missing character: There is no i ("69) in font nullfont!
Missing character: There is no n ("6E) in font nullfont!
Missing character: There is no g ("67) in font nullfont!
g:/My Drive/Study/HKU/POLI3148 Data Science in Politics and Public Administration/Final Project/Report/Template/report.tex:126: Undefined control sequence.
\environment tcb@drawing end aux  ...esumeTagging 
                                                  {tcb/drawing}\UseTaggingSo...
l.126 ...s a sample document \inlinecode{main.tex}
                                                  , a bibliography file \inl...
The control sequence at the end of the top line
of your error message was never \def'ed. If you have
misspelled it (e.g., `\hobx'), type `I' and the correct
spelling (e.g., `I\hbox'). Otherwise just continue,
and I'll forget about whatever was undefined.

Missing character: There is no t ("74) in font nullfont!
Missing character: There is no c ("63) in font nullfont!
Missing character: There is no b ("62) in font nullfont!
Missing character: There is no / ("2F) in font nullfont!
Missing character: There is no d ("64) in font nullfont!
Missing character: There is no r ("72) in font nullfont!
Missing character: There is no a ("61) in font nullfont!
Missing character: There is no w ("77) in font nullfont!
Missing character: There is no i ("69) in font nullfont!
Missing character: There is no n ("6E) in font nullfont!
Missing character: There is no g ("67) in font nullfont!
g:/My Drive/Study/HKU/POLI3148 Data Science in Politics and Public Administration/Final Project/Report/Template/report.tex:126: Undefined control sequence.
\environment tcb@drawing end aux  ...aggingSocket 
                                                  {tcb/drawing/end}\end {tik...
l.126 ...s a sample document \inlinecode{main.tex}
                                                  , a bibliography file \inl...
The control sequence at the end of the top line
of your error message was never \def'ed. If you have
misspelled it (e.g., `\hobx'), type `I' and the correct
spelling (e.g., `I\hbox'). Otherwise just continue,
and I'll forget about whatever was undefined.

Missing character: There is no t ("74) in font nullfont!
Missing character: There is no c ("63) in font nullfont!
Missing character: There is no b ("62) in font nullfont!
Missing character: There is no / ("2F) in font nullfont!
Missing character: There is no d ("64) in font nullfont!
Missing character: There is no r ("72) in font nullfont!
Missing character: There is no a ("61) in font nullfont!
Missing character: There is no w ("77) in font nullfont!
Missing character: There is no i ("69) in font nullfont!
Missing character: There is no n ("6E) in font nullfont!
Missing character: There is no g ("67) in font nullfont!
Missing character: There is no / ("2F) in font nullfont!
Missing character: There is no e ("65) in font nullfont!
Missing character: There is no n ("6E) in font nullfont!
Missing character: There is no d ("64) in font nullfont!
g:/My Drive/Study/HKU/POLI3148 Data Science in Politics and Public Administration/Final Project/Report/Template/report.tex:126: Undefined control sequence.
\environment tcb@drawing code ...UseTaggingSocket 
                                                  {tcb/drawing/begin}\Suspen...
l.126 ... a bibliography file \inlinecode{rho.bib}
                                                  , as well as figures, tabl...
The control sequence at the end of the top line
of your error message was never \def'ed. If you have
misspelled it (e.g., `\hobx'), type `I' and the correct
spelling (e.g., `I\hbox'). Otherwise just continue,
and I'll forget about whatever was undefined.

Missing character: There is no t ("74) in font nullfont!
Missing character: There is no c ("63) in font nullfont!
Missing character: There is no b ("62) in font nullfont!
Missing character: There is no / ("2F) in font nullfont!
Missing character: There is no d ("64) in font nullfont!
Missing character: There is no r ("72) in font nullfont!
Missing character: There is no a ("61) in font nullfont!
Missing character: There is no w ("77) in font nullfont!
Missing character: There is no i ("69) in font nullfont!
Missing character: There is no n ("6E) in font nullfont!
Missing character: There is no g ("67) in font nullfont!
Missing character: There is no / ("2F) in font nullfont!
Missing character: There is no b ("62) in font nullfont!
Missing character: There is no e ("65) in font nullfont!
Missing character: There is no g ("67) in font nullfont!
Missing character: There is no i ("69) in font nullfont!
Missing character: There is no n ("6E) in font nullfont!
g:/My Drive/Study/HKU/POLI3148 Data Science in Politics and Public Administration/Final Project/Report/Template/report.tex:126: Undefined control sequence.
\environment tcb@drawing code ...}\SuspendTagging 
                                                  {tcb/drawing}\tcb@tikz@beg...
l.126 ... a bibliography file \inlinecode{rho.bib}
                                                  , as well as figures, tabl...
The control sequence at the end of the top line
of your error message was never \def'ed. If you have
misspelled it (e.g., `\hobx'), type `I' and the correct
spelling (e.g., `I\hbox'). Otherwise just continue,
and I'll forget about whatever was undefined.

Missing character: There is no t ("74) in font nullfont!
Missing character: There is no c ("63) in font nullfont!
Missing character: There is no b ("62) in font nullfont!
Missing character: There is no / ("2F) in font nullfont!
Missing character: There is no d ("64) in font nullfont!
Missing character: There is no r ("72) in font nullfont!
Missing character: There is no a ("61) in font nullfont!
Missing character: There is no w ("77) in font nullfont!
Missing character: There is no i ("69) in font nullfont!
Missing character: There is no n ("6E) in font nullfont!
Missing character: There is no g ("67) in font nullfont!
g:/My Drive/Study/HKU/POLI3148 Data Science in Politics and Public Administration/Final Project/Report/Template/report.tex:126: Undefined control sequence.
\environment tcb@drawing end aux  ...esumeTagging 
                                                  {tcb/drawing}\UseTaggingSo...
l.126 ... a bibliography file \inlinecode{rho.bib}
                                                  , as well as figures, tabl...
The control sequence at the end of the top line
of your error message was never \def'ed. If you have
misspelled it (e.g., `\hobx'), type `I' and the correct
spelling (e.g., `I\hbox'). Otherwise just continue,
and I'll forget about whatever was undefined.

Missing character: There is no t ("74) in font nullfont!
Missing character: There is no c ("63) in font nullfont!
Missing character: There is no b ("62) in font nullfont!
Missing character: There is no / ("2F) in font nullfont!
Missing character: There is no d ("64) in font nullfont!
Missing character: There is no r ("72) in font nullfont!
Missing character: There is no a ("61) in font nullfont!
Missing character: There is no w ("77) in font nullfont!
Missing character: There is no i ("69) in font nullfont!
Missing character: There is no n ("6E) in font nullfont!
Missing character: There is no g ("67) in font nullfont!
g:/My Drive/Study/HKU/POLI3148 Data Science in Politics and Public Administration/Final Project/Report/Template/report.tex:126: Undefined control sequence.
\environment tcb@drawing end aux  ...aggingSocket 
                                                  {tcb/drawing/end}\end {tik...
l.126 ... a bibliography file \inlinecode{rho.bib}
                                                  , as well as figures, tabl...
The control sequence at the end of the top line
of your error message was never \def'ed. If you have
misspelled it (e.g., `\hobx'), type `I' and the correct
spelling (e.g., `I\hbox'). Otherwise just continue,
and I'll forget about whatever was undefined.

Missing character: There is no t ("74) in font nullfont!
Missing character: There is no c ("63) in font nullfont!
Missing character: There is no b ("62) in font nullfont!
Missing character: There is no / ("2F) in font nullfont!
Missing character: There is no d ("64) in font nullfont!
Missing character: There is no r ("72) in font nullfont!
Missing character: There is no a ("61) in font nullfont!
Missing character: There is no w ("77) in font nullfont!
Missing character: There is no i ("69) in font nullfont!
Missing character: There is no n ("6E) in font nullfont!
Missing character: There is no g ("67) in font nullfont!
Missing character: There is no / ("2F) in font nullfont!
Missing character: There is no e ("65) in font nullfont!
Missing character: There is no n ("6E) in font nullfont!
Missing character: There is no d ("64) in font nullfont!

Underfull \hbox (badness 1565) in paragraph at lines 126--127
[]\TU/lmr/m/n/9 Additionally, this template includes a sample document
 []

g:/My Drive/Study/HKU/POLI3148 Data Science in Politics and Public Administration/Final Project/Report/Template/report.tex:140: Undefined control sequence.
\environment tcb@drawing code ...UseTaggingSocket 
                                                  {tcb/drawing/begin}\Suspen...
l.140 ...code{Data/Data_Raw/Speeches_and_Articles}
                                                  
The control sequence at the end of the top line
of your error message was never \def'ed. If you have
misspelled it (e.g., `\hobx'), type `I' and the correct
spelling (e.g., `I\hbox'). Otherwise just continue,
and I'll forget about whatever was undefined.

Missing character: There is no t ("74) in font nullfont!
Missing character: There is no c ("63) in font nullfont!
Missing character: There is no b ("62) in font nullfont!
Missing character: There is no / ("2F) in font nullfont!
Missing character: There is no d ("64) in font nullfont!
Missing character: There is no r ("72) in font nullfont!
Missing character: There is no a ("61) in font nullfont!
Missing character: There is no w ("77) in font nullfont!
Missing character: There is no i ("69) in font nullfont!
Missing character: There is no n ("6E) in font nullfont!
Missing character: There is no g ("67) in font nullfont!
Missing character: There is no / ("2F) in font nullfont!
Missing character: There is no b ("62) in font nullfont!
Missing character: There is no e ("65) in font nullfont!
Missing character: There is no g ("67) in font nullfont!
Missing character: There is no i ("69) in font nullfont!
Missing character: There is no n ("6E) in font nullfont!
g:/My Drive/Study/HKU/POLI3148 Data Science in Politics and Public Administration/Final Project/Report/Template/report.tex:140: Undefined control sequence.
\environment tcb@drawing code ...}\SuspendTagging 
                                                  {tcb/drawing}\tcb@tikz@beg...
l.140 ...code{Data/Data_Raw/Speeches_and_Articles}
                                                  
The control sequence at the end of the top line
of your error message was never \def'ed. If you have
misspelled it (e.g., `\hobx'), type `I' and the correct
spelling (e.g., `I\hbox'). Otherwise just continue,
and I'll forget about whatever was undefined.

Missing character: There is no t ("74) in font nullfont!
Missing character: There is no c ("63) in font nullfont!
Missing character: There is no b ("62) in font nullfont!
Missing character: There is no / ("2F) in font nullfont!
Missing character: There is no d ("64) in font nullfont!
Missing character: There is no r ("72) in font nullfont!
Missing character: There is no a ("61) in font nullfont!
Missing character: There is no w ("77) in font nullfont!
Missing character: There is no i ("69) in font nullfont!
Missing character: There is no n ("6E) in font nullfont!
Missing character: There is no g ("67) in font nullfont!
g:/My Drive/Study/HKU/POLI3148 Data Science in Politics and Public Administration/Final Project/Report/Template/report.tex:140: Undefined control sequence.
\environment tcb@drawing end aux  ...esumeTagging 
                                                  {tcb/drawing}\UseTaggingSo...
l.140 ...code{Data/Data_Raw/Speeches_and_Articles}
                                                  
The control sequence at the end of the top line
of your error message was never \def'ed. If you have
misspelled it (e.g., `\hobx'), type `I' and the correct
spelling (e.g., `I\hbox'). Otherwise just continue,
and I'll forget about whatever was undefined.

Missing character: There is no t ("74) in font nullfont!
Missing character: There is no c ("63) in font nullfont!
Missing character: There is no b ("62) in font nullfont!
Missing character: There is no / ("2F) in font nullfont!
Missing character: There is no d ("64) in font nullfont!
Missing character: There is no r ("72) in font nullfont!
Missing character: There is no a ("61) in font nullfont!
Missing character: There is no w ("77) in font nullfont!
Missing character: There is no i ("69) in font nullfont!
Missing character: There is no n ("6E) in font nullfont!
Missing character: There is no g ("67) in font nullfont!
g:/My Drive/Study/HKU/POLI3148 Data Science in Politics and Public Administration/Final Project/Report/Template/report.tex:140: Undefined control sequence.
\environment tcb@drawing end aux  ...aggingSocket 
                                                  {tcb/drawing/end}\end {tik...
l.140 ...code{Data/Data_Raw/Speeches_and_Articles}
                                                  
The control sequence at the end of the top line
of your error message was never \def'ed. If you have
misspelled it (e.g., `\hobx'), type `I' and the correct
spelling (e.g., `I\hbox'). Otherwise just continue,
and I'll forget about whatever was undefined.

Missing character: There is no t ("74) in font nullfont!
Missing character: There is no c ("63) in font nullfont!
Missing character: There is no b ("62) in font nullfont!
Missing character: There is no / ("2F) in font nullfont!
Missing character: There is no d ("64) in font nullfont!
Missing character: There is no r ("72) in font nullfont!
Missing character: There is no a ("61) in font nullfont!
Missing character: There is no w ("77) in font nullfont!
Missing character: There is no i ("69) in font nullfont!
Missing character: There is no n ("6E) in font nullfont!
Missing character: There is no g ("67) in font nullfont!
Missing character: There is no / ("2F) in font nullfont!
Missing character: There is no e ("65) in font nullfont!
Missing character: There is no n ("6E) in font nullfont!
Missing character: There is no d ("64) in font nullfont!
g:/My Drive/Study/HKU/POLI3148 Data Science in Politics and Public Administration/Final Project/Report/Template/report.tex:141: Undefined control sequence.
\environment tcb@drawing code ...UseTaggingSocket 
                                                  {tcb/drawing/begin}\Suspen...
l.141 ... \inlinecode{Data/Data_Raw/Press_Release}
                                                  
The control sequence at the end of the top line
of your error message was never \def'ed. If you have
misspelled it (e.g., `\hobx'), type `I' and the correct
spelling (e.g., `I\hbox'). Otherwise just continue,
and I'll forget about whatever was undefined.

Missing character: There is no t ("74) in font nullfont!
Missing character: There is no c ("63) in font nullfont!
Missing character: There is no b ("62) in font nullfont!
Missing character: There is no / ("2F) in font nullfont!
Missing character: There is no d ("64) in font nullfont!
Missing character: There is no r ("72) in font nullfont!
Missing character: There is no a ("61) in font nullfont!
Missing character: There is no w ("77) in font nullfont!
Missing character: There is no i ("69) in font nullfont!
Missing character: There is no n ("6E) in font nullfont!
Missing character: There is no g ("67) in font nullfont!
Missing character: There is no / ("2F) in font nullfont!
Missing character: There is no b ("62) in font nullfont!
Missing character: There is no e ("65) in font nullfont!
Missing character: There is no g ("67) in font nullfont!
Missing character: There is no i ("69) in font nullfont!
Missing character: There is no n ("6E) in font nullfont!
g:/My Drive/Study/HKU/POLI3148 Data Science in Politics and Public Administration/Final Project/Report/Template/report.tex:141: Undefined control sequence.
\environment tcb@drawing code ...}\SuspendTagging 
                                                  {tcb/drawing}\tcb@tikz@beg...
l.141 ... \inlinecode{Data/Data_Raw/Press_Release}
                                                  
The control sequence at the end of the top line
of your error message was never \def'ed. If you have
misspelled it (e.g., `\hobx'), type `I' and the correct
spelling (e.g., `I\hbox'). Otherwise just continue,
and I'll forget about whatever was undefined.

Missing character: There is no t ("74) in font nullfont!
Missing character: There is no c ("63) in font nullfont!
Missing character: There is no b ("62) in font nullfont!
Missing character: There is no / ("2F) in font nullfont!
Missing character: There is no d ("64) in font nullfont!
Missing character: There is no r ("72) in font nullfont!
Missing character: There is no a ("61) in font nullfont!
Missing character: There is no w ("77) in font nullfont!
Missing character: There is no i ("69) in font nullfont!
Missing character: There is no n ("6E) in font nullfont!
Missing character: There is no g ("67) in font nullfont!
g:/My Drive/Study/HKU/POLI3148 Data Science in Politics and Public Administration/Final Project/Report/Template/report.tex:141: Undefined control sequence.
\environment tcb@drawing end aux  ...esumeTagging 
                                                  {tcb/drawing}\UseTaggingSo...
l.141 ... \inlinecode{Data/Data_Raw/Press_Release}
                                                  
The control sequence at the end of the top line
of your error message was never \def'ed. If you have
misspelled it (e.g., `\hobx'), type `I' and the correct
spelling (e.g., `I\hbox'). Otherwise just continue,
and I'll forget about whatever was undefined.

Missing character: There is no t ("74) in font nullfont!
Missing character: There is no c ("63) in font nullfont!
Missing character: There is no b ("62) in font nullfont!
Missing character: There is no / ("2F) in font nullfont!
Missing character: There is no d ("64) in font nullfont!
Missing character: There is no r ("72) in font nullfont!
Missing character: There is no a ("61) in font nullfont!
Missing character: There is no w ("77) in font nullfont!
Missing character: There is no i ("69) in font nullfont!
Missing character: There is no n ("6E) in font nullfont!
Missing character: There is no g ("67) in font nullfont!
g:/My Drive/Study/HKU/POLI3148 Data Science in Politics and Public Administration/Final Project/Report/Template/report.tex:141: Undefined control sequence.
\environment tcb@drawing end aux  ...aggingSocket 
                                                  {tcb/drawing/end}\end {tik...
l.141 ... \inlinecode{Data/Data_Raw/Press_Release}
                                                  
The control sequence at the end of the top line
of your error message was never \def'ed. If you have
misspelled it (e.g., `\hobx'), type `I' and the correct
spelling (e.g., `I\hbox'). Otherwise just continue,
and I'll forget about whatever was undefined.

Missing character: There is no t ("74) in font nullfont!
Missing character: There is no c ("63) in font nullfont!
Missing character: There is no b ("62) in font nullfont!
Missing character: There is no / ("2F) in font nullfont!
Missing character: There is no d ("64) in font nullfont!
Missing character: There is no r ("72) in font nullfont!
Missing character: There is no a ("61) in font nullfont!
Missing character: There is no w ("77) in font nullfont!
Missing character: There is no i ("69) in font nullfont!
Missing character: There is no n ("6E) in font nullfont!
Missing character: There is no g ("67) in font nullfont!
Missing character: There is no / ("2F) in font nullfont!
Missing character: There is no e ("65) in font nullfont!
Missing character: There is no n ("6E) in font nullfont!
Missing character: There is no d ("64) in font nullfont!
g:/My Drive/Study/HKU/POLI3148 Data Science in Politics and Public Administration/Final Project/Report/Template/report.tex:142: Undefined control sequence.
\environment tcb@drawing code ...UseTaggingSocket 
                                                  {tcb/drawing/begin}\Suspen...
l.142 ...a_Raw/Central/Liason_Office/State_Leader}
                                                  
The control sequence at the end of the top line
of your error message was never \def'ed. If you have
misspelled it (e.g., `\hobx'), type `I' and the correct
spelling (e.g., `I\hbox'). Otherwise just continue,
and I'll forget about whatever was undefined.

Missing character: There is no t ("74) in font nullfont!
Missing character: There is no c ("63) in font nullfont!
Missing character: There is no b ("62) in font nullfont!
Missing character: There is no / ("2F) in font nullfont!
Missing character: There is no d ("64) in font nullfont!
Missing character: There is no r ("72) in font nullfont!
Missing character: There is no a ("61) in font nullfont!
Missing character: There is no w ("77) in font nullfont!
Missing character: There is no i ("69) in font nullfont!
Missing character: There is no n ("6E) in font nullfont!
Missing character: There is no g ("67) in font nullfont!
Missing character: There is no / ("2F) in font nullfont!
Missing character: There is no b ("62) in font nullfont!
Missing character: There is no e ("65) in font nullfont!
Missing character: There is no g ("67) in font nullfont!
Missing character: There is no i ("69) in font nullfont!
Missing character: There is no n ("6E) in font nullfont!
g:/My Drive/Study/HKU/POLI3148 Data Science in Politics and Public Administration/Final Project/Report/Template/report.tex:142: Undefined control sequence.
\environment tcb@drawing code ...}\SuspendTagging 
                                                  {tcb/drawing}\tcb@tikz@beg...
l.142 ...a_Raw/Central/Liason_Office/State_Leader}
                                                  
The control sequence at the end of the top line
of your error message was never \def'ed. If you have
misspelled it (e.g., `\hobx'), type `I' and the correct
spelling (e.g., `I\hbox'). Otherwise just continue,
and I'll forget about whatever was undefined.

Missing character: There is no t ("74) in font nullfont!
Missing character: There is no c ("63) in font nullfont!
Missing character: There is no b ("62) in font nullfont!
Missing character: There is no / ("2F) in font nullfont!
Missing character: There is no d ("64) in font nullfont!
Missing character: There is no r ("72) in font nullfont!
Missing character: There is no a ("61) in font nullfont!
Missing character: There is no w ("77) in font nullfont!
Missing character: There is no i ("69) in font nullfont!
Missing character: There is no n ("6E) in font nullfont!
Missing character: There is no g ("67) in font nullfont!
g:/My Drive/Study/HKU/POLI3148 Data Science in Politics and Public Administration/Final Project/Report/Template/report.tex:142: Undefined control sequence.
\environment tcb@drawing end aux  ...esumeTagging 
                                                  {tcb/drawing}\UseTaggingSo...
l.142 ...a_Raw/Central/Liason_Office/State_Leader}
                                                  
The control sequence at the end of the top line
of your error message was never \def'ed. If you have
misspelled it (e.g., `\hobx'), type `I' and the correct
spelling (e.g., `I\hbox'). Otherwise just continue,
and I'll forget about whatever was undefined.

Missing character: There is no t ("74) in font nullfont!
Missing character: There is no c ("63) in font nullfont!
Missing character: There is no b ("62) in font nullfont!
Missing character: There is no / ("2F) in font nullfont!
Missing character: There is no d ("64) in font nullfont!
Missing character: There is no r ("72) in font nullfont!
Missing character: There is no a ("61) in font nullfont!
Missing character: There is no w ("77) in font nullfont!
Missing character: There is no i ("69) in font nullfont!
Missing character: There is no n ("6E) in font nullfont!
Missing character: There is no g ("67) in font nullfont!
g:/My Drive/Study/HKU/POLI3148 Data Science in Politics and Public Administration/Final Project/Report/Template/report.tex:142: Undefined control sequence.
\environment tcb@drawing end aux  ...aggingSocket 
                                                  {tcb/drawing/end}\end {tik...
l.142 ...a_Raw/Central/Liason_Office/State_Leader}
                                                  
The control sequence at the end of the top line
of your error message was never \def'ed. If you have
misspelled it (e.g., `\hobx'), type `I' and the correct
spelling (e.g., `I\hbox'). Otherwise just continue,
and I'll forget about whatever was undefined.

Missing character: There is no t ("74) in font nullfont!
Missing character: There is no c ("63) in font nullfont!
Missing character: There is no b ("62) in font nullfont!
Missing character: There is no / ("2F) in font nullfont!
Missing character: There is no d ("64) in font nullfont!
Missing character: There is no r ("72) in font nullfont!
Missing character: There is no a ("61) in font nullfont!
Missing character: There is no w ("77) in font nullfont!
Missing character: There is no i ("69) in font nullfont!
Missing character: There is no n ("6E) in font nullfont!
Missing character: There is no g ("67) in font nullfont!
Missing character: There is no / ("2F) in font nullfont!
Missing character: There is no e ("65) in font nullfont!
Missing character: There is no n ("6E) in font nullfont!
Missing character: There is no d ("64) in font nullfont!

Underfull \hbox (badness 10000) in paragraph at lines 142--143
[]\TU/lmr/m/n/9 Central leaders’ HK-related speeches:
 []

LaTeX Font Info:    Font shape `TU/FiraMono(0)/m/n' will be
(Font)              scaled to size 5.60002pt on input line 148.
Missing character: There is no 。 (U+3002) in font [lmroman9-regular]:mapping=tex-text;!
Missing character: There is no 但 (U+4F46) in font [lmroman9-regular]:mapping=tex-text;!
Missing character: There is no 资 (U+8D44) in font [lmroman9-regular]:mapping=tex-text;!
Missing character: There is no 料 (U+6599) in font [lmroman9-regular]:mapping=tex-text;!
Missing character: There is no 只 (U+53EA) in font [lmroman9-regular]:mapping=tex-text;!
Missing character: There is no 包 (U+5305) in font [lmroman9-regular]:mapping=tex-text;!
Missing character: There is no 含 (U+542B) in font [lmroman9-regular]:mapping=tex-text;!
Missing character: There is no 习 (U+4E60) in font [lmroman9-regular]:mapping=tex-text;!
Missing character: There is no 近 (U+8FD1) in font [lmroman9-regular]:mapping=tex-text;!
Missing character: There is no 平 (U+5E73) in font [lmroman9-regular]:mapping=tex-text;!
Missing character: There is no 主 (U+4E3B) in font [lmroman9-regular]:mapping=tex-text;!
Missing character: There is no 席 (U+5E2D) in font [lmroman9-regular]:mapping=tex-text;!
Missing character: There is no 在 (U+5728) in font [lmroman9-regular]:mapping=tex-text;!
Missing character: There is no 任 (U+4EFB) in font [lmroman9-regular]:mapping=tex-text;!
Missing character: There is no 和 (U+548C) in font [lmroman9-regular]:mapping=tex-text;!
Missing character: There is no 候 (U+5019) in font [lmroman9-regular]:mapping=tex-text;!
Missing character: There is no 任 (U+4EFB) in font [lmroman9-regular]:mapping=tex-text;!
Missing character: There is no 期 (U+671F) in font [lmroman9-regular]:mapping=tex-text;!
Missing character: There is no 间 (U+95F4) in font [lmroman9-regular]:mapping=tex-text;!
Missing character: There is no 的 (U+7684) in font [lmroman9-regular]:mapping=tex-text;!
Missing character: There is no 相 (U+76F8) in font [lmroman9-regular]:mapping=tex-text;!
Missing character: There is no 关 (U+5173) in font [lmroman9-regular]:mapping=tex-text;!
Missing character: There is no 国 (U+56FD) in font [lmroman9-regular]:mapping=tex-text;!
Missing character: There is no 家 (U+5BB6) in font [lmroman9-regular]:mapping=tex-text;!
Missing character: There is no 领 (U+9886) in font [lmroman9-regular]:mapping=tex-text;!
Missing character: There is no 导 (U+5BFC) in font [lmroman9-regular]:mapping=tex-text;!
Missing character: There is no 人 (U+4EBA) in font [lmroman9-regular]:mapping=tex-text;!
Missing character: There is no 涉 (U+6D89) in font [lmroman9-regular]:mapping=tex-text;!
Missing character: There is no 港 (U+6E2F) in font [lmroman9-regular]:mapping=tex-text;!
Missing character: There is no 言 (U+8A00) in font [lmroman9-regular]:mapping=tex-text;!
Missing character: There is no 论 (U+8BBA) in font [lmroman9-regular]:mapping=tex-text;!
Missing character: There is no 。 (U+3002) in font [lmroman9-regular]:mapping=tex-text;!
LaTeX Font Info:    Font shape `TU/FiraSans(0)/m/n' will be
(Font)              scaled to size 5.0pt on input line 153.
LaTeX Font Info:    Font shape `TU/FiraSans(0)/m/n' will be
(Font)              scaled to size 6.50002pt on input line 153.
g:/My Drive/Study/HKU/POLI3148 Data Science in Politics and Public Administration/Final Project/Report/Template/report.tex:156: Misplaced alignment tab character &.
<argument> Data Cleaning &
                           Wrangling
l.156     \subsection{Data Cleaning & Wrangling}
                                                
I can't figure out why you would want to use a tab mark
here. If you just want an ampersand, the remedy is
simple: Just type `I\&' now. But if some right brace
up above has ended a previous alignment prematurely,
you're probably due for more error messages, and you
might try typing `S' now just to see what is salvageable.


Package hyperref Warning: Token not allowed in a PDF string (Unicode):
(hyperref)                removing `alignment tab' on input line 156.

g:/My Drive/Study/HKU/POLI3148 Data Science in Politics and Public Administration/Final Project/Report/Template/report.tex:158: Undefined control sequence.
\environment tcb@drawing code ...UseTaggingSocket 
                                                  {tcb/drawing/begin}\Suspen...
l.158 ...necode{\begin{abstract}...\end{abstract}}
                                                   environment alongside the...
The control sequence at the end of the top line
of your error message was never \def'ed. If you have
misspelled it (e.g., `\hobx'), type `I' and the correct
spelling (e.g., `I\hbox'). Otherwise just continue,
and I'll forget about whatever was undefined.

Missing character: There is no t ("74) in font nullfont!
Missing character: There is no c ("63) in font nullfont!
Missing character: There is no b ("62) in font nullfont!
Missing character: There is no / ("2F) in font nullfont!
Missing character: There is no d ("64) in font nullfont!
Missing character: There is no r ("72) in font nullfont!
Missing character: There is no a ("61) in font nullfont!
Missing character: There is no w ("77) in font nullfont!
Missing character: There is no i ("69) in font nullfont!
Missing character: There is no n ("6E) in font nullfont!
Missing character: There is no g ("67) in font nullfont!
Missing character: There is no / ("2F) in font nullfont!
Missing character: There is no b ("62) in font nullfont!
Missing character: There is no e ("65) in font nullfont!
Missing character: There is no g ("67) in font nullfont!
Missing character: There is no i ("69) in font nullfont!
Missing character: There is no n ("6E) in font nullfont!
g:/My Drive/Study/HKU/POLI3148 Data Science in Politics and Public Administration/Final Project/Report/Template/report.tex:158: Undefined control sequence.
\environment tcb@drawing code ...}\SuspendTagging 
                                                  {tcb/drawing}\tcb@tikz@beg...
l.158 ...necode{\begin{abstract}...\end{abstract}}
                                                   environment alongside the...
The control sequence at the end of the top line
of your error message was never \def'ed. If you have
misspelled it (e.g., `\hobx'), type `I' and the correct
spelling (e.g., `I\hbox'). Otherwise just continue,
and I'll forget about whatever was undefined.

Missing character: There is no t ("74) in font nullfont!
Missing character: There is no c ("63) in font nullfont!
Missing character: There is no b ("62) in font nullfont!
Missing character: There is no / ("2F) in font nullfont!
Missing character: There is no d ("64) in font nullfont!
Missing character: There is no r ("72) in font nullfont!
Missing character: There is no a ("61) in font nullfont!
Missing character: There is no w ("77) in font nullfont!
Missing character: There is no i ("69) in font nullfont!
Missing character: There is no n ("6E) in font nullfont!
Missing character: There is no g ("67) in font nullfont!
g:/My Drive/Study/HKU/POLI3148 Data Science in Politics and Public Administration/Final Project/Report/Template/report.tex:158: Undefined control sequence.
\environment tcb@drawing end aux  ...esumeTagging 
                                                  {tcb/drawing}\UseTaggingSo...
l.158 ...necode{\begin{abstract}...\end{abstract}}
                                                   environment alongside the...
The control sequence at the end of the top line
of your error message was never \def'ed. If you have
misspelled it (e.g., `\hobx'), type `I' and the correct
spelling (e.g., `I\hbox'). Otherwise just continue,
and I'll forget about whatever was undefined.

Missing character: There is no t ("74) in font nullfont!
Missing character: There is no c ("63) in font nullfont!
Missing character: There is no b ("62) in font nullfont!
Missing character: There is no / ("2F) in font nullfont!
Missing character: There is no d ("64) in font nullfont!
Missing character: There is no r ("72) in font nullfont!
Missing character: There is no a ("61) in font nullfont!
Missing character: There is no w ("77) in font nullfont!
Missing character: There is no i ("69) in font nullfont!
Missing character: There is no n ("6E) in font nullfont!
Missing character: There is no g ("67) in font nullfont!
g:/My Drive/Study/HKU/POLI3148 Data Science in Politics and Public Administration/Final Project/Report/Template/report.tex:158: Undefined control sequence.
\environment tcb@drawing end aux  ...aggingSocket 
                                                  {tcb/drawing/end}\end {tik...
l.158 ...necode{\begin{abstract}...\end{abstract}}
                                                   environment alongside the...
The control sequence at the end of the top line
of your error message was never \def'ed. If you have
misspelled it (e.g., `\hobx'), type `I' and the correct
spelling (e.g., `I\hbox'). Otherwise just continue,
and I'll forget about whatever was undefined.

Missing character: There is no t ("74) in font nullfont!
Missing character: There is no c ("63) in font nullfont!
Missing character: There is no b ("62) in font nullfont!
Missing character: There is no / ("2F) in font nullfont!
Missing character: There is no d ("64) in font nullfont!
Missing character: There is no r ("72) in font nullfont!
Missing character: There is no a ("61) in font nullfont!
Missing character: There is no w ("77) in font nullfont!
Missing character: There is no i ("69) in font nullfont!
Missing character: There is no n ("6E) in font nullfont!
Missing character: There is no g ("67) in font nullfont!
Missing character: There is no / ("2F) in font nullfont!
Missing character: There is no e ("65) in font nullfont!
Missing character: There is no n ("6E) in font nullfont!
Missing character: There is no d ("64) in font nullfont!
g:/My Drive/Study/HKU/POLI3148 Data Science in Politics and Public Administration/Final Project/Report/Template/report.tex:158: Undefined control sequence.
\environment tcb@drawing code ...UseTaggingSocket 
                                                  {tcb/drawing/begin}\Suspen...
l.158 ...de the dedicated \inlinecode{\keywords{}}
                                                   command to allow the clas...
The control sequence at the end of the top line
of your error message was never \def'ed. If you have
misspelled it (e.g., `\hobx'), type `I' and the correct
spelling (e.g., `I\hbox'). Otherwise just continue,
and I'll forget about whatever was undefined.

Missing character: There is no t ("74) in font nullfont!
Missing character: There is no c ("63) in font nullfont!
Missing character: There is no b ("62) in font nullfont!
Missing character: There is no / ("2F) in font nullfont!
Missing character: There is no d ("64) in font nullfont!
Missing character: There is no r ("72) in font nullfont!
Missing character: There is no a ("61) in font nullfont!
Missing character: There is no w ("77) in font nullfont!
Missing character: There is no i ("69) in font nullfont!
Missing character: There is no n ("6E) in font nullfont!
Missing character: There is no g ("67) in font nullfont!
Missing character: There is no / ("2F) in font nullfont!
Missing character: There is no b ("62) in font nullfont!
Missing character: There is no e ("65) in font nullfont!
Missing character: There is no g ("67) in font nullfont!
Missing character: There is no i ("69) in font nullfont!
Missing character: There is no n ("6E) in font nullfont!
g:/My Drive/Study/HKU/POLI3148 Data Science in Politics and Public Administration/Final Project/Report/Template/report.tex:158: Undefined control sequence.
\environment tcb@drawing code ...}\SuspendTagging 
                                                  {tcb/drawing}\tcb@tikz@beg...
l.158 ...de the dedicated \inlinecode{\keywords{}}
                                                   command to allow the clas...
The control sequence at the end of the top line
of your error message was never \def'ed. If you have
misspelled it (e.g., `\hobx'), type `I' and the correct
spelling (e.g., `I\hbox'). Otherwise just continue,
and I'll forget about whatever was undefined.

Missing character: There is no t ("74) in font nullfont!
Missing character: There is no c ("63) in font nullfont!
Missing character: There is no b ("62) in font nullfont!
Missing character: There is no / ("2F) in font nullfont!
Missing character: There is no d ("64) in font nullfont!
Missing character: There is no r ("72) in font nullfont!
Missing character: There is no a ("61) in font nullfont!
Missing character: There is no w ("77) in font nullfont!
Missing character: There is no i ("69) in font nullfont!
Missing character: There is no n ("6E) in font nullfont!
Missing character: There is no g ("67) in font nullfont!
g:/My Drive/Study/HKU/POLI3148 Data Science in Politics and Public Administration/Final Project/Report/Template/report.tex:158: Undefined control sequence.
\environment tcb@drawing end aux  ...esumeTagging 
                                                  {tcb/drawing}\UseTaggingSo...
l.158 ...de the dedicated \inlinecode{\keywords{}}
                                                   command to allow the clas...
The control sequence at the end of the top line
of your error message was never \def'ed. If you have
misspelled it (e.g., `\hobx'), type `I' and the correct
spelling (e.g., `I\hbox'). Otherwise just continue,
and I'll forget about whatever was undefined.

Missing character: There is no t ("74) in font nullfont!
Missing character: There is no c ("63) in font nullfont!
Missing character: There is no b ("62) in font nullfont!
Missing character: There is no / ("2F) in font nullfont!
Missing character: There is no d ("64) in font nullfont!
Missing character: There is no r ("72) in font nullfont!
Missing character: There is no a ("61) in font nullfont!
Missing character: There is no w ("77) in font nullfont!
Missing character: There is no i ("69) in font nullfont!
Missing character: There is no n ("6E) in font nullfont!
Missing character: There is no g ("67) in font nullfont!
g:/My Drive/Study/HKU/POLI3148 Data Science in Politics and Public Administration/Final Project/Report/Template/report.tex:158: Undefined control sequence.
\environment tcb@drawing end aux  ...aggingSocket 
                                                  {tcb/drawing/end}\end {tik...
l.158 ...de the dedicated \inlinecode{\keywords{}}
                                                   command to allow the clas...
The control sequence at the end of the top line
of your error message was never \def'ed. If you have
misspelled it (e.g., `\hobx'), type `I' and the correct
spelling (e.g., `I\hbox'). Otherwise just continue,
and I'll forget about whatever was undefined.

Missing character: There is no t ("74) in font nullfont!
Missing character: There is no c ("63) in font nullfont!
Missing character: There is no b ("62) in font nullfont!
Missing character: There is no / ("2F) in font nullfont!
Missing character: There is no d ("64) in font nullfont!
Missing character: There is no r ("72) in font nullfont!
Missing character: There is no a ("61) in font nullfont!
Missing character: There is no w ("77) in font nullfont!
Missing character: There is no i ("69) in font nullfont!
Missing character: There is no n ("6E) in font nullfont!
Missing character: There is no g ("67) in font nullfont!
Missing character: There is no / ("2F) in font nullfont!
Missing character: There is no e ("65) in font nullfont!
Missing character: There is no n ("6E) in font nullfont!
Missing character: There is no d ("64) in font nullfont!
g:/My Drive/Study/HKU/POLI3148 Data Science in Politics and Public Administration/Final Project/Report/Template/report.tex:162: Undefined control sequence.
\environment tcb@drawing code ...UseTaggingSocket 
                                                  {tcb/drawing/begin}\Suspen...
l.162 ^^I^^IThe \inlinecode{\rhostart{}}
                                         command, provides a personalized le...
The control sequence at the end of the top line
of your error message was never \def'ed. If you have
misspelled it (e.g., `\hobx'), type `I' and the correct
spelling (e.g., `I\hbox'). Otherwise just continue,
and I'll forget about whatever was undefined.

Missing character: There is no t ("74) in font nullfont!
Missing character: There is no c ("63) in font nullfont!
Missing character: There is no b ("62) in font nullfont!
Missing character: There is no / ("2F) in font nullfont!
Missing character: There is no d ("64) in font nullfont!
Missing character: There is no r ("72) in font nullfont!
Missing character: There is no a ("61) in font nullfont!
Missing character: There is no w ("77) in font nullfont!
Missing character: There is no i ("69) in font nullfont!
Missing character: There is no n ("6E) in font nullfont!
Missing character: There is no g ("67) in font nullfont!
Missing character: There is no / ("2F) in font nullfont!
Missing character: There is no b ("62) in font nullfont!
Missing character: There is no e ("65) in font nullfont!
Missing character: There is no g ("67) in font nullfont!
Missing character: There is no i ("69) in font nullfont!
Missing character: There is no n ("6E) in font nullfont!
g:/My Drive/Study/HKU/POLI3148 Data Science in Politics and Public Administration/Final Project/Report/Template/report.tex:162: Undefined control sequence.
\environment tcb@drawing code ...}\SuspendTagging 
                                                  {tcb/drawing}\tcb@tikz@beg...
l.162 ^^I^^IThe \inlinecode{\rhostart{}}
                                         command, provides a personalized le...
The control sequence at the end of the top line
of your error message was never \def'ed. If you have
misspelled it (e.g., `\hobx'), type `I' and the correct
spelling (e.g., `I\hbox'). Otherwise just continue,
and I'll forget about whatever was undefined.

Missing character: There is no t ("74) in font nullfont!
Missing character: There is no c ("63) in font nullfont!
Missing character: There is no b ("62) in font nullfont!
Missing character: There is no / ("2F) in font nullfont!
Missing character: There is no d ("64) in font nullfont!
Missing character: There is no r ("72) in font nullfont!
Missing character: There is no a ("61) in font nullfont!
Missing character: There is no w ("77) in font nullfont!
Missing character: There is no i ("69) in font nullfont!
Missing character: There is no n ("6E) in font nullfont!
Missing character: There is no g ("67) in font nullfont!
g:/My Drive/Study/HKU/POLI3148 Data Science in Politics and Public Administration/Final Project/Report/Template/report.tex:162: Undefined control sequence.
\environment tcb@drawing end aux  ...esumeTagging 
                                                  {tcb/drawing}\UseTaggingSo...
l.162 ^^I^^IThe \inlinecode{\rhostart{}}
                                         command, provides a personalized le...
The control sequence at the end of the top line
of your error message was never \def'ed. If you have
misspelled it (e.g., `\hobx'), type `I' and the correct
spelling (e.g., `I\hbox'). Otherwise just continue,
and I'll forget about whatever was undefined.

Missing character: There is no t ("74) in font nullfont!
Missing character: There is no c ("63) in font nullfont!
Missing character: There is no b ("62) in font nullfont!
Missing character: There is no / ("2F) in font nullfont!
Missing character: There is no d ("64) in font nullfont!
Missing character: There is no r ("72) in font nullfont!
Missing character: There is no a ("61) in font nullfont!
Missing character: There is no w ("77) in font nullfont!
Missing character: There is no i ("69) in font nullfont!
Missing character: There is no n ("6E) in font nullfont!
Missing character: There is no g ("67) in font nullfont!
g:/My Drive/Study/HKU/POLI3148 Data Science in Politics and Public Administration/Final Project/Report/Template/report.tex:162: Undefined control sequence.
\environment tcb@drawing end aux  ...aggingSocket 
                                                  {tcb/drawing/end}\end {tik...
l.162 ^^I^^IThe \inlinecode{\rhostart{}}
                                         command, provides a personalized le...
The control sequence at the end of the top line
of your error message was never \def'ed. If you have
misspelled it (e.g., `\hobx'), type `I' and the correct
spelling (e.g., `I\hbox'). Otherwise just continue,
and I'll forget about whatever was undefined.

Missing character: There is no t ("74) in font nullfont!
Missing character: There is no c ("63) in font nullfont!
Missing character: There is no b ("62) in font nullfont!
Missing character: There is no / ("2F) in font nullfont!
Missing character: There is no d ("64) in font nullfont!
Missing character: There is no r ("72) in font nullfont!
Missing character: There is no a ("61) in font nullfont!
Missing character: There is no w ("77) in font nullfont!
Missing character: There is no i ("69) in font nullfont!
Missing character: There is no n ("6E) in font nullfont!
Missing character: There is no g ("67) in font nullfont!
Missing character: There is no / ("2F) in font nullfont!
Missing character: There is no e ("65) in font nullfont!
Missing character: There is no n ("6E) in font nullfont!
Missing character: There is no d ("64) in font nullfont!
g:/My Drive/Study/HKU/POLI3148 Data Science in Politics and Public Administration/Final Project/Report/Template/report.tex:166: Undefined control sequence.
\environment tcb@drawing code ...UseTaggingSocket 
                                                  {tcb/drawing/begin}\Suspen...
l.166 ... insert the \inlinecode{\tableofcontents}
                                                   command before your first...
The control sequence at the end of the top line
of your error message was never \def'ed. If you have
misspelled it (e.g., `\hobx'), type `I' and the correct
spelling (e.g., `I\hbox'). Otherwise just continue,
and I'll forget about whatever was undefined.

Missing character: There is no t ("74) in font nullfont!
Missing character: There is no c ("63) in font nullfont!
Missing character: There is no b ("62) in font nullfont!
Missing character: There is no / ("2F) in font nullfont!
Missing character: There is no d ("64) in font nullfont!
Missing character: There is no r ("72) in font nullfont!
Missing character: There is no a ("61) in font nullfont!
Missing character: There is no w ("77) in font nullfont!
Missing character: There is no i ("69) in font nullfont!
Missing character: There is no n ("6E) in font nullfont!
Missing character: There is no g ("67) in font nullfont!
Missing character: There is no / ("2F) in font nullfont!
Missing character: There is no b ("62) in font nullfont!
Missing character: There is no e ("65) in font nullfont!
Missing character: There is no g ("67) in font nullfont!
Missing character: There is no i ("69) in font nullfont!
Missing character: There is no n ("6E) in font nullfont!
g:/My Drive/Study/HKU/POLI3148 Data Science in Politics and Public Administration/Final Project/Report/Template/report.tex:166: Undefined control sequence.
\environment tcb@drawing code ...}\SuspendTagging 
                                                  {tcb/drawing}\tcb@tikz@beg...
l.166 ... insert the \inlinecode{\tableofcontents}
                                                   command before your first...
The control sequence at the end of the top line
of your error message was never \def'ed. If you have
misspelled it (e.g., `\hobx'), type `I' and the correct
spelling (e.g., `I\hbox'). Otherwise just continue,
and I'll forget about whatever was undefined.

Missing character: There is no t ("74) in font nullfont!
Missing character: There is no c ("63) in font nullfont!
Missing character: There is no b ("62) in font nullfont!
Missing character: There is no / ("2F) in font nullfont!
Missing character: There is no d ("64) in font nullfont!
Missing character: There is no r ("72) in font nullfont!
Missing character: There is no a ("61) in font nullfont!
Missing character: There is no w ("77) in font nullfont!
Missing character: There is no i ("69) in font nullfont!
Missing character: There is no n ("6E) in font nullfont!
Missing character: There is no g ("67) in font nullfont!
g:/My Drive/Study/HKU/POLI3148 Data Science in Politics and Public Administration/Final Project/Report/Template/report.tex:166: Undefined control sequence.
\environment tcb@drawing end aux  ...esumeTagging 
                                                  {tcb/drawing}\UseTaggingSo...
l.166 ... insert the \inlinecode{\tableofcontents}
                                                   command before your first...
The control sequence at the end of the top line
of your error message was never \def'ed. If you have
misspelled it (e.g., `\hobx'), type `I' and the correct
spelling (e.g., `I\hbox'). Otherwise just continue,
and I'll forget about whatever was undefined.

Missing character: There is no t ("74) in font nullfont!
Missing character: There is no c ("63) in font nullfont!
Missing character: There is no b ("62) in font nullfont!
Missing character: There is no / ("2F) in font nullfont!
Missing character: There is no d ("64) in font nullfont!
Missing character: There is no r ("72) in font nullfont!
Missing character: There is no a ("61) in font nullfont!
Missing character: There is no w ("77) in font nullfont!
Missing character: There is no i ("69) in font nullfont!
Missing character: There is no n ("6E) in font nullfont!
Missing character: There is no g ("67) in font nullfont!
g:/My Drive/Study/HKU/POLI3148 Data Science in Politics and Public Administration/Final Project/Report/Template/report.tex:166: Undefined control sequence.
\environment tcb@drawing end aux  ...aggingSocket 
                                                  {tcb/drawing/end}\end {tik...
l.166 ... insert the \inlinecode{\tableofcontents}
                                                   command before your first...
The control sequence at the end of the top line
of your error message was never \def'ed. If you have
misspelled it (e.g., `\hobx'), type `I' and the correct
spelling (e.g., `I\hbox'). Otherwise just continue,
and I'll forget about whatever was undefined.

Missing character: There is no t ("74) in font nullfont!
Missing character: There is no c ("63) in font nullfont!
Missing character: There is no b ("62) in font nullfont!
Missing character: There is no / ("2F) in font nullfont!
Missing character: There is no d ("64) in font nullfont!
Missing character: There is no r ("72) in font nullfont!
Missing character: There is no a ("61) in font nullfont!
Missing character: There is no w ("77) in font nullfont!
Missing character: There is no i ("69) in font nullfont!
Missing character: There is no n ("6E) in font nullfont!
Missing character: There is no g ("67) in font nullfont!
Missing character: There is no / ("2F) in font nullfont!
Missing character: There is no e ("65) in font nullfont!
Missing character: There is no n ("6E) in font nullfont!
Missing character: There is no d ("64) in font nullfont!

Underfull \hbox (badness 1681) in paragraph at lines 166--167
\TU/lmr/m/n/9 This class includes a customized design for the table of
 []

g:/My Drive/Study/HKU/POLI3148 Data Science in Politics and Public Administration/Final Project/Report/Template/report.tex:170: Undefined control sequence.
\environment tcb@drawing code ...UseTaggingSocket 
                                                  {tcb/drawing/begin}\Suspen...
l.170 ...ormat, edit the \inlinecode{rhobabel.sty}
                                                   file. Label translations ...
The control sequence at the end of the top line
of your error message was never \def'ed. If you have
misspelled it (e.g., `\hobx'), type `I' and the correct
spelling (e.g., `I\hbox'). Otherwise just continue,
and I'll forget about whatever was undefined.

Missing character: There is no t ("74) in font nullfont!
Missing character: There is no c ("63) in font nullfont!
Missing character: There is no b ("62) in font nullfont!
Missing character: There is no / ("2F) in font nullfont!
Missing character: There is no d ("64) in font nullfont!
Missing character: There is no r ("72) in font nullfont!
Missing character: There is no a ("61) in font nullfont!
Missing character: There is no w ("77) in font nullfont!
Missing character: There is no i ("69) in font nullfont!
Missing character: There is no n ("6E) in font nullfont!
Missing character: There is no g ("67) in font nullfont!
Missing character: There is no / ("2F) in font nullfont!
Missing character: There is no b ("62) in font nullfont!
Missing character: There is no e ("65) in font nullfont!
Missing character: There is no g ("67) in font nullfont!
Missing character: There is no i ("69) in font nullfont!
Missing character: There is no n ("6E) in font nullfont!
g:/My Drive/Study/HKU/POLI3148 Data Science in Politics and Public Administration/Final Project/Report/Template/report.tex:170: Undefined control sequence.
\environment tcb@drawing code ...}\SuspendTagging 
                                                  {tcb/drawing}\tcb@tikz@beg...
l.170 ...ormat, edit the \inlinecode{rhobabel.sty}
                                                   file. Label translations ...
The control sequence at the end of the top line
of your error message was never \def'ed. If you have
misspelled it (e.g., `\hobx'), type `I' and the correct
spelling (e.g., `I\hbox'). Otherwise just continue,
and I'll forget about whatever was undefined.

Missing character: There is no t ("74) in font nullfont!
Missing character: There is no c ("63) in font nullfont!
Missing character: There is no b ("62) in font nullfont!
Missing character: There is no / ("2F) in font nullfont!
Missing character: There is no d ("64) in font nullfont!
Missing character: There is no r ("72) in font nullfont!
Missing character: There is no a ("61) in font nullfont!
Missing character: There is no w ("77) in font nullfont!
Missing character: There is no i ("69) in font nullfont!
Missing character: There is no n ("6E) in font nullfont!
Missing character: There is no g ("67) in font nullfont!
g:/My Drive/Study/HKU/POLI3148 Data Science in Politics and Public Administration/Final Project/Report/Template/report.tex:170: Undefined control sequence.
\environment tcb@drawing end aux  ...esumeTagging 
                                                  {tcb/drawing}\UseTaggingSo...
l.170 ...ormat, edit the \inlinecode{rhobabel.sty}
                                                   file. Label translations ...
The control sequence at the end of the top line
of your error message was never \def'ed. If you have
misspelled it (e.g., `\hobx'), type `I' and the correct
spelling (e.g., `I\hbox'). Otherwise just continue,
and I'll forget about whatever was undefined.

Missing character: There is no t ("74) in font nullfont!
Missing character: There is no c ("63) in font nullfont!
Missing character: There is no b ("62) in font nullfont!
Missing character: There is no / ("2F) in font nullfont!
Missing character: There is no d ("64) in font nullfont!
Missing character: There is no r ("72) in font nullfont!
Missing character: There is no a ("61) in font nullfont!
Missing character: There is no w ("77) in font nullfont!
Missing character: There is no i ("69) in font nullfont!
Missing character: There is no n ("6E) in font nullfont!
Missing character: There is no g ("67) in font nullfont!
g:/My Drive/Study/HKU/POLI3148 Data Science in Politics and Public Administration/Final Project/Report/Template/report.tex:170: Undefined control sequence.
\environment tcb@drawing end aux  ...aggingSocket 
                                                  {tcb/drawing/end}\end {tik...
l.170 ...ormat, edit the \inlinecode{rhobabel.sty}
                                                   file. Label translations ...
The control sequence at the end of the top line
of your error message was never \def'ed. If you have
misspelled it (e.g., `\hobx'), type `I' and the correct
spelling (e.g., `I\hbox'). Otherwise just continue,
and I'll forget about whatever was undefined.

Missing character: There is no t ("74) in font nullfont!
Missing character: There is no c ("63) in font nullfont!
Missing character: There is no b ("62) in font nullfont!
Missing character: There is no / ("2F) in font nullfont!
Missing character: There is no d ("64) in font nullfont!
Missing character: There is no r ("72) in font nullfont!
Missing character: There is no a ("61) in font nullfont!
Missing character: There is no w ("77) in font nullfont!
Missing character: There is no i ("69) in font nullfont!
Missing character: There is no n ("6E) in font nullfont!
Missing character: There is no g ("67) in font nullfont!
Missing character: There is no / ("2F) in font nullfont!
Missing character: There is no e ("65) in font nullfont!
Missing character: There is no n ("6E) in font nullfont!
Missing character: There is no d ("64) in font nullfont!
g:/My Drive/Study/HKU/POLI3148 Data Science in Politics and Public Administration/Final Project/Report/Template/report.tex:173: Undefined control sequence.
\environment tcb@drawing code ...UseTaggingSocket 
                                                  {tcb/drawing/begin}\Suspen...
l.173             \item \inlinecode{\figref{}}
                                               — Uses the label style define...
The control sequence at the end of the top line
of your error message was never \def'ed. If you have
misspelled it (e.g., `\hobx'), type `I' and the correct
spelling (e.g., `I\hbox'). Otherwise just continue,
and I'll forget about whatever was undefined.

Missing character: There is no t ("74) in font nullfont!
Missing character: There is no c ("63) in font nullfont!
Missing character: There is no b ("62) in font nullfont!
Missing character: There is no / ("2F) in font nullfont!
Missing character: There is no d ("64) in font nullfont!
Missing character: There is no r ("72) in font nullfont!
Missing character: There is no a ("61) in font nullfont!
Missing character: There is no w ("77) in font nullfont!
Missing character: There is no i ("69) in font nullfont!
Missing character: There is no n ("6E) in font nullfont!
Missing character: There is no g ("67) in font nullfont!
Missing character: There is no / ("2F) in font nullfont!
Missing character: There is no b ("62) in font nullfont!
Missing character: There is no e ("65) in font nullfont!
Missing character: There is no g ("67) in font nullfont!
Missing character: There is no i ("69) in font nullfont!
Missing character: There is no n ("6E) in font nullfont!
g:/My Drive/Study/HKU/POLI3148 Data Science in Politics and Public Administration/Final Project/Report/Template/report.tex:173: Undefined control sequence.
\environment tcb@drawing code ...}\SuspendTagging 
                                                  {tcb/drawing}\tcb@tikz@beg...
l.173             \item \inlinecode{\figref{}}
                                               — Uses the label style define...
The control sequence at the end of the top line
of your error message was never \def'ed. If you have
misspelled it (e.g., `\hobx'), type `I' and the correct
spelling (e.g., `I\hbox'). Otherwise just continue,
and I'll forget about whatever was undefined.

Missing character: There is no t ("74) in font nullfont!
Missing character: There is no c ("63) in font nullfont!
Missing character: There is no b ("62) in font nullfont!
Missing character: There is no / ("2F) in font nullfont!
Missing character: There is no d ("64) in font nullfont!
Missing character: There is no r ("72) in font nullfont!
Missing character: There is no a ("61) in font nullfont!
Missing character: There is no w ("77) in font nullfont!
Missing character: There is no i ("69) in font nullfont!
Missing character: There is no n ("6E) in font nullfont!
Missing character: There is no g ("67) in font nullfont!
g:/My Drive/Study/HKU/POLI3148 Data Science in Politics and Public Administration/Final Project/Report/Template/report.tex:173: Undefined control sequence.
\environment tcb@drawing end aux  ...esumeTagging 
                                                  {tcb/drawing}\UseTaggingSo...
l.173             \item \inlinecode{\figref{}}
                                               — Uses the label style define...
The control sequence at the end of the top line
of your error message was never \def'ed. If you have
misspelled it (e.g., `\hobx'), type `I' and the correct
spelling (e.g., `I\hbox'). Otherwise just continue,
and I'll forget about whatever was undefined.

Missing character: There is no t ("74) in font nullfont!
Missing character: There is no c ("63) in font nullfont!
Missing character: There is no b ("62) in font nullfont!
Missing character: There is no / ("2F) in font nullfont!
Missing character: There is no d ("64) in font nullfont!
Missing character: There is no r ("72) in font nullfont!
Missing character: There is no a ("61) in font nullfont!
Missing character: There is no w ("77) in font nullfont!
Missing character: There is no i ("69) in font nullfont!
Missing character: There is no n ("6E) in font nullfont!
Missing character: There is no g ("67) in font nullfont!
g:/My Drive/Study/HKU/POLI3148 Data Science in Politics and Public Administration/Final Project/Report/Template/report.tex:173: Undefined control sequence.
\environment tcb@drawing end aux  ...aggingSocket 
                                                  {tcb/drawing/end}\end {tik...
l.173             \item \inlinecode{\figref{}}
                                               — Uses the label style define...
The control sequence at the end of the top line
of your error message was never \def'ed. If you have
misspelled it (e.g., `\hobx'), type `I' and the correct
spelling (e.g., `I\hbox'). Otherwise just continue,
and I'll forget about whatever was undefined.

Missing character: There is no t ("74) in font nullfont!
Missing character: There is no c ("63) in font nullfont!
Missing character: There is no b ("62) in font nullfont!
Missing character: There is no / ("2F) in font nullfont!
Missing character: There is no d ("64) in font nullfont!
Missing character: There is no r ("72) in font nullfont!
Missing character: There is no a ("61) in font nullfont!
Missing character: There is no w ("77) in font nullfont!
Missing character: There is no i ("69) in font nullfont!
Missing character: There is no n ("6E) in font nullfont!
Missing character: There is no g ("67) in font nullfont!
Missing character: There is no / ("2F) in font nullfont!
Missing character: There is no e ("65) in font nullfont!
Missing character: There is no n ("6E) in font nullfont!
Missing character: There is no d ("64) in font nullfont!
g:/My Drive/Study/HKU/POLI3148 Data Science in Politics and Public Administration/Final Project/Report/Template/report.tex:173: Undefined control sequence.
\environment tcb@drawing code ...UseTaggingSocket 
                                                  {tcb/drawing/begin}\Suspen...
l.173 ...l style defined by \inlinecode{\figlabel}
                                                  .
The control sequence at the end of the top line
of your error message was never \def'ed. If you have
misspelled it (e.g., `\hobx'), type `I' and the correct
spelling (e.g., `I\hbox'). Otherwise just continue,
and I'll forget about whatever was undefined.

Missing character: There is no t ("74) in font nullfont!
Missing character: There is no c ("63) in font nullfont!
Missing character: There is no b ("62) in font nullfont!
Missing character: There is no / ("2F) in font nullfont!
Missing character: There is no d ("64) in font nullfont!
Missing character: There is no r ("72) in font nullfont!
Missing character: There is no a ("61) in font nullfont!
Missing character: There is no w ("77) in font nullfont!
Missing character: There is no i ("69) in font nullfont!
Missing character: There is no n ("6E) in font nullfont!
Missing character: There is no g ("67) in font nullfont!
Missing character: There is no / ("2F) in font nullfont!
Missing character: There is no b ("62) in font nullfont!
Missing character: There is no e ("65) in font nullfont!
Missing character: There is no g ("67) in font nullfont!
Missing character: There is no i ("69) in font nullfont!
Missing character: There is no n ("6E) in font nullfont!
g:/My Drive/Study/HKU/POLI3148 Data Science in Politics and Public Administration/Final Project/Report/Template/report.tex:173: Undefined control sequence.
\environment tcb@drawing code ...}\SuspendTagging 
                                                  {tcb/drawing}\tcb@tikz@beg...
l.173 ...l style defined by \inlinecode{\figlabel}
                                                  .
The control sequence at the end of the top line
of your error message was never \def'ed. If you have
misspelled it (e.g., `\hobx'), type `I' and the correct
spelling (e.g., `I\hbox'). Otherwise just continue,
and I'll forget about whatever was undefined.

Missing character: There is no t ("74) in font nullfont!
Missing character: There is no c ("63) in font nullfont!
Missing character: There is no b ("62) in font nullfont!
Missing character: There is no / ("2F) in font nullfont!
Missing character: There is no d ("64) in font nullfont!
Missing character: There is no r ("72) in font nullfont!
Missing character: There is no a ("61) in font nullfont!
Missing character: There is no w ("77) in font nullfont!
Missing character: There is no i ("69) in font nullfont!
Missing character: There is no n ("6E) in font nullfont!
Missing character: There is no g ("67) in font nullfont!
g:/My Drive/Study/HKU/POLI3148 Data Science in Politics and Public Administration/Final Project/Report/Template/report.tex:173: Undefined control sequence.
\environment tcb@drawing end aux  ...esumeTagging 
                                                  {tcb/drawing}\UseTaggingSo...
l.173 ...l style defined by \inlinecode{\figlabel}
                                                  .
The control sequence at the end of the top line
of your error message was never \def'ed. If you have
misspelled it (e.g., `\hobx'), type `I' and the correct
spelling (e.g., `I\hbox'). Otherwise just continue,
and I'll forget about whatever was undefined.

Missing character: There is no t ("74) in font nullfont!
Missing character: There is no c ("63) in font nullfont!
Missing character: There is no b ("62) in font nullfont!
Missing character: There is no / ("2F) in font nullfont!
Missing character: There is no d ("64) in font nullfont!
Missing character: There is no r ("72) in font nullfont!
Missing character: There is no a ("61) in font nullfont!
Missing character: There is no w ("77) in font nullfont!
Missing character: There is no i ("69) in font nullfont!
Missing character: There is no n ("6E) in font nullfont!
Missing character: There is no g ("67) in font nullfont!
g:/My Drive/Study/HKU/POLI3148 Data Science in Politics and Public Administration/Final Project/Report/Template/report.tex:173: Undefined control sequence.
\environment tcb@drawing end aux  ...aggingSocket 
                                                  {tcb/drawing/end}\end {tik...
l.173 ...l style defined by \inlinecode{\figlabel}
                                                  .
The control sequence at the end of the top line
of your error message was never \def'ed. If you have
misspelled it (e.g., `\hobx'), type `I' and the correct
spelling (e.g., `I\hbox'). Otherwise just continue,
and I'll forget about whatever was undefined.

Missing character: There is no t ("74) in font nullfont!
Missing character: There is no c ("63) in font nullfont!
Missing character: There is no b ("62) in font nullfont!
Missing character: There is no / ("2F) in font nullfont!
Missing character: There is no d ("64) in font nullfont!
Missing character: There is no r ("72) in font nullfont!
Missing character: There is no a ("61) in font nullfont!
Missing character: There is no w ("77) in font nullfont!
Missing character: There is no i ("69) in font nullfont!
Missing character: There is no n ("6E) in font nullfont!
Missing character: There is no g ("67) in font nullfont!
Missing character: There is no / ("2F) in font nullfont!
Missing character: There is no e ("65) in font nullfont!
Missing character: There is no n ("6E) in font nullfont!
Missing character: There is no d ("64) in font nullfont!
g:/My Drive/Study/HKU/POLI3148 Data Science in Politics and Public Administration/Final Project/Report/Template/report.tex:174: Undefined control sequence.
\environment tcb@drawing code ...UseTaggingSocket 
                                                  {tcb/drawing/begin}\Suspen...
l.174             \item \inlinecode{\figsref{}}
                                                — Uses the label style defin...
The control sequence at the end of the top line
of your error message was never \def'ed. If you have
misspelled it (e.g., `\hobx'), type `I' and the correct
spelling (e.g., `I\hbox'). Otherwise just continue,
and I'll forget about whatever was undefined.

Missing character: There is no t ("74) in font nullfont!
Missing character: There is no c ("63) in font nullfont!
Missing character: There is no b ("62) in font nullfont!
Missing character: There is no / ("2F) in font nullfont!
Missing character: There is no d ("64) in font nullfont!
Missing character: There is no r ("72) in font nullfont!
Missing character: There is no a ("61) in font nullfont!
Missing character: There is no w ("77) in font nullfont!
Missing character: There is no i ("69) in font nullfont!
Missing character: There is no n ("6E) in font nullfont!
Missing character: There is no g ("67) in font nullfont!
Missing character: There is no / ("2F) in font nullfont!
Missing character: There is no b ("62) in font nullfont!
Missing character: There is no e ("65) in font nullfont!
Missing character: There is no g ("67) in font nullfont!
Missing character: There is no i ("69) in font nullfont!
Missing character: There is no n ("6E) in font nullfont!
g:/My Drive/Study/HKU/POLI3148 Data Science in Politics and Public Administration/Final Project/Report/Template/report.tex:174: Undefined control sequence.
\environment tcb@drawing code ...}\SuspendTagging 
                                                  {tcb/drawing}\tcb@tikz@beg...
l.174             \item \inlinecode{\figsref{}}
                                                — Uses the label style defin...
The control sequence at the end of the top line
of your error message was never \def'ed. If you have
misspelled it (e.g., `\hobx'), type `I' and the correct
spelling (e.g., `I\hbox'). Otherwise just continue,
and I'll forget about whatever was undefined.

Missing character: There is no t ("74) in font nullfont!
Missing character: There is no c ("63) in font nullfont!
Missing character: There is no b ("62) in font nullfont!
Missing character: There is no / ("2F) in font nullfont!
Missing character: There is no d ("64) in font nullfont!
Missing character: There is no r ("72) in font nullfont!
Missing character: There is no a ("61) in font nullfont!
Missing character: There is no w ("77) in font nullfont!
Missing character: There is no i ("69) in font nullfont!
Missing character: There is no n ("6E) in font nullfont!
Missing character: There is no g ("67) in font nullfont!
g:/My Drive/Study/HKU/POLI3148 Data Science in Politics and Public Administration/Final Project/Report/Template/report.tex:174: Undefined control sequence.
\environment tcb@drawing end aux  ...esumeTagging 
                                                  {tcb/drawing}\UseTaggingSo...
l.174             \item \inlinecode{\figsref{}}
                                                — Uses the label style defin...
The control sequence at the end of the top line
of your error message was never \def'ed. If you have
misspelled it (e.g., `\hobx'), type `I' and the correct
spelling (e.g., `I\hbox'). Otherwise just continue,
and I'll forget about whatever was undefined.

Missing character: There is no t ("74) in font nullfont!
Missing character: There is no c ("63) in font nullfont!
Missing character: There is no b ("62) in font nullfont!
Missing character: There is no / ("2F) in font nullfont!
Missing character: There is no d ("64) in font nullfont!
Missing character: There is no r ("72) in font nullfont!
Missing character: There is no a ("61) in font nullfont!
Missing character: There is no w ("77) in font nullfont!
Missing character: There is no i ("69) in font nullfont!
Missing character: There is no n ("6E) in font nullfont!
Missing character: There is no g ("67) in font nullfont!
g:/My Drive/Study/HKU/POLI3148 Data Science in Politics and Public Administration/Final Project/Report/Template/report.tex:174: Undefined control sequence.
\environment tcb@drawing end aux  ...aggingSocket 
                                                  {tcb/drawing/end}\end {tik...
l.174             \item \inlinecode{\figsref{}}
                                                — Uses the label style defin...
The control sequence at the end of the top line
of your error message was never \def'ed. If you have
misspelled it (e.g., `\hobx'), type `I' and the correct
spelling (e.g., `I\hbox'). Otherwise just continue,
and I'll forget about whatever was undefined.

Missing character: There is no t ("74) in font nullfont!
Missing character: There is no c ("63) in font nullfont!
Missing character: There is no b ("62) in font nullfont!
Missing character: There is no / ("2F) in font nullfont!
Missing character: There is no d ("64) in font nullfont!
Missing character: There is no r ("72) in font nullfont!
Missing character: There is no a ("61) in font nullfont!
Missing character: There is no w ("77) in font nullfont!
Missing character: There is no i ("69) in font nullfont!
Missing character: There is no n ("6E) in font nullfont!
Missing character: There is no g ("67) in font nullfont!
Missing character: There is no / ("2F) in font nullfont!
Missing character: There is no e ("65) in font nullfont!
Missing character: There is no n ("6E) in font nullfont!
Missing character: There is no d ("64) in font nullfont!
g:/My Drive/Study/HKU/POLI3148 Data Science in Politics and Public Administration/Final Project/Report/Template/report.tex:174: Undefined control sequence.
\environment tcb@drawing code ...UseTaggingSocket 
                                                  {tcb/drawing/begin}\Suspen...
l.174 ... style defined by \inlinecode{\figslabel}
                                                  .
The control sequence at the end of the top line
of your error message was never \def'ed. If you have
misspelled it (e.g., `\hobx'), type `I' and the correct
spelling (e.g., `I\hbox'). Otherwise just continue,
and I'll forget about whatever was undefined.

Missing character: There is no t ("74) in font nullfont!
Missing character: There is no c ("63) in font nullfont!
Missing character: There is no b ("62) in font nullfont!
Missing character: There is no / ("2F) in font nullfont!
Missing character: There is no d ("64) in font nullfont!
Missing character: There is no r ("72) in font nullfont!
Missing character: There is no a ("61) in font nullfont!
Missing character: There is no w ("77) in font nullfont!
Missing character: There is no i ("69) in font nullfont!
Missing character: There is no n ("6E) in font nullfont!
Missing character: There is no g ("67) in font nullfont!
Missing character: There is no / ("2F) in font nullfont!
Missing character: There is no b ("62) in font nullfont!
Missing character: There is no e ("65) in font nullfont!
Missing character: There is no g ("67) in font nullfont!
Missing character: There is no i ("69) in font nullfont!
Missing character: There is no n ("6E) in font nullfont!
g:/My Drive/Study/HKU/POLI3148 Data Science in Politics and Public Administration/Final Project/Report/Template/report.tex:174: Undefined control sequence.
\environment tcb@drawing code ...}\SuspendTagging 
                                                  {tcb/drawing}\tcb@tikz@beg...
l.174 ... style defined by \inlinecode{\figslabel}
                                                  .
The control sequence at the end of the top line
of your error message was never \def'ed. If you have
misspelled it (e.g., `\hobx'), type `I' and the correct
spelling (e.g., `I\hbox'). Otherwise just continue,
and I'll forget about whatever was undefined.

Missing character: There is no t ("74) in font nullfont!
Missing character: There is no c ("63) in font nullfont!
Missing character: There is no b ("62) in font nullfont!
Missing character: There is no / ("2F) in font nullfont!
Missing character: There is no d ("64) in font nullfont!
Missing character: There is no r ("72) in font nullfont!
Missing character: There is no a ("61) in font nullfont!
Missing character: There is no w ("77) in font nullfont!
Missing character: There is no i ("69) in font nullfont!
Missing character: There is no n ("6E) in font nullfont!
Missing character: There is no g ("67) in font nullfont!
g:/My Drive/Study/HKU/POLI3148 Data Science in Politics and Public Administration/Final Project/Report/Template/report.tex:174: Undefined control sequence.
\environment tcb@drawing end aux  ...esumeTagging 
                                                  {tcb/drawing}\UseTaggingSo...
l.174 ... style defined by \inlinecode{\figslabel}
                                                  .
The control sequence at the end of the top line
of your error message was never \def'ed. If you have
misspelled it (e.g., `\hobx'), type `I' and the correct
spelling (e.g., `I\hbox'). Otherwise just continue,
and I'll forget about whatever was undefined.

Missing character: There is no t ("74) in font nullfont!
Missing character: There is no c ("63) in font nullfont!
Missing character: There is no b ("62) in font nullfont!
Missing character: There is no / ("2F) in font nullfont!
Missing character: There is no d ("64) in font nullfont!
Missing character: There is no r ("72) in font nullfont!
Missing character: There is no a ("61) in font nullfont!
Missing character: There is no w ("77) in font nullfont!
Missing character: There is no i ("69) in font nullfont!
Missing character: There is no n ("6E) in font nullfont!
Missing character: There is no g ("67) in font nullfont!
g:/My Drive/Study/HKU/POLI3148 Data Science in Politics and Public Administration/Final Project/Report/Template/report.tex:174: Undefined control sequence.
\environment tcb@drawing end aux  ...aggingSocket 
                                                  {tcb/drawing/end}\end {tik...
l.174 ... style defined by \inlinecode{\figslabel}
                                                  .
The control sequence at the end of the top line
of your error message was never \def'ed. If you have
misspelled it (e.g., `\hobx'), type `I' and the correct
spelling (e.g., `I\hbox'). Otherwise just continue,
and I'll forget about whatever was undefined.

Missing character: There is no t ("74) in font nullfont!
Missing character: There is no c ("63) in font nullfont!
Missing character: There is no b ("62) in font nullfont!
Missing character: There is no / ("2F) in font nullfont!
Missing character: There is no d ("64) in font nullfont!
Missing character: There is no r ("72) in font nullfont!
Missing character: There is no a ("61) in font nullfont!
Missing character: There is no w ("77) in font nullfont!
Missing character: There is no i ("69) in font nullfont!
Missing character: There is no n ("6E) in font nullfont!
Missing character: There is no g ("67) in font nullfont!
Missing character: There is no / ("2F) in font nullfont!
Missing character: There is no e ("65) in font nullfont!
Missing character: There is no n ("6E) in font nullfont!
Missing character: There is no d ("64) in font nullfont!
g:/My Drive/Study/HKU/POLI3148 Data Science in Politics and Public Administration/Final Project/Report/Template/report.tex:175: Undefined control sequence.
\environment tcb@drawing code ...UseTaggingSocket 
                                                  {tcb/drawing/begin}\Suspen...
l.175             \item \inlinecode{\tabref{}}
                                               — Uses the label style define...
The control sequence at the end of the top line
of your error message was never \def'ed. If you have
misspelled it (e.g., `\hobx'), type `I' and the correct
spelling (e.g., `I\hbox'). Otherwise just continue,
and I'll forget about whatever was undefined.

Missing character: There is no t ("74) in font nullfont!
Missing character: There is no c ("63) in font nullfont!
Missing character: There is no b ("62) in font nullfont!
Missing character: There is no / ("2F) in font nullfont!
Missing character: There is no d ("64) in font nullfont!
Missing character: There is no r ("72) in font nullfont!
Missing character: There is no a ("61) in font nullfont!
Missing character: There is no w ("77) in font nullfont!
Missing character: There is no i ("69) in font nullfont!
Missing character: There is no n ("6E) in font nullfont!
Missing character: There is no g ("67) in font nullfont!
Missing character: There is no / ("2F) in font nullfont!
Missing character: There is no b ("62) in font nullfont!
Missing character: There is no e ("65) in font nullfont!
Missing character: There is no g ("67) in font nullfont!
Missing character: There is no i ("69) in font nullfont!
Missing character: There is no n ("6E) in font nullfont!
g:/My Drive/Study/HKU/POLI3148 Data Science in Politics and Public Administration/Final Project/Report/Template/report.tex:175: Undefined control sequence.
\environment tcb@drawing code ...}\SuspendTagging 
                                                  {tcb/drawing}\tcb@tikz@beg...
l.175             \item \inlinecode{\tabref{}}
                                               — Uses the label style define...
The control sequence at the end of the top line
of your error message was never \def'ed. If you have
misspelled it (e.g., `\hobx'), type `I' and the correct
spelling (e.g., `I\hbox'). Otherwise just continue,
and I'll forget about whatever was undefined.

Missing character: There is no t ("74) in font nullfont!
Missing character: There is no c ("63) in font nullfont!
Missing character: There is no b ("62) in font nullfont!
Missing character: There is no / ("2F) in font nullfont!
Missing character: There is no d ("64) in font nullfont!
Missing character: There is no r ("72) in font nullfont!
Missing character: There is no a ("61) in font nullfont!
Missing character: There is no w ("77) in font nullfont!
Missing character: There is no i ("69) in font nullfont!
Missing character: There is no n ("6E) in font nullfont!
Missing character: There is no g ("67) in font nullfont!
g:/My Drive/Study/HKU/POLI3148 Data Science in Politics and Public Administration/Final Project/Report/Template/report.tex:175: Undefined control sequence.
\environment tcb@drawing end aux  ...esumeTagging 
                                                  {tcb/drawing}\UseTaggingSo...
l.175             \item \inlinecode{\tabref{}}
                                               — Uses the label style define...
The control sequence at the end of the top line
of your error message was never \def'ed. If you have
misspelled it (e.g., `\hobx'), type `I' and the correct
spelling (e.g., `I\hbox'). Otherwise just continue,
and I'll forget about whatever was undefined.

Missing character: There is no t ("74) in font nullfont!
Missing character: There is no c ("63) in font nullfont!
Missing character: There is no b ("62) in font nullfont!
Missing character: There is no / ("2F) in font nullfont!
Missing character: There is no d ("64) in font nullfont!
Missing character: There is no r ("72) in font nullfont!
Missing character: There is no a ("61) in font nullfont!
Missing character: There is no w ("77) in font nullfont!
Missing character: There is no i ("69) in font nullfont!
Missing character: There is no n ("6E) in font nullfont!
Missing character: There is no g ("67) in font nullfont!
g:/My Drive/Study/HKU/POLI3148 Data Science in Politics and Public Administration/Final Project/Report/Template/report.tex:175: Undefined control sequence.
\environment tcb@drawing end aux  ...aggingSocket 
                                                  {tcb/drawing/end}\end {tik...
l.175             \item \inlinecode{\tabref{}}
                                               — Uses the label style define...
The control sequence at the end of the top line
of your error message was never \def'ed. If you have
misspelled it (e.g., `\hobx'), type `I' and the correct
spelling (e.g., `I\hbox'). Otherwise just continue,
and I'll forget about whatever was undefined.

Missing character: There is no t ("74) in font nullfont!
Missing character: There is no c ("63) in font nullfont!
Missing character: There is no b ("62) in font nullfont!
Missing character: There is no / ("2F) in font nullfont!
Missing character: There is no d ("64) in font nullfont!
Missing character: There is no r ("72) in font nullfont!
Missing character: There is no a ("61) in font nullfont!
Missing character: There is no w ("77) in font nullfont!
Missing character: There is no i ("69) in font nullfont!
Missing character: There is no n ("6E) in font nullfont!
Missing character: There is no g ("67) in font nullfont!
Missing character: There is no / ("2F) in font nullfont!
Missing character: There is no e ("65) in font nullfont!
Missing character: There is no n ("6E) in font nullfont!
Missing character: There is no d ("64) in font nullfont!
g:/My Drive/Study/HKU/POLI3148 Data Science in Politics and Public Administration/Final Project/Report/Template/report.tex:175: Undefined control sequence.
\environment tcb@drawing code ...UseTaggingSocket 
                                                  {tcb/drawing/begin}\Suspen...
l.175 ...l style defined by \inlinecode{\tablabel}
                                                  .
The control sequence at the end of the top line
of your error message was never \def'ed. If you have
misspelled it (e.g., `\hobx'), type `I' and the correct
spelling (e.g., `I\hbox'). Otherwise just continue,
and I'll forget about whatever was undefined.

Missing character: There is no t ("74) in font nullfont!
Missing character: There is no c ("63) in font nullfont!
Missing character: There is no b ("62) in font nullfont!
Missing character: There is no / ("2F) in font nullfont!
Missing character: There is no d ("64) in font nullfont!
Missing character: There is no r ("72) in font nullfont!
Missing character: There is no a ("61) in font nullfont!
Missing character: There is no w ("77) in font nullfont!
Missing character: There is no i ("69) in font nullfont!
Missing character: There is no n ("6E) in font nullfont!
Missing character: There is no g ("67) in font nullfont!
Missing character: There is no / ("2F) in font nullfont!
Missing character: There is no b ("62) in font nullfont!
Missing character: There is no e ("65) in font nullfont!
Missing character: There is no g ("67) in font nullfont!
Missing character: There is no i ("69) in font nullfont!
Missing character: There is no n ("6E) in font nullfont!
g:/My Drive/Study/HKU/POLI3148 Data Science in Politics and Public Administration/Final Project/Report/Template/report.tex:175: Undefined control sequence.
\environment tcb@drawing code ...}\SuspendTagging 
                                                  {tcb/drawing}\tcb@tikz@beg...
l.175 ...l style defined by \inlinecode{\tablabel}
                                                  .
The control sequence at the end of the top line
of your error message was never \def'ed. If you have
misspelled it (e.g., `\hobx'), type `I' and the correct
spelling (e.g., `I\hbox'). Otherwise just continue,
and I'll forget about whatever was undefined.

Missing character: There is no t ("74) in font nullfont!
Missing character: There is no c ("63) in font nullfont!
Missing character: There is no b ("62) in font nullfont!
Missing character: There is no / ("2F) in font nullfont!
Missing character: There is no d ("64) in font nullfont!
Missing character: There is no r ("72) in font nullfont!
Missing character: There is no a ("61) in font nullfont!
Missing character: There is no w ("77) in font nullfont!
Missing character: There is no i ("69) in font nullfont!
Missing character: There is no n ("6E) in font nullfont!
Missing character: There is no g ("67) in font nullfont!
g:/My Drive/Study/HKU/POLI3148 Data Science in Politics and Public Administration/Final Project/Report/Template/report.tex:175: Undefined control sequence.
\environment tcb@drawing end aux  ...esumeTagging 
                                                  {tcb/drawing}\UseTaggingSo...
l.175 ...l style defined by \inlinecode{\tablabel}
                                                  .
The control sequence at the end of the top line
of your error message was never \def'ed. If you have
misspelled it (e.g., `\hobx'), type `I' and the correct
spelling (e.g., `I\hbox'). Otherwise just continue,
and I'll forget about whatever was undefined.

Missing character: There is no t ("74) in font nullfont!
Missing character: There is no c ("63) in font nullfont!
Missing character: There is no b ("62) in font nullfont!
Missing character: There is no / ("2F) in font nullfont!
Missing character: There is no d ("64) in font nullfont!
Missing character: There is no r ("72) in font nullfont!
Missing character: There is no a ("61) in font nullfont!
Missing character: There is no w ("77) in font nullfont!
Missing character: There is no i ("69) in font nullfont!
Missing character: There is no n ("6E) in font nullfont!
Missing character: There is no g ("67) in font nullfont!
g:/My Drive/Study/HKU/POLI3148 Data Science in Politics and Public Administration/Final Project/Report/Template/report.tex:175: Undefined control sequence.
\environment tcb@drawing end aux  ...aggingSocket 
                                                  {tcb/drawing/end}\end {tik...
l.175 ...l style defined by \inlinecode{\tablabel}
                                                  .
The control sequence at the end of the top line
of your error message was never \def'ed. If you have
misspelled it (e.g., `\hobx'), type `I' and the correct
spelling (e.g., `I\hbox'). Otherwise just continue,
and I'll forget about whatever was undefined.

Missing character: There is no t ("74) in font nullfont!
Missing character: There is no c ("63) in font nullfont!
Missing character: There is no b ("62) in font nullfont!
Missing character: There is no / ("2F) in font nullfont!
Missing character: There is no d ("64) in font nullfont!
Missing character: There is no r ("72) in font nullfont!
Missing character: There is no a ("61) in font nullfont!
Missing character: There is no w ("77) in font nullfont!
Missing character: There is no i ("69) in font nullfont!
Missing character: There is no n ("6E) in font nullfont!
Missing character: There is no g ("67) in font nullfont!
Missing character: There is no / ("2F) in font nullfont!
Missing character: There is no e ("65) in font nullfont!
Missing character: There is no n ("6E) in font nullfont!
Missing character: There is no d ("64) in font nullfont!
g:/My Drive/Study/HKU/POLI3148 Data Science in Politics and Public Administration/Final Project/Report/Template/report.tex:176: Undefined control sequence.
\environment tcb@drawing code ...UseTaggingSocket 
                                                  {tcb/drawing/begin}\Suspen...
l.176             \item \inlinecode{\coderef{}}
                                                 — Uses the label style defi...
The control sequence at the end of the top line
of your error message was never \def'ed. If you have
misspelled it (e.g., `\hobx'), type `I' and the correct
spelling (e.g., `I\hbox'). Otherwise just continue,
and I'll forget about whatever was undefined.

Missing character: There is no t ("74) in font nullfont!
Missing character: There is no c ("63) in font nullfont!
Missing character: There is no b ("62) in font nullfont!
Missing character: There is no / ("2F) in font nullfont!
Missing character: There is no d ("64) in font nullfont!
Missing character: There is no r ("72) in font nullfont!
Missing character: There is no a ("61) in font nullfont!
Missing character: There is no w ("77) in font nullfont!
Missing character: There is no i ("69) in font nullfont!
Missing character: There is no n ("6E) in font nullfont!
Missing character: There is no g ("67) in font nullfont!
Missing character: There is no / ("2F) in font nullfont!
Missing character: There is no b ("62) in font nullfont!
Missing character: There is no e ("65) in font nullfont!
Missing character: There is no g ("67) in font nullfont!
Missing character: There is no i ("69) in font nullfont!
Missing character: There is no n ("6E) in font nullfont!
g:/My Drive/Study/HKU/POLI3148 Data Science in Politics and Public Administration/Final Project/Report/Template/report.tex:176: Undefined control sequence.
\environment tcb@drawing code ...}\SuspendTagging 
                                                  {tcb/drawing}\tcb@tikz@beg...
l.176             \item \inlinecode{\coderef{}}
                                                 — Uses the label style defi...
The control sequence at the end of the top line
of your error message was never \def'ed. If you have
misspelled it (e.g., `\hobx'), type `I' and the correct
spelling (e.g., `I\hbox'). Otherwise just continue,
and I'll forget about whatever was undefined.

Missing character: There is no t ("74) in font nullfont!
Missing character: There is no c ("63) in font nullfont!
Missing character: There is no b ("62) in font nullfont!
Missing character: There is no / ("2F) in font nullfont!
Missing character: There is no d ("64) in font nullfont!
Missing character: There is no r ("72) in font nullfont!
Missing character: There is no a ("61) in font nullfont!
Missing character: There is no w ("77) in font nullfont!
Missing character: There is no i ("69) in font nullfont!
Missing character: There is no n ("6E) in font nullfont!
Missing character: There is no g ("67) in font nullfont!
g:/My Drive/Study/HKU/POLI3148 Data Science in Politics and Public Administration/Final Project/Report/Template/report.tex:176: Undefined control sequence.
\environment tcb@drawing end aux  ...esumeTagging 
                                                  {tcb/drawing}\UseTaggingSo...
l.176             \item \inlinecode{\coderef{}}
                                                 — Uses the label style defi...
The control sequence at the end of the top line
of your error message was never \def'ed. If you have
misspelled it (e.g., `\hobx'), type `I' and the correct
spelling (e.g., `I\hbox'). Otherwise just continue,
and I'll forget about whatever was undefined.

Missing character: There is no t ("74) in font nullfont!
Missing character: There is no c ("63) in font nullfont!
Missing character: There is no b ("62) in font nullfont!
Missing character: There is no / ("2F) in font nullfont!
Missing character: There is no d ("64) in font nullfont!
Missing character: There is no r ("72) in font nullfont!
Missing character: There is no a ("61) in font nullfont!
Missing character: There is no w ("77) in font nullfont!
Missing character: There is no i ("69) in font nullfont!
Missing character: There is no n ("6E) in font nullfont!
Missing character: There is no g ("67) in font nullfont!
g:/My Drive/Study/HKU/POLI3148 Data Science in Politics and Public Administration/Final Project/Report/Template/report.tex:176: Undefined control sequence.
\environment tcb@drawing end aux  ...aggingSocket 
                                                  {tcb/drawing/end}\end {tik...
l.176             \item \inlinecode{\coderef{}}
                                                 — Uses the label style defi...
The control sequence at the end of the top line
of your error message was never \def'ed. If you have
misspelled it (e.g., `\hobx'), type `I' and the correct
spelling (e.g., `I\hbox'). Otherwise just continue,
and I'll forget about whatever was undefined.

Missing character: There is no t ("74) in font nullfont!
Missing character: There is no c ("63) in font nullfont!
Missing character: There is no b ("62) in font nullfont!
Missing character: There is no / ("2F) in font nullfont!
Missing character: There is no d ("64) in font nullfont!
Missing character: There is no r ("72) in font nullfont!
Missing character: There is no a ("61) in font nullfont!
Missing character: There is no w ("77) in font nullfont!
Missing character: There is no i ("69) in font nullfont!
Missing character: There is no n ("6E) in font nullfont!
Missing character: There is no g ("67) in font nullfont!
Missing character: There is no / ("2F) in font nullfont!
Missing character: There is no e ("65) in font nullfont!
Missing character: There is no n ("6E) in font nullfont!
Missing character: There is no d ("64) in font nullfont!
g:/My Drive/Study/HKU/POLI3148 Data Science in Politics and Public Administration/Final Project/Report/Template/report.tex:176: Undefined control sequence.
\environment tcb@drawing code ...UseTaggingSocket 
                                                  {tcb/drawing/begin}\Suspen...
l.176 ...defined by \inlinecode{\captionlabelcode}
                                                  .
The control sequence at the end of the top line
of your error message was never \def'ed. If you have
misspelled it (e.g., `\hobx'), type `I' and the correct
spelling (e.g., `I\hbox'). Otherwise just continue,
and I'll forget about whatever was undefined.

Missing character: There is no t ("74) in font nullfont!
Missing character: There is no c ("63) in font nullfont!
Missing character: There is no b ("62) in font nullfont!
Missing character: There is no / ("2F) in font nullfont!
Missing character: There is no d ("64) in font nullfont!
Missing character: There is no r ("72) in font nullfont!
Missing character: There is no a ("61) in font nullfont!
Missing character: There is no w ("77) in font nullfont!
Missing character: There is no i ("69) in font nullfont!
Missing character: There is no n ("6E) in font nullfont!
Missing character: There is no g ("67) in font nullfont!
Missing character: There is no / ("2F) in font nullfont!
Missing character: There is no b ("62) in font nullfont!
Missing character: There is no e ("65) in font nullfont!
Missing character: There is no g ("67) in font nullfont!
Missing character: There is no i ("69) in font nullfont!
Missing character: There is no n ("6E) in font nullfont!
g:/My Drive/Study/HKU/POLI3148 Data Science in Politics and Public Administration/Final Project/Report/Template/report.tex:176: Undefined control sequence.
\environment tcb@drawing code ...}\SuspendTagging 
                                                  {tcb/drawing}\tcb@tikz@beg...
l.176 ...defined by \inlinecode{\captionlabelcode}
                                                  .
The control sequence at the end of the top line
of your error message was never \def'ed. If you have
misspelled it (e.g., `\hobx'), type `I' and the correct
spelling (e.g., `I\hbox'). Otherwise just continue,
and I'll forget about whatever was undefined.

Missing character: There is no t ("74) in font nullfont!
Missing character: There is no c ("63) in font nullfont!
Missing character: There is no b ("62) in font nullfont!
Missing character: There is no / ("2F) in font nullfont!
Missing character: There is no d ("64) in font nullfont!
Missing character: There is no r ("72) in font nullfont!
Missing character: There is no a ("61) in font nullfont!
Missing character: There is no w ("77) in font nullfont!
Missing character: There is no i ("69) in font nullfont!
Missing character: There is no n ("6E) in font nullfont!
Missing character: There is no g ("67) in font nullfont!
g:/My Drive/Study/HKU/POLI3148 Data Science in Politics and Public Administration/Final Project/Report/Template/report.tex:176: Undefined control sequence.
\environment tcb@drawing end aux  ...esumeTagging 
                                                  {tcb/drawing}\UseTaggingSo...
l.176 ...defined by \inlinecode{\captionlabelcode}
                                                  .
The control sequence at the end of the top line
of your error message was never \def'ed. If you have
misspelled it (e.g., `\hobx'), type `I' and the correct
spelling (e.g., `I\hbox'). Otherwise just continue,
and I'll forget about whatever was undefined.

Missing character: There is no t ("74) in font nullfont!
Missing character: There is no c ("63) in font nullfont!
Missing character: There is no b ("62) in font nullfont!
Missing character: There is no / ("2F) in font nullfont!
Missing character: There is no d ("64) in font nullfont!
Missing character: There is no r ("72) in font nullfont!
Missing character: There is no a ("61) in font nullfont!
Missing character: There is no w ("77) in font nullfont!
Missing character: There is no i ("69) in font nullfont!
Missing character: There is no n ("6E) in font nullfont!
Missing character: There is no g ("67) in font nullfont!
g:/My Drive/Study/HKU/POLI3148 Data Science in Politics and Public Administration/Final Project/Report/Template/report.tex:176: Undefined control sequence.
\environment tcb@drawing end aux  ...aggingSocket 
                                                  {tcb/drawing/end}\end {tik...
l.176 ...defined by \inlinecode{\captionlabelcode}
                                                  .
The control sequence at the end of the top line
of your error message was never \def'ed. If you have
misspelled it (e.g., `\hobx'), type `I' and the correct
spelling (e.g., `I\hbox'). Otherwise just continue,
and I'll forget about whatever was undefined.

Missing character: There is no t ("74) in font nullfont!
Missing character: There is no c ("63) in font nullfont!
Missing character: There is no b ("62) in font nullfont!
Missing character: There is no / ("2F) in font nullfont!
Missing character: There is no d ("64) in font nullfont!
Missing character: There is no r ("72) in font nullfont!
Missing character: There is no a ("61) in font nullfont!
Missing character: There is no w ("77) in font nullfont!
Missing character: There is no i ("69) in font nullfont!
Missing character: There is no n ("6E) in font nullfont!
Missing character: There is no g ("67) in font nullfont!
Missing character: There is no / ("2F) in font nullfont!
Missing character: There is no e ("65) in font nullfont!
Missing character: There is no n ("6E) in font nullfont!
Missing character: There is no d ("64) in font nullfont!

Underfull \hbox (badness 10000) in paragraph at lines 176--177
[][] \TU/lmr/m/n/9 — Uses the label style defined by
 []

g:/My Drive/Study/HKU/POLI3148 Data Science in Politics and Public Administration/Final Project/Report/Template/report.tex:177: Undefined control sequence.
\environment tcb@drawing code ...UseTaggingSocket 
                                                  {tcb/drawing/begin}\Suspen...
l.177             \item \inlinecode{\equref{}}
                                               — Uses the label style define...
The control sequence at the end of the top line
of your error message was never \def'ed. If you have
misspelled it (e.g., `\hobx'), type `I' and the correct
spelling (e.g., `I\hbox'). Otherwise just continue,
and I'll forget about whatever was undefined.

Missing character: There is no t ("74) in font nullfont!
Missing character: There is no c ("63) in font nullfont!
Missing character: There is no b ("62) in font nullfont!
Missing character: There is no / ("2F) in font nullfont!
Missing character: There is no d ("64) in font nullfont!
Missing character: There is no r ("72) in font nullfont!
Missing character: There is no a ("61) in font nullfont!
Missing character: There is no w ("77) in font nullfont!
Missing character: There is no i ("69) in font nullfont!
Missing character: There is no n ("6E) in font nullfont!
Missing character: There is no g ("67) in font nullfont!
Missing character: There is no / ("2F) in font nullfont!
Missing character: There is no b ("62) in font nullfont!
Missing character: There is no e ("65) in font nullfont!
Missing character: There is no g ("67) in font nullfont!
Missing character: There is no i ("69) in font nullfont!
Missing character: There is no n ("6E) in font nullfont!
g:/My Drive/Study/HKU/POLI3148 Data Science in Politics and Public Administration/Final Project/Report/Template/report.tex:177: Undefined control sequence.
\environment tcb@drawing code ...}\SuspendTagging 
                                                  {tcb/drawing}\tcb@tikz@beg...
l.177             \item \inlinecode{\equref{}}
                                               — Uses the label style define...
The control sequence at the end of the top line
of your error message was never \def'ed. If you have
misspelled it (e.g., `\hobx'), type `I' and the correct
spelling (e.g., `I\hbox'). Otherwise just continue,
and I'll forget about whatever was undefined.

Missing character: There is no t ("74) in font nullfont!
Missing character: There is no c ("63) in font nullfont!
Missing character: There is no b ("62) in font nullfont!
Missing character: There is no / ("2F) in font nullfont!
Missing character: There is no d ("64) in font nullfont!
Missing character: There is no r ("72) in font nullfont!
Missing character: There is no a ("61) in font nullfont!
Missing character: There is no w ("77) in font nullfont!
Missing character: There is no i ("69) in font nullfont!
Missing character: There is no n ("6E) in font nullfont!
Missing character: There is no g ("67) in font nullfont!
g:/My Drive/Study/HKU/POLI3148 Data Science in Politics and Public Administration/Final Project/Report/Template/report.tex:177: Undefined control sequence.
\environment tcb@drawing end aux  ...esumeTagging 
                                                  {tcb/drawing}\UseTaggingSo...
l.177             \item \inlinecode{\equref{}}
                                               — Uses the label style define...
The control sequence at the end of the top line
of your error message was never \def'ed. If you have
misspelled it (e.g., `\hobx'), type `I' and the correct
spelling (e.g., `I\hbox'). Otherwise just continue,
and I'll forget about whatever was undefined.

Missing character: There is no t ("74) in font nullfont!
Missing character: There is no c ("63) in font nullfont!
Missing character: There is no b ("62) in font nullfont!
Missing character: There is no / ("2F) in font nullfont!
Missing character: There is no d ("64) in font nullfont!
Missing character: There is no r ("72) in font nullfont!
Missing character: There is no a ("61) in font nullfont!
Missing character: There is no w ("77) in font nullfont!
Missing character: There is no i ("69) in font nullfont!
Missing character: There is no n ("6E) in font nullfont!
Missing character: There is no g ("67) in font nullfont!
g:/My Drive/Study/HKU/POLI3148 Data Science in Politics and Public Administration/Final Project/Report/Template/report.tex:177: Undefined control sequence.
\environment tcb@drawing end aux  ...aggingSocket 
                                                  {tcb/drawing/end}\end {tik...
l.177             \item \inlinecode{\equref{}}
                                               — Uses the label style define...
The control sequence at the end of the top line
of your error message was never \def'ed. If you have
misspelled it (e.g., `\hobx'), type `I' and the correct
spelling (e.g., `I\hbox'). Otherwise just continue,
and I'll forget about whatever was undefined.

Missing character: There is no t ("74) in font nullfont!
Missing character: There is no c ("63) in font nullfont!
Missing character: There is no b ("62) in font nullfont!
Missing character: There is no / ("2F) in font nullfont!
Missing character: There is no d ("64) in font nullfont!
Missing character: There is no r ("72) in font nullfont!
Missing character: There is no a ("61) in font nullfont!
Missing character: There is no w ("77) in font nullfont!
Missing character: There is no i ("69) in font nullfont!
Missing character: There is no n ("6E) in font nullfont!
Missing character: There is no g ("67) in font nullfont!
Missing character: There is no / ("2F) in font nullfont!
Missing character: There is no e ("65) in font nullfont!
Missing character: There is no n ("6E) in font nullfont!
Missing character: There is no d ("64) in font nullfont!
g:/My Drive/Study/HKU/POLI3148 Data Science in Politics and Public Administration/Final Project/Report/Template/report.tex:177: Undefined control sequence.
\environment tcb@drawing code ...UseTaggingSocket 
                                                  {tcb/drawing/begin}\Suspen...
l.177 ...el style defined by \inlinecode{\eqlabel}
                                                  .
The control sequence at the end of the top line
of your error message was never \def'ed. If you have
misspelled it (e.g., `\hobx'), type `I' and the correct
spelling (e.g., `I\hbox'). Otherwise just continue,
and I'll forget about whatever was undefined.

Missing character: There is no t ("74) in font nullfont!
Missing character: There is no c ("63) in font nullfont!
Missing character: There is no b ("62) in font nullfont!
Missing character: There is no / ("2F) in font nullfont!
Missing character: There is no d ("64) in font nullfont!
Missing character: There is no r ("72) in font nullfont!
Missing character: There is no a ("61) in font nullfont!
Missing character: There is no w ("77) in font nullfont!
Missing character: There is no i ("69) in font nullfont!
Missing character: There is no n ("6E) in font nullfont!
Missing character: There is no g ("67) in font nullfont!
Missing character: There is no / ("2F) in font nullfont!
Missing character: There is no b ("62) in font nullfont!
Missing character: There is no e ("65) in font nullfont!
Missing character: There is no g ("67) in font nullfont!
Missing character: There is no i ("69) in font nullfont!
Missing character: There is no n ("6E) in font nullfont!
g:/My Drive/Study/HKU/POLI3148 Data Science in Politics and Public Administration/Final Project/Report/Template/report.tex:177: Undefined control sequence.
\environment tcb@drawing code ...}\SuspendTagging 
                                                  {tcb/drawing}\tcb@tikz@beg...
l.177 ...el style defined by \inlinecode{\eqlabel}
                                                  .
The control sequence at the end of the top line
of your error message was never \def'ed. If you have
misspelled it (e.g., `\hobx'), type `I' and the correct
spelling (e.g., `I\hbox'). Otherwise just continue,
and I'll forget about whatever was undefined.

Missing character: There is no t ("74) in font nullfont!
Missing character: There is no c ("63) in font nullfont!
Missing character: There is no b ("62) in font nullfont!
Missing character: There is no / ("2F) in font nullfont!
Missing character: There is no d ("64) in font nullfont!
Missing character: There is no r ("72) in font nullfont!
Missing character: There is no a ("61) in font nullfont!
Missing character: There is no w ("77) in font nullfont!
Missing character: There is no i ("69) in font nullfont!
Missing character: There is no n ("6E) in font nullfont!
Missing character: There is no g ("67) in font nullfont!
g:/My Drive/Study/HKU/POLI3148 Data Science in Politics and Public Administration/Final Project/Report/Template/report.tex:177: Undefined control sequence.
\environment tcb@drawing end aux  ...esumeTagging 
                                                  {tcb/drawing}\UseTaggingSo...
l.177 ...el style defined by \inlinecode{\eqlabel}
                                                  .
The control sequence at the end of the top line
of your error message was never \def'ed. If you have
misspelled it (e.g., `\hobx'), type `I' and the correct
spelling (e.g., `I\hbox'). Otherwise just continue,
and I'll forget about whatever was undefined.

Missing character: There is no t ("74) in font nullfont!
Missing character: There is no c ("63) in font nullfont!
Missing character: There is no b ("62) in font nullfont!
Missing character: There is no / ("2F) in font nullfont!
Missing character: There is no d ("64) in font nullfont!
Missing character: There is no r ("72) in font nullfont!
Missing character: There is no a ("61) in font nullfont!
Missing character: There is no w ("77) in font nullfont!
Missing character: There is no i ("69) in font nullfont!
Missing character: There is no n ("6E) in font nullfont!
Missing character: There is no g ("67) in font nullfont!
g:/My Drive/Study/HKU/POLI3148 Data Science in Politics and Public Administration/Final Project/Report/Template/report.tex:177: Undefined control sequence.
\environment tcb@drawing end aux  ...aggingSocket 
                                                  {tcb/drawing/end}\end {tik...
l.177 ...el style defined by \inlinecode{\eqlabel}
                                                  .
The control sequence at the end of the top line
of your error message was never \def'ed. If you have
misspelled it (e.g., `\hobx'), type `I' and the correct
spelling (e.g., `I\hbox'). Otherwise just continue,
and I'll forget about whatever was undefined.

Missing character: There is no t ("74) in font nullfont!
Missing character: There is no c ("63) in font nullfont!
Missing character: There is no b ("62) in font nullfont!
Missing character: There is no / ("2F) in font nullfont!
Missing character: There is no d ("64) in font nullfont!
Missing character: There is no r ("72) in font nullfont!
Missing character: There is no a ("61) in font nullfont!
Missing character: There is no w ("77) in font nullfont!
Missing character: There is no i ("69) in font nullfont!
Missing character: There is no n ("6E) in font nullfont!
Missing character: There is no g ("67) in font nullfont!
Missing character: There is no / ("2F) in font nullfont!
Missing character: There is no e ("65) in font nullfont!
Missing character: There is no n ("6E) in font nullfont!
Missing character: There is no d ("64) in font nullfont!
LaTeX Font Info:    Font shape `TU/FiraSans(0)/m/n' will be
(Font)              scaled to size 8.0pt on input line 178.
LaTeX Font Info:    Font shape `TU/FiraSans(0)/b/n' will be
(Font)              scaled to size 8.0pt on input line 178.

LaTeX Warning: Reference `LastPage' on page 1 undefined on input line 178.

[1


]

LaTeX Warning: Hyper reference `fig:figure' on page 2 undefined on input line 184.


g:/My Drive/Study/HKU/POLI3148 Data Science in Politics and Public Administration/Final Project/Report/Template/report.tex:184: Package babel Error: You haven't defined the language 'spanish' yet.
(babel)                Perhaps you misspelled it or your installation
(babel)                is not complete.

See the babel package documentation for explanation.
Type  H <return>  for immediate help.
 ...                                              
                                                  
l.184     \figref{fig:figure}
                              shows a 3D surface visualization of a bivariat...
Your command will be ignored, type <return> to proceed


LaTeX Warning: Reference `fig:figure' on page 2 undefined on input line 184.

File: figures/Example.pdf Graphic file (type pdf)
<use figures/Example.pdf>

LaTeX Warning: Citation 'PFGPlots' on page 2 undefined on input line 189.


LaTeX Warning: Citation 'PFGPlots' on page 2 undefined on input line 189.


LaTeX Warning: Hyper reference `tab:table' on page 2 undefined on input line 195.


g:/My Drive/Study/HKU/POLI3148 Data Science in Politics and Public Administration/Final Project/Report/Template/report.tex:195: Package babel Error: You haven't defined the language 'spanish' yet.
(babel)                Perhaps you misspelled it or your installation
(babel)                is not complete.

See the babel package documentation for explanation.
Type  H <return>  for immediate help.
 ...                                              
                                                  
l.195         \tabref{tab:table}
                                 shows an example table of some astronomical...
Your command will be ignored, type <return> to proceed


LaTeX Warning: Reference `tab:table' on page 2 undefined on input line 195.

LaTeX Font Info:    Font shape `TU/FiraSans(0)/m/it' will be
(Font)              scaled to size 7.0pt on input line 215.
g:/My Drive/Study/HKU/POLI3148 Data Science in Politics and Public Administration/Final Project/Report/Template/report.tex:218: Undefined control sequence.
\environment tcb@drawing code ...UseTaggingSocket 
                                                  {tcb/drawing/begin}\Suspen...
l.218         The \inlinecode{\tabletext{}}
                                            command is used to add notes to ...
The control sequence at the end of the top line
of your error message was never \def'ed. If you have
misspelled it (e.g., `\hobx'), type `I' and the correct
spelling (e.g., `I\hbox'). Otherwise just continue,
and I'll forget about whatever was undefined.

Missing character: There is no t ("74) in font nullfont!
Missing character: There is no c ("63) in font nullfont!
Missing character: There is no b ("62) in font nullfont!
Missing character: There is no / ("2F) in font nullfont!
Missing character: There is no d ("64) in font nullfont!
Missing character: There is no r ("72) in font nullfont!
Missing character: There is no a ("61) in font nullfont!
Missing character: There is no w ("77) in font nullfont!
Missing character: There is no i ("69) in font nullfont!
Missing character: There is no n ("6E) in font nullfont!
Missing character: There is no g ("67) in font nullfont!
Missing character: There is no / ("2F) in font nullfont!
Missing character: There is no b ("62) in font nullfont!
Missing character: There is no e ("65) in font nullfont!
Missing character: There is no g ("67) in font nullfont!
Missing character: There is no i ("69) in font nullfont!
Missing character: There is no n ("6E) in font nullfont!
g:/My Drive/Study/HKU/POLI3148 Data Science in Politics and Public Administration/Final Project/Report/Template/report.tex:218: Undefined control sequence.
\environment tcb@drawing code ...}\SuspendTagging 
                                                  {tcb/drawing}\tcb@tikz@beg...
l.218         The \inlinecode{\tabletext{}}
                                            command is used to add notes to ...
The control sequence at the end of the top line
of your error message was never \def'ed. If you have
misspelled it (e.g., `\hobx'), type `I' and the correct
spelling (e.g., `I\hbox'). Otherwise just continue,
and I'll forget about whatever was undefined.

Missing character: There is no t ("74) in font nullfont!
Missing character: There is no c ("63) in font nullfont!
Missing character: There is no b ("62) in font nullfont!
Missing character: There is no / ("2F) in font nullfont!
Missing character: There is no d ("64) in font nullfont!
Missing character: There is no r ("72) in font nullfont!
Missing character: There is no a ("61) in font nullfont!
Missing character: There is no w ("77) in font nullfont!
Missing character: There is no i ("69) in font nullfont!
Missing character: There is no n ("6E) in font nullfont!
Missing character: There is no g ("67) in font nullfont!
g:/My Drive/Study/HKU/POLI3148 Data Science in Politics and Public Administration/Final Project/Report/Template/report.tex:218: Undefined control sequence.
\environment tcb@drawing end aux  ...esumeTagging 
                                                  {tcb/drawing}\UseTaggingSo...
l.218         The \inlinecode{\tabletext{}}
                                            command is used to add notes to ...
The control sequence at the end of the top line
of your error message was never \def'ed. If you have
misspelled it (e.g., `\hobx'), type `I' and the correct
spelling (e.g., `I\hbox'). Otherwise just continue,
and I'll forget about whatever was undefined.

Missing character: There is no t ("74) in font nullfont!
Missing character: There is no c ("63) in font nullfont!
Missing character: There is no b ("62) in font nullfont!
Missing character: There is no / ("2F) in font nullfont!
Missing character: There is no d ("64) in font nullfont!
Missing character: There is no r ("72) in font nullfont!
Missing character: There is no a ("61) in font nullfont!
Missing character: There is no w ("77) in font nullfont!
Missing character: There is no i ("69) in font nullfont!
Missing character: There is no n ("6E) in font nullfont!
Missing character: There is no g ("67) in font nullfont!
g:/My Drive/Study/HKU/POLI3148 Data Science in Politics and Public Administration/Final Project/Report/Template/report.tex:218: Undefined control sequence.
\environment tcb@drawing end aux  ...aggingSocket 
                                                  {tcb/drawing/end}\end {tik...
l.218         The \inlinecode{\tabletext{}}
                                            command is used to add notes to ...
The control sequence at the end of the top line
of your error message was never \def'ed. If you have
misspelled it (e.g., `\hobx'), type `I' and the correct
spelling (e.g., `I\hbox'). Otherwise just continue,
and I'll forget about whatever was undefined.

Missing character: There is no t ("74) in font nullfont!
Missing character: There is no c ("63) in font nullfont!
Missing character: There is no b ("62) in font nullfont!
Missing character: There is no / ("2F) in font nullfont!
Missing character: There is no d ("64) in font nullfont!
Missing character: There is no r ("72) in font nullfont!
Missing character: There is no a ("61) in font nullfont!
Missing character: There is no w ("77) in font nullfont!
Missing character: There is no i ("69) in font nullfont!
Missing character: There is no n ("6E) in font nullfont!
Missing character: There is no g ("67) in font nullfont!
Missing character: There is no / ("2F) in font nullfont!
Missing character: There is no e ("65) in font nullfont!
Missing character: There is no n ("6E) in font nullfont!
Missing character: There is no d ("64) in font nullfont!
g:/My Drive/Study/HKU/POLI3148 Data Science in Politics and Public Administration/Final Project/Report/Template/report.tex:224: Undefined control sequence.
\environment tcb@drawing code ...UseTaggingSocket 
                                                  {tcb/drawing/begin}\Suspen...
l.224 ... new block called \inlinecode{\docinfo{}}
                                                  , has been added to the bo...
The control sequence at the end of the top line
of your error message was never \def'ed. If you have
misspelled it (e.g., `\hobx'), type `I' and the correct
spelling (e.g., `I\hbox'). Otherwise just continue,
and I'll forget about whatever was undefined.

Missing character: There is no t ("74) in font nullfont!
Missing character: There is no c ("63) in font nullfont!
Missing character: There is no b ("62) in font nullfont!
Missing character: There is no / ("2F) in font nullfont!
Missing character: There is no d ("64) in font nullfont!
Missing character: There is no r ("72) in font nullfont!
Missing character: There is no a ("61) in font nullfont!
Missing character: There is no w ("77) in font nullfont!
Missing character: There is no i ("69) in font nullfont!
Missing character: There is no n ("6E) in font nullfont!
Missing character: There is no g ("67) in font nullfont!
Missing character: There is no / ("2F) in font nullfont!
Missing character: There is no b ("62) in font nullfont!
Missing character: There is no e ("65) in font nullfont!
Missing character: There is no g ("67) in font nullfont!
Missing character: There is no i ("69) in font nullfont!
Missing character: There is no n ("6E) in font nullfont!
g:/My Drive/Study/HKU/POLI3148 Data Science in Politics and Public Administration/Final Project/Report/Template/report.tex:224: Undefined control sequence.
\environment tcb@drawing code ...}\SuspendTagging 
                                                  {tcb/drawing}\tcb@tikz@beg...
l.224 ... new block called \inlinecode{\docinfo{}}
                                                  , has been added to the bo...
The control sequence at the end of the top line
of your error message was never \def'ed. If you have
misspelled it (e.g., `\hobx'), type `I' and the correct
spelling (e.g., `I\hbox'). Otherwise just continue,
and I'll forget about whatever was undefined.

Missing character: There is no t ("74) in font nullfont!
Missing character: There is no c ("63) in font nullfont!
Missing character: There is no b ("62) in font nullfont!
Missing character: There is no / ("2F) in font nullfont!
Missing character: There is no d ("64) in font nullfont!
Missing character: There is no r ("72) in font nullfont!
Missing character: There is no a ("61) in font nullfont!
Missing character: There is no w ("77) in font nullfont!
Missing character: There is no i ("69) in font nullfont!
Missing character: There is no n ("6E) in font nullfont!
Missing character: There is no g ("67) in font nullfont!
g:/My Drive/Study/HKU/POLI3148 Data Science in Politics and Public Administration/Final Project/Report/Template/report.tex:224: Undefined control sequence.
\environment tcb@drawing end aux  ...esumeTagging 
                                                  {tcb/drawing}\UseTaggingSo...
l.224 ... new block called \inlinecode{\docinfo{}}
                                                  , has been added to the bo...
The control sequence at the end of the top line
of your error message was never \def'ed. If you have
misspelled it (e.g., `\hobx'), type `I' and the correct
spelling (e.g., `I\hbox'). Otherwise just continue,
and I'll forget about whatever was undefined.

Missing character: There is no t ("74) in font nullfont!
Missing character: There is no c ("63) in font nullfont!
Missing character: There is no b ("62) in font nullfont!
Missing character: There is no / ("2F) in font nullfont!
Missing character: There is no d ("64) in font nullfont!
Missing character: There is no r ("72) in font nullfont!
Missing character: There is no a ("61) in font nullfont!
Missing character: There is no w ("77) in font nullfont!
Missing character: There is no i ("69) in font nullfont!
Missing character: There is no n ("6E) in font nullfont!
Missing character: There is no g ("67) in font nullfont!
g:/My Drive/Study/HKU/POLI3148 Data Science in Politics and Public Administration/Final Project/Report/Template/report.tex:224: Undefined control sequence.
\environment tcb@drawing end aux  ...aggingSocket 
                                                  {tcb/drawing/end}\end {tik...
l.224 ... new block called \inlinecode{\docinfo{}}
                                                  , has been added to the bo...
The control sequence at the end of the top line
of your error message was never \def'ed. If you have
misspelled it (e.g., `\hobx'), type `I' and the correct
spelling (e.g., `I\hbox'). Otherwise just continue,
and I'll forget about whatever was undefined.

Missing character: There is no t ("74) in font nullfont!
Missing character: There is no c ("63) in font nullfont!
Missing character: There is no b ("62) in font nullfont!
Missing character: There is no / ("2F) in font nullfont!
Missing character: There is no d ("64) in font nullfont!
Missing character: There is no r ("72) in font nullfont!
Missing character: There is no a ("61) in font nullfont!
Missing character: There is no w ("77) in font nullfont!
Missing character: There is no i ("69) in font nullfont!
Missing character: There is no n ("6E) in font nullfont!
Missing character: There is no g ("67) in font nullfont!
Missing character: There is no / ("2F) in font nullfont!
Missing character: There is no e ("65) in font nullfont!
Missing character: There is no n ("6E) in font nullfont!
Missing character: There is no d ("64) in font nullfont!
g:/My Drive/Study/HKU/POLI3148 Data Science in Politics and Public Administration/Final Project/Report/Template/report.tex:226: Undefined control sequence.
\environment tcb@drawing code ...UseTaggingSocket 
                                                  {tcb/drawing/begin}\Suspen...
l.226         The \inlinecode{\docinfo{}}
                                          block was created to give you grea...
The control sequence at the end of the top line
of your error message was never \def'ed. If you have
misspelled it (e.g., `\hobx'), type `I' and the correct
spelling (e.g., `I\hbox'). Otherwise just continue,
and I'll forget about whatever was undefined.

Missing character: There is no t ("74) in font nullfont!
Missing character: There is no c ("63) in font nullfont!
Missing character: There is no b ("62) in font nullfont!
Missing character: There is no / ("2F) in font nullfont!
Missing character: There is no d ("64) in font nullfont!
Missing character: There is no r ("72) in font nullfont!
Missing character: There is no a ("61) in font nullfont!
Missing character: There is no w ("77) in font nullfont!
Missing character: There is no i ("69) in font nullfont!
Missing character: There is no n ("6E) in font nullfont!
Missing character: There is no g ("67) in font nullfont!
Missing character: There is no / ("2F) in font nullfont!
Missing character: There is no b ("62) in font nullfont!
Missing character: There is no e ("65) in font nullfont!
Missing character: There is no g ("67) in font nullfont!
Missing character: There is no i ("69) in font nullfont!
Missing character: There is no n ("6E) in font nullfont!
g:/My Drive/Study/HKU/POLI3148 Data Science in Politics and Public Administration/Final Project/Report/Template/report.tex:226: Undefined control sequence.
\environment tcb@drawing code ...}\SuspendTagging 
                                                  {tcb/drawing}\tcb@tikz@beg...
l.226         The \inlinecode{\docinfo{}}
                                          block was created to give you grea...
The control sequence at the end of the top line
of your error message was never \def'ed. If you have
misspelled it (e.g., `\hobx'), type `I' and the correct
spelling (e.g., `I\hbox'). Otherwise just continue,
and I'll forget about whatever was undefined.

Missing character: There is no t ("74) in font nullfont!
Missing character: There is no c ("63) in font nullfont!
Missing character: There is no b ("62) in font nullfont!
Missing character: There is no / ("2F) in font nullfont!
Missing character: There is no d ("64) in font nullfont!
Missing character: There is no r ("72) in font nullfont!
Missing character: There is no a ("61) in font nullfont!
Missing character: There is no w ("77) in font nullfont!
Missing character: There is no i ("69) in font nullfont!
Missing character: There is no n ("6E) in font nullfont!
Missing character: There is no g ("67) in font nullfont!
g:/My Drive/Study/HKU/POLI3148 Data Science in Politics and Public Administration/Final Project/Report/Template/report.tex:226: Undefined control sequence.
\environment tcb@drawing end aux  ...esumeTagging 
                                                  {tcb/drawing}\UseTaggingSo...
l.226         The \inlinecode{\docinfo{}}
                                          block was created to give you grea...
The control sequence at the end of the top line
of your error message was never \def'ed. If you have
misspelled it (e.g., `\hobx'), type `I' and the correct
spelling (e.g., `I\hbox'). Otherwise just continue,
and I'll forget about whatever was undefined.

Missing character: There is no t ("74) in font nullfont!
Missing character: There is no c ("63) in font nullfont!
Missing character: There is no b ("62) in font nullfont!
Missing character: There is no / ("2F) in font nullfont!
Missing character: There is no d ("64) in font nullfont!
Missing character: There is no r ("72) in font nullfont!
Missing character: There is no a ("61) in font nullfont!
Missing character: There is no w ("77) in font nullfont!
Missing character: There is no i ("69) in font nullfont!
Missing character: There is no n ("6E) in font nullfont!
Missing character: There is no g ("67) in font nullfont!
g:/My Drive/Study/HKU/POLI3148 Data Science in Politics and Public Administration/Final Project/Report/Template/report.tex:226: Undefined control sequence.
\environment tcb@drawing end aux  ...aggingSocket 
                                                  {tcb/drawing/end}\end {tik...
l.226         The \inlinecode{\docinfo{}}
                                          block was created to give you grea...
The control sequence at the end of the top line
of your error message was never \def'ed. If you have
misspelled it (e.g., `\hobx'), type `I' and the correct
spelling (e.g., `I\hbox'). Otherwise just continue,
and I'll forget about whatever was undefined.

Missing character: There is no t ("74) in font nullfont!
Missing character: There is no c ("63) in font nullfont!
Missing character: There is no b ("62) in font nullfont!
Missing character: There is no / ("2F) in font nullfont!
Missing character: There is no d ("64) in font nullfont!
Missing character: There is no r ("72) in font nullfont!
Missing character: There is no a ("61) in font nullfont!
Missing character: There is no w ("77) in font nullfont!
Missing character: There is no i ("69) in font nullfont!
Missing character: There is no n ("6E) in font nullfont!
Missing character: There is no g ("67) in font nullfont!
Missing character: There is no / ("2F) in font nullfont!
Missing character: There is no e ("65) in font nullfont!
Missing character: There is no n ("6E) in font nullfont!
Missing character: There is no d ("64) in font nullfont!
g:/My Drive/Study/HKU/POLI3148 Data Science in Politics and Public Administration/Final Project/Report/Template/report.tex:228: Undefined control sequence.
\environment tcb@drawing code ...UseTaggingSocket 
                                                  {tcb/drawing/begin}\Suspen...
l.228 ...itionally, the new \inlinecode{\corres{}}
                                                   command serves as a flexi...
The control sequence at the end of the top line
of your error message was never \def'ed. If you have
misspelled it (e.g., `\hobx'), type `I' and the correct
spelling (e.g., `I\hbox'). Otherwise just continue,
and I'll forget about whatever was undefined.

Missing character: There is no t ("74) in font nullfont!
Missing character: There is no c ("63) in font nullfont!
Missing character: There is no b ("62) in font nullfont!
Missing character: There is no / ("2F) in font nullfont!
Missing character: There is no d ("64) in font nullfont!
Missing character: There is no r ("72) in font nullfont!
Missing character: There is no a ("61) in font nullfont!
Missing character: There is no w ("77) in font nullfont!
Missing character: There is no i ("69) in font nullfont!
Missing character: There is no n ("6E) in font nullfont!
Missing character: There is no g ("67) in font nullfont!
Missing character: There is no / ("2F) in font nullfont!
Missing character: There is no b ("62) in font nullfont!
Missing character: There is no e ("65) in font nullfont!
Missing character: There is no g ("67) in font nullfont!
Missing character: There is no i ("69) in font nullfont!
Missing character: There is no n ("6E) in font nullfont!
g:/My Drive/Study/HKU/POLI3148 Data Science in Politics and Public Administration/Final Project/Report/Template/report.tex:228: Undefined control sequence.
\environment tcb@drawing code ...}\SuspendTagging 
                                                  {tcb/drawing}\tcb@tikz@beg...
l.228 ...itionally, the new \inlinecode{\corres{}}
                                                   command serves as a flexi...
The control sequence at the end of the top line
of your error message was never \def'ed. If you have
misspelled it (e.g., `\hobx'), type `I' and the correct
spelling (e.g., `I\hbox'). Otherwise just continue,
and I'll forget about whatever was undefined.

Missing character: There is no t ("74) in font nullfont!
Missing character: There is no c ("63) in font nullfont!
Missing character: There is no b ("62) in font nullfont!
Missing character: There is no / ("2F) in font nullfont!
Missing character: There is no d ("64) in font nullfont!
Missing character: There is no r ("72) in font nullfont!
Missing character: There is no a ("61) in font nullfont!
Missing character: There is no w ("77) in font nullfont!
Missing character: There is no i ("69) in font nullfont!
Missing character: There is no n ("6E) in font nullfont!
Missing character: There is no g ("67) in font nullfont!
g:/My Drive/Study/HKU/POLI3148 Data Science in Politics and Public Administration/Final Project/Report/Template/report.tex:228: Undefined control sequence.
\environment tcb@drawing end aux  ...esumeTagging 
                                                  {tcb/drawing}\UseTaggingSo...
l.228 ...itionally, the new \inlinecode{\corres{}}
                                                   command serves as a flexi...
The control sequence at the end of the top line
of your error message was never \def'ed. If you have
misspelled it (e.g., `\hobx'), type `I' and the correct
spelling (e.g., `I\hbox'). Otherwise just continue,
and I'll forget about whatever was undefined.

Missing character: There is no t ("74) in font nullfont!
Missing character: There is no c ("63) in font nullfont!
Missing character: There is no b ("62) in font nullfont!
Missing character: There is no / ("2F) in font nullfont!
Missing character: There is no d ("64) in font nullfont!
Missing character: There is no r ("72) in font nullfont!
Missing character: There is no a ("61) in font nullfont!
Missing character: There is no w ("77) in font nullfont!
Missing character: There is no i ("69) in font nullfont!
Missing character: There is no n ("6E) in font nullfont!
Missing character: There is no g ("67) in font nullfont!
g:/My Drive/Study/HKU/POLI3148 Data Science in Politics and Public Administration/Final Project/Report/Template/report.tex:228: Undefined control sequence.
\environment tcb@drawing end aux  ...aggingSocket 
                                                  {tcb/drawing/end}\end {tik...
l.228 ...itionally, the new \inlinecode{\corres{}}
                                                   command serves as a flexi...
The control sequence at the end of the top line
of your error message was never \def'ed. If you have
misspelled it (e.g., `\hobx'), type `I' and the correct
spelling (e.g., `I\hbox'). Otherwise just continue,
and I'll forget about whatever was undefined.

Missing character: There is no t ("74) in font nullfont!
Missing character: There is no c ("63) in font nullfont!
Missing character: There is no b ("62) in font nullfont!
Missing character: There is no / ("2F) in font nullfont!
Missing character: There is no d ("64) in font nullfont!
Missing character: There is no r ("72) in font nullfont!
Missing character: There is no a ("61) in font nullfont!
Missing character: There is no w ("77) in font nullfont!
Missing character: There is no i ("69) in font nullfont!
Missing character: There is no n ("6E) in font nullfont!
Missing character: There is no g ("67) in font nullfont!
Missing character: There is no / ("2F) in font nullfont!
Missing character: There is no e ("65) in font nullfont!
Missing character: There is no n ("6E) in font nullfont!
Missing character: There is no d ("64) in font nullfont!
g:/My Drive/Study/HKU/POLI3148 Data Science in Politics and Public Administration/Final Project/Report/Template/report.tex:228: Undefined control sequence.
\environment tcb@drawing code ...UseTaggingSocket 
                                                  {tcb/drawing/begin}\Suspen...
l.228 ...ble alternative to \inlinecode{\thanks{}}
                                                  . Since modifying the stan...
The control sequence at the end of the top line
of your error message was never \def'ed. If you have
misspelled it (e.g., `\hobx'), type `I' and the correct
spelling (e.g., `I\hbox'). Otherwise just continue,
and I'll forget about whatever was undefined.

Missing character: There is no t ("74) in font nullfont!
Missing character: There is no c ("63) in font nullfont!
Missing character: There is no b ("62) in font nullfont!
Missing character: There is no / ("2F) in font nullfont!
Missing character: There is no d ("64) in font nullfont!
Missing character: There is no r ("72) in font nullfont!
Missing character: There is no a ("61) in font nullfont!
Missing character: There is no w ("77) in font nullfont!
Missing character: There is no i ("69) in font nullfont!
Missing character: There is no n ("6E) in font nullfont!
Missing character: There is no g ("67) in font nullfont!
Missing character: There is no / ("2F) in font nullfont!
Missing character: There is no b ("62) in font nullfont!
Missing character: There is no e ("65) in font nullfont!
Missing character: There is no g ("67) in font nullfont!
Missing character: There is no i ("69) in font nullfont!
Missing character: There is no n ("6E) in font nullfont!
g:/My Drive/Study/HKU/POLI3148 Data Science in Politics and Public Administration/Final Project/Report/Template/report.tex:228: Undefined control sequence.
\environment tcb@drawing code ...}\SuspendTagging 
                                                  {tcb/drawing}\tcb@tikz@beg...
l.228 ...ble alternative to \inlinecode{\thanks{}}
                                                  . Since modifying the stan...
The control sequence at the end of the top line
of your error message was never \def'ed. If you have
misspelled it (e.g., `\hobx'), type `I' and the correct
spelling (e.g., `I\hbox'). Otherwise just continue,
and I'll forget about whatever was undefined.

Missing character: There is no t ("74) in font nullfont!
Missing character: There is no c ("63) in font nullfont!
Missing character: There is no b ("62) in font nullfont!
Missing character: There is no / ("2F) in font nullfont!
Missing character: There is no d ("64) in font nullfont!
Missing character: There is no r ("72) in font nullfont!
Missing character: There is no a ("61) in font nullfont!
Missing character: There is no w ("77) in font nullfont!
Missing character: There is no i ("69) in font nullfont!
Missing character: There is no n ("6E) in font nullfont!
Missing character: There is no g ("67) in font nullfont!
g:/My Drive/Study/HKU/POLI3148 Data Science in Politics and Public Administration/Final Project/Report/Template/report.tex:228: Undefined control sequence.
\environment tcb@drawing end aux  ...esumeTagging 
                                                  {tcb/drawing}\UseTaggingSo...
l.228 ...ble alternative to \inlinecode{\thanks{}}
                                                  . Since modifying the stan...
The control sequence at the end of the top line
of your error message was never \def'ed. If you have
misspelled it (e.g., `\hobx'), type `I' and the correct
spelling (e.g., `I\hbox'). Otherwise just continue,
and I'll forget about whatever was undefined.

Missing character: There is no t ("74) in font nullfont!
Missing character: There is no c ("63) in font nullfont!
Missing character: There is no b ("62) in font nullfont!
Missing character: There is no / ("2F) in font nullfont!
Missing character: There is no d ("64) in font nullfont!
Missing character: There is no r ("72) in font nullfont!
Missing character: There is no a ("61) in font nullfont!
Missing character: There is no w ("77) in font nullfont!
Missing character: There is no i ("69) in font nullfont!
Missing character: There is no n ("6E) in font nullfont!
Missing character: There is no g ("67) in font nullfont!
g:/My Drive/Study/HKU/POLI3148 Data Science in Politics and Public Administration/Final Project/Report/Template/report.tex:228: Undefined control sequence.
\environment tcb@drawing end aux  ...aggingSocket 
                                                  {tcb/drawing/end}\end {tik...
l.228 ...ble alternative to \inlinecode{\thanks{}}
                                                  . Since modifying the stan...
The control sequence at the end of the top line
of your error message was never \def'ed. If you have
misspelled it (e.g., `\hobx'), type `I' and the correct
spelling (e.g., `I\hbox'). Otherwise just continue,
and I'll forget about whatever was undefined.

Missing character: There is no t ("74) in font nullfont!
Missing character: There is no c ("63) in font nullfont!
Missing character: There is no b ("62) in font nullfont!
Missing character: There is no / ("2F) in font nullfont!
Missing character: There is no d ("64) in font nullfont!
Missing character: There is no r ("72) in font nullfont!
Missing character: There is no a ("61) in font nullfont!
Missing character: There is no w ("77) in font nullfont!
Missing character: There is no i ("69) in font nullfont!
Missing character: There is no n ("6E) in font nullfont!
Missing character: There is no g ("67) in font nullfont!
Missing character: There is no / ("2F) in font nullfont!
Missing character: There is no e ("65) in font nullfont!
Missing character: There is no n ("6E) in font nullfont!
Missing character: There is no d ("64) in font nullfont!
g:/My Drive/Study/HKU/POLI3148 Data Science in Politics and Public Administration/Final Project/Report/Template/report.tex:228: Undefined control sequence.
\environment tcb@drawing code ...UseTaggingSocket 
                                                  {tcb/drawing/begin}\Suspen...
l.228 ...fying the standard \inlinecode{\thanks{}}
                                                   command can be complex an...
The control sequence at the end of the top line
of your error message was never \def'ed. If you have
misspelled it (e.g., `\hobx'), type `I' and the correct
spelling (e.g., `I\hbox'). Otherwise just continue,
and I'll forget about whatever was undefined.

Missing character: There is no t ("74) in font nullfont!
Missing character: There is no c ("63) in font nullfont!
Missing character: There is no b ("62) in font nullfont!
Missing character: There is no / ("2F) in font nullfont!
Missing character: There is no d ("64) in font nullfont!
Missing character: There is no r ("72) in font nullfont!
Missing character: There is no a ("61) in font nullfont!
Missing character: There is no w ("77) in font nullfont!
Missing character: There is no i ("69) in font nullfont!
Missing character: There is no n ("6E) in font nullfont!
Missing character: There is no g ("67) in font nullfont!
Missing character: There is no / ("2F) in font nullfont!
Missing character: There is no b ("62) in font nullfont!
Missing character: There is no e ("65) in font nullfont!
Missing character: There is no g ("67) in font nullfont!
Missing character: There is no i ("69) in font nullfont!
Missing character: There is no n ("6E) in font nullfont!
g:/My Drive/Study/HKU/POLI3148 Data Science in Politics and Public Administration/Final Project/Report/Template/report.tex:228: Undefined control sequence.
\environment tcb@drawing code ...}\SuspendTagging 
                                                  {tcb/drawing}\tcb@tikz@beg...
l.228 ...fying the standard \inlinecode{\thanks{}}
                                                   command can be complex an...
The control sequence at the end of the top line
of your error message was never \def'ed. If you have
misspelled it (e.g., `\hobx'), type `I' and the correct
spelling (e.g., `I\hbox'). Otherwise just continue,
and I'll forget about whatever was undefined.

Missing character: There is no t ("74) in font nullfont!
Missing character: There is no c ("63) in font nullfont!
Missing character: There is no b ("62) in font nullfont!
Missing character: There is no / ("2F) in font nullfont!
Missing character: There is no d ("64) in font nullfont!
Missing character: There is no r ("72) in font nullfont!
Missing character: There is no a ("61) in font nullfont!
Missing character: There is no w ("77) in font nullfont!
Missing character: There is no i ("69) in font nullfont!
Missing character: There is no n ("6E) in font nullfont!
Missing character: There is no g ("67) in font nullfont!
g:/My Drive/Study/HKU/POLI3148 Data Science in Politics and Public Administration/Final Project/Report/Template/report.tex:228: Undefined control sequence.
\environment tcb@drawing end aux  ...esumeTagging 
                                                  {tcb/drawing}\UseTaggingSo...
l.228 ...fying the standard \inlinecode{\thanks{}}
                                                   command can be complex an...
The control sequence at the end of the top line
of your error message was never \def'ed. If you have
misspelled it (e.g., `\hobx'), type `I' and the correct
spelling (e.g., `I\hbox'). Otherwise just continue,
and I'll forget about whatever was undefined.

Missing character: There is no t ("74) in font nullfont!
Missing character: There is no c ("63) in font nullfont!
Missing character: There is no b ("62) in font nullfont!
Missing character: There is no / ("2F) in font nullfont!
Missing character: There is no d ("64) in font nullfont!
Missing character: There is no r ("72) in font nullfont!
Missing character: There is no a ("61) in font nullfont!
Missing character: There is no w ("77) in font nullfont!
Missing character: There is no i ("69) in font nullfont!
Missing character: There is no n ("6E) in font nullfont!
Missing character: There is no g ("67) in font nullfont!
g:/My Drive/Study/HKU/POLI3148 Data Science in Politics and Public Administration/Final Project/Report/Template/report.tex:228: Undefined control sequence.
\environment tcb@drawing end aux  ...aggingSocket 
                                                  {tcb/drawing/end}\end {tik...
l.228 ...fying the standard \inlinecode{\thanks{}}
                                                   command can be complex an...
The control sequence at the end of the top line
of your error message was never \def'ed. If you have
misspelled it (e.g., `\hobx'), type `I' and the correct
spelling (e.g., `I\hbox'). Otherwise just continue,
and I'll forget about whatever was undefined.

Missing character: There is no t ("74) in font nullfont!
Missing character: There is no c ("63) in font nullfont!
Missing character: There is no b ("62) in font nullfont!
Missing character: There is no / ("2F) in font nullfont!
Missing character: There is no d ("64) in font nullfont!
Missing character: There is no r ("72) in font nullfont!
Missing character: There is no a ("61) in font nullfont!
Missing character: There is no w ("77) in font nullfont!
Missing character: There is no i ("69) in font nullfont!
Missing character: There is no n ("6E) in font nullfont!
Missing character: There is no g ("67) in font nullfont!
Missing character: There is no / ("2F) in font nullfont!
Missing character: There is no e ("65) in font nullfont!
Missing character: There is no n ("6E) in font nullfont!
Missing character: There is no d ("64) in font nullfont!
g:/My Drive/Study/HKU/POLI3148 Data Science in Politics and Public Administration/Final Project/Report/Template/report.tex:228: Undefined control sequence.
\environment tcb@drawing code ...UseTaggingSocket 
                                                  {tcb/drawing/begin}\Suspen...
l.228 ...ng is often rigid, \inlinecode{\corres{}}
                                                   was introduced to offer a...
The control sequence at the end of the top line
of your error message was never \def'ed. If you have
misspelled it (e.g., `\hobx'), type `I' and the correct
spelling (e.g., `I\hbox'). Otherwise just continue,
and I'll forget about whatever was undefined.

Missing character: There is no t ("74) in font nullfont!
Missing character: There is no c ("63) in font nullfont!
Missing character: There is no b ("62) in font nullfont!
Missing character: There is no / ("2F) in font nullfont!
Missing character: There is no d ("64) in font nullfont!
Missing character: There is no r ("72) in font nullfont!
Missing character: There is no a ("61) in font nullfont!
Missing character: There is no w ("77) in font nullfont!
Missing character: There is no i ("69) in font nullfont!
Missing character: There is no n ("6E) in font nullfont!
Missing character: There is no g ("67) in font nullfont!
Missing character: There is no / ("2F) in font nullfont!
Missing character: There is no b ("62) in font nullfont!
Missing character: There is no e ("65) in font nullfont!
Missing character: There is no g ("67) in font nullfont!
Missing character: There is no i ("69) in font nullfont!
Missing character: There is no n ("6E) in font nullfont!
g:/My Drive/Study/HKU/POLI3148 Data Science in Politics and Public Administration/Final Project/Report/Template/report.tex:228: Undefined control sequence.
\environment tcb@drawing code ...}\SuspendTagging 
                                                  {tcb/drawing}\tcb@tikz@beg...
l.228 ...ng is often rigid, \inlinecode{\corres{}}
                                                   was introduced to offer a...
The control sequence at the end of the top line
of your error message was never \def'ed. If you have
misspelled it (e.g., `\hobx'), type `I' and the correct
spelling (e.g., `I\hbox'). Otherwise just continue,
and I'll forget about whatever was undefined.

Missing character: There is no t ("74) in font nullfont!
Missing character: There is no c ("63) in font nullfont!
Missing character: There is no b ("62) in font nullfont!
Missing character: There is no / ("2F) in font nullfont!
Missing character: There is no d ("64) in font nullfont!
Missing character: There is no r ("72) in font nullfont!
Missing character: There is no a ("61) in font nullfont!
Missing character: There is no w ("77) in font nullfont!
Missing character: There is no i ("69) in font nullfont!
Missing character: There is no n ("6E) in font nullfont!
Missing character: There is no g ("67) in font nullfont!
g:/My Drive/Study/HKU/POLI3148 Data Science in Politics and Public Administration/Final Project/Report/Template/report.tex:228: Undefined control sequence.
\environment tcb@drawing end aux  ...esumeTagging 
                                                  {tcb/drawing}\UseTaggingSo...
l.228 ...ng is often rigid, \inlinecode{\corres{}}
                                                   was introduced to offer a...
The control sequence at the end of the top line
of your error message was never \def'ed. If you have
misspelled it (e.g., `\hobx'), type `I' and the correct
spelling (e.g., `I\hbox'). Otherwise just continue,
and I'll forget about whatever was undefined.

Missing character: There is no t ("74) in font nullfont!
Missing character: There is no c ("63) in font nullfont!
Missing character: There is no b ("62) in font nullfont!
Missing character: There is no / ("2F) in font nullfont!
Missing character: There is no d ("64) in font nullfont!
Missing character: There is no r ("72) in font nullfont!
Missing character: There is no a ("61) in font nullfont!
Missing character: There is no w ("77) in font nullfont!
Missing character: There is no i ("69) in font nullfont!
Missing character: There is no n ("6E) in font nullfont!
Missing character: There is no g ("67) in font nullfont!
g:/My Drive/Study/HKU/POLI3148 Data Science in Politics and Public Administration/Final Project/Report/Template/report.tex:228: Undefined control sequence.
\environment tcb@drawing end aux  ...aggingSocket 
                                                  {tcb/drawing/end}\end {tik...
l.228 ...ng is often rigid, \inlinecode{\corres{}}
                                                   was introduced to offer a...
The control sequence at the end of the top line
of your error message was never \def'ed. If you have
misspelled it (e.g., `\hobx'), type `I' and the correct
spelling (e.g., `I\hbox'). Otherwise just continue,
and I'll forget about whatever was undefined.

Missing character: There is no t ("74) in font nullfont!
Missing character: There is no c ("63) in font nullfont!
Missing character: There is no b ("62) in font nullfont!
Missing character: There is no / ("2F) in font nullfont!
Missing character: There is no d ("64) in font nullfont!
Missing character: There is no r ("72) in font nullfont!
Missing character: There is no a ("61) in font nullfont!
Missing character: There is no w ("77) in font nullfont!
Missing character: There is no i ("69) in font nullfont!
Missing character: There is no n ("6E) in font nullfont!
Missing character: There is no g ("67) in font nullfont!
Missing character: There is no / ("2F) in font nullfont!
Missing character: There is no e ("65) in font nullfont!
Missing character: There is no n ("6E) in font nullfont!
Missing character: There is no d ("64) in font nullfont!
Package mdframed Info: mdframed works in twoside mode on input line 231.

g:/My Drive/Study/HKU/POLI3148 Data Science in Politics and Public Administration/Final Project/Report/Template/report.tex:232: Package babel Error: You haven't defined the language 'spanish' yet.
(babel)                Perhaps you misspelled it or your installation
(babel)                is not complete.

See the babel package documentation for explanation.
Type  H <return>  for immediate help.
 ...                                              
                                                  
l.232         \end{note}
                        
Your command will be ignored, type <return> to proceed


LaTeX Warning: Reference `mdf@pagelabel-1' on page 2 undefined on input line 232.

g:/My Drive/Study/HKU/POLI3148 Data Science in Politics and Public Administration/Final Project/Report/Template/report.tex:234: Undefined control sequence.
\environment tcb@drawing code ...UseTaggingSocket 
                                                  {tcb/drawing/begin}\Suspen...
l.234         If \inlinecode{\corres{}}
                                        is not used, \inlinecode{\docinfo{}}...
The control sequence at the end of the top line
of your error message was never \def'ed. If you have
misspelled it (e.g., `\hobx'), type `I' and the correct
spelling (e.g., `I\hbox'). Otherwise just continue,
and I'll forget about whatever was undefined.

Missing character: There is no t ("74) in font nullfont!
Missing character: There is no c ("63) in font nullfont!
Missing character: There is no b ("62) in font nullfont!
Missing character: There is no / ("2F) in font nullfont!
Missing character: There is no d ("64) in font nullfont!
Missing character: There is no r ("72) in font nullfont!
Missing character: There is no a ("61) in font nullfont!
Missing character: There is no w ("77) in font nullfont!
Missing character: There is no i ("69) in font nullfont!
Missing character: There is no n ("6E) in font nullfont!
Missing character: There is no g ("67) in font nullfont!
Missing character: There is no / ("2F) in font nullfont!
Missing character: There is no b ("62) in font nullfont!
Missing character: There is no e ("65) in font nullfont!
Missing character: There is no g ("67) in font nullfont!
Missing character: There is no i ("69) in font nullfont!
Missing character: There is no n ("6E) in font nullfont!
g:/My Drive/Study/HKU/POLI3148 Data Science in Politics and Public Administration/Final Project/Report/Template/report.tex:234: Undefined control sequence.
\environment tcb@drawing code ...}\SuspendTagging 
                                                  {tcb/drawing}\tcb@tikz@beg...
l.234         If \inlinecode{\corres{}}
                                        is not used, \inlinecode{\docinfo{}}...
The control sequence at the end of the top line
of your error message was never \def'ed. If you have
misspelled it (e.g., `\hobx'), type `I' and the correct
spelling (e.g., `I\hbox'). Otherwise just continue,
and I'll forget about whatever was undefined.

Missing character: There is no t ("74) in font nullfont!
Missing character: There is no c ("63) in font nullfont!
Missing character: There is no b ("62) in font nullfont!
Missing character: There is no / ("2F) in font nullfont!
Missing character: There is no d ("64) in font nullfont!
Missing character: There is no r ("72) in font nullfont!
Missing character: There is no a ("61) in font nullfont!
Missing character: There is no w ("77) in font nullfont!
Missing character: There is no i ("69) in font nullfont!
Missing character: There is no n ("6E) in font nullfont!
Missing character: There is no g ("67) in font nullfont!
g:/My Drive/Study/HKU/POLI3148 Data Science in Politics and Public Administration/Final Project/Report/Template/report.tex:234: Undefined control sequence.
\environment tcb@drawing end aux  ...esumeTagging 
                                                  {tcb/drawing}\UseTaggingSo...
l.234         If \inlinecode{\corres{}}
                                        is not used, \inlinecode{\docinfo{}}...
The control sequence at the end of the top line
of your error message was never \def'ed. If you have
misspelled it (e.g., `\hobx'), type `I' and the correct
spelling (e.g., `I\hbox'). Otherwise just continue,
and I'll forget about whatever was undefined.

Missing character: There is no t ("74) in font nullfont!
Missing character: There is no c ("63) in font nullfont!
Missing character: There is no b ("62) in font nullfont!
Missing character: There is no / ("2F) in font nullfont!
Missing character: There is no d ("64) in font nullfont!
Missing character: There is no r ("72) in font nullfont!
Missing character: There is no a ("61) in font nullfont!
Missing character: There is no w ("77) in font nullfont!
Missing character: There is no i ("69) in font nullfont!
Missing character: There is no n ("6E) in font nullfont!
Missing character: There is no g ("67) in font nullfont!
g:/My Drive/Study/HKU/POLI3148 Data Science in Politics and Public Administration/Final Project/Report/Template/report.tex:234: Undefined control sequence.
\environment tcb@drawing end aux  ...aggingSocket 
                                                  {tcb/drawing/end}\end {tik...
l.234         If \inlinecode{\corres{}}
                                        is not used, \inlinecode{\docinfo{}}...
The control sequence at the end of the top line
of your error message was never \def'ed. If you have
misspelled it (e.g., `\hobx'), type `I' and the correct
spelling (e.g., `I\hbox'). Otherwise just continue,
and I'll forget about whatever was undefined.

Missing character: There is no t ("74) in font nullfont!
Missing character: There is no c ("63) in font nullfont!
Missing character: There is no b ("62) in font nullfont!
Missing character: There is no / ("2F) in font nullfont!
Missing character: There is no d ("64) in font nullfont!
Missing character: There is no r ("72) in font nullfont!
Missing character: There is no a ("61) in font nullfont!
Missing character: There is no w ("77) in font nullfont!
Missing character: There is no i ("69) in font nullfont!
Missing character: There is no n ("6E) in font nullfont!
Missing character: There is no g ("67) in font nullfont!
Missing character: There is no / ("2F) in font nullfont!
Missing character: There is no e ("65) in font nullfont!
Missing character: There is no n ("6E) in font nullfont!
Missing character: There is no d ("64) in font nullfont!
g:/My Drive/Study/HKU/POLI3148 Data Science in Politics and Public Administration/Final Project/Report/Template/report.tex:234: Undefined control sequence.
\environment tcb@drawing code ...UseTaggingSocket 
                                                  {tcb/drawing/begin}\Suspen...
l.234 ...s{}} is not used, \inlinecode{\docinfo{}}
                                                   will automatically adjust...
The control sequence at the end of the top line
of your error message was never \def'ed. If you have
misspelled it (e.g., `\hobx'), type `I' and the correct
spelling (e.g., `I\hbox'). Otherwise just continue,
and I'll forget about whatever was undefined.

Missing character: There is no t ("74) in font nullfont!
Missing character: There is no c ("63) in font nullfont!
Missing character: There is no b ("62) in font nullfont!
Missing character: There is no / ("2F) in font nullfont!
Missing character: There is no d ("64) in font nullfont!
Missing character: There is no r ("72) in font nullfont!
Missing character: There is no a ("61) in font nullfont!
Missing character: There is no w ("77) in font nullfont!
Missing character: There is no i ("69) in font nullfont!
Missing character: There is no n ("6E) in font nullfont!
Missing character: There is no g ("67) in font nullfont!
Missing character: There is no / ("2F) in font nullfont!
Missing character: There is no b ("62) in font nullfont!
Missing character: There is no e ("65) in font nullfont!
Missing character: There is no g ("67) in font nullfont!
Missing character: There is no i ("69) in font nullfont!
Missing character: There is no n ("6E) in font nullfont!
g:/My Drive/Study/HKU/POLI3148 Data Science in Politics and Public Administration/Final Project/Report/Template/report.tex:234: Undefined control sequence.
\environment tcb@drawing code ...}\SuspendTagging 
                                                  {tcb/drawing}\tcb@tikz@beg...
l.234 ...s{}} is not used, \inlinecode{\docinfo{}}
                                                   will automatically adjust...
The control sequence at the end of the top line
of your error message was never \def'ed. If you have
misspelled it (e.g., `\hobx'), type `I' and the correct
spelling (e.g., `I\hbox'). Otherwise just continue,
and I'll forget about whatever was undefined.

Missing character: There is no t ("74) in font nullfont!
Missing character: There is no c ("63) in font nullfont!
Missing character: There is no b ("62) in font nullfont!
Missing character: There is no / ("2F) in font nullfont!
Missing character: There is no d ("64) in font nullfont!
Missing character: There is no r ("72) in font nullfont!
Missing character: There is no a ("61) in font nullfont!
Missing character: There is no w ("77) in font nullfont!
Missing character: There is no i ("69) in font nullfont!
Missing character: There is no n ("6E) in font nullfont!
Missing character: There is no g ("67) in font nullfont!
g:/My Drive/Study/HKU/POLI3148 Data Science in Politics and Public Administration/Final Project/Report/Template/report.tex:234: Undefined control sequence.
\environment tcb@drawing end aux  ...esumeTagging 
                                                  {tcb/drawing}\UseTaggingSo...
l.234 ...s{}} is not used, \inlinecode{\docinfo{}}
                                                   will automatically adjust...
The control sequence at the end of the top line
of your error message was never \def'ed. If you have
misspelled it (e.g., `\hobx'), type `I' and the correct
spelling (e.g., `I\hbox'). Otherwise just continue,
and I'll forget about whatever was undefined.

Missing character: There is no t ("74) in font nullfont!
Missing character: There is no c ("63) in font nullfont!
Missing character: There is no b ("62) in font nullfont!
Missing character: There is no / ("2F) in font nullfont!
Missing character: There is no d ("64) in font nullfont!
Missing character: There is no r ("72) in font nullfont!
Missing character: There is no a ("61) in font nullfont!
Missing character: There is no w ("77) in font nullfont!
Missing character: There is no i ("69) in font nullfont!
Missing character: There is no n ("6E) in font nullfont!
Missing character: There is no g ("67) in font nullfont!
g:/My Drive/Study/HKU/POLI3148 Data Science in Politics and Public Administration/Final Project/Report/Template/report.tex:234: Undefined control sequence.
\environment tcb@drawing end aux  ...aggingSocket 
                                                  {tcb/drawing/end}\end {tik...
l.234 ...s{}} is not used, \inlinecode{\docinfo{}}
                                                   will automatically adjust...
The control sequence at the end of the top line
of your error message was never \def'ed. If you have
misspelled it (e.g., `\hobx'), type `I' and the correct
spelling (e.g., `I\hbox'). Otherwise just continue,
and I'll forget about whatever was undefined.

Missing character: There is no t ("74) in font nullfont!
Missing character: There is no c ("63) in font nullfont!
Missing character: There is no b ("62) in font nullfont!
Missing character: There is no / ("2F) in font nullfont!
Missing character: There is no d ("64) in font nullfont!
Missing character: There is no r ("72) in font nullfont!
Missing character: There is no a ("61) in font nullfont!
Missing character: There is no w ("77) in font nullfont!
Missing character: There is no i ("69) in font nullfont!
Missing character: There is no n ("6E) in font nullfont!
Missing character: There is no g ("67) in font nullfont!
Missing character: There is no / ("2F) in font nullfont!
Missing character: There is no e ("65) in font nullfont!
Missing character: There is no n ("6E) in font nullfont!
Missing character: There is no d ("64) in font nullfont!
LaTeX Font Info:    Font shape `TU/FiraSans(0)/b/it' will be
(Font)              scaled to size 8.0pt on input line 238.
g:/My Drive/Study/HKU/POLI3148 Data Science in Politics and Public Administration/Final Project/Report/Template/report.tex:247: Undefined control sequence.
\environment tcb@drawing code ...UseTaggingSocket 
                                                  {tcb/drawing/begin}\Suspen...
l.247 ...        \item \inlinecode{\journalname{}}
                                                   — Displays the journal na...
The control sequence at the end of the top line
of your error message was never \def'ed. If you have
misspelled it (e.g., `\hobx'), type `I' and the correct
spelling (e.g., `I\hbox'). Otherwise just continue,
and I'll forget about whatever was undefined.

Missing character: There is no t ("74) in font nullfont!
Missing character: There is no c ("63) in font nullfont!
Missing character: There is no b ("62) in font nullfont!
Missing character: There is no / ("2F) in font nullfont!
Missing character: There is no d ("64) in font nullfont!
Missing character: There is no r ("72) in font nullfont!
Missing character: There is no a ("61) in font nullfont!
Missing character: There is no w ("77) in font nullfont!
Missing character: There is no i ("69) in font nullfont!
Missing character: There is no n ("6E) in font nullfont!
Missing character: There is no g ("67) in font nullfont!
Missing character: There is no / ("2F) in font nullfont!
Missing character: There is no b ("62) in font nullfont!
Missing character: There is no e ("65) in font nullfont!
Missing character: There is no g ("67) in font nullfont!
Missing character: There is no i ("69) in font nullfont!
Missing character: There is no n ("6E) in font nullfont!
g:/My Drive/Study/HKU/POLI3148 Data Science in Politics and Public Administration/Final Project/Report/Template/report.tex:247: Undefined control sequence.
\environment tcb@drawing code ...}\SuspendTagging 
                                                  {tcb/drawing}\tcb@tikz@beg...
l.247 ...        \item \inlinecode{\journalname{}}
                                                   — Displays the journal na...
The control sequence at the end of the top line
of your error message was never \def'ed. If you have
misspelled it (e.g., `\hobx'), type `I' and the correct
spelling (e.g., `I\hbox'). Otherwise just continue,
and I'll forget about whatever was undefined.

Missing character: There is no t ("74) in font nullfont!
Missing character: There is no c ("63) in font nullfont!
Missing character: There is no b ("62) in font nullfont!
Missing character: There is no / ("2F) in font nullfont!
Missing character: There is no d ("64) in font nullfont!
Missing character: There is no r ("72) in font nullfont!
Missing character: There is no a ("61) in font nullfont!
Missing character: There is no w ("77) in font nullfont!
Missing character: There is no i ("69) in font nullfont!
Missing character: There is no n ("6E) in font nullfont!
Missing character: There is no g ("67) in font nullfont!
g:/My Drive/Study/HKU/POLI3148 Data Science in Politics and Public Administration/Final Project/Report/Template/report.tex:247: Undefined control sequence.
\environment tcb@drawing end aux  ...esumeTagging 
                                                  {tcb/drawing}\UseTaggingSo...
l.247 ...        \item \inlinecode{\journalname{}}
                                                   — Displays the journal na...
The control sequence at the end of the top line
of your error message was never \def'ed. If you have
misspelled it (e.g., `\hobx'), type `I' and the correct
spelling (e.g., `I\hbox'). Otherwise just continue,
and I'll forget about whatever was undefined.

Missing character: There is no t ("74) in font nullfont!
Missing character: There is no c ("63) in font nullfont!
Missing character: There is no b ("62) in font nullfont!
Missing character: There is no / ("2F) in font nullfont!
Missing character: There is no d ("64) in font nullfont!
Missing character: There is no r ("72) in font nullfont!
Missing character: There is no a ("61) in font nullfont!
Missing character: There is no w ("77) in font nullfont!
Missing character: There is no i ("69) in font nullfont!
Missing character: There is no n ("6E) in font nullfont!
Missing character: There is no g ("67) in font nullfont!
g:/My Drive/Study/HKU/POLI3148 Data Science in Politics and Public Administration/Final Project/Report/Template/report.tex:247: Undefined control sequence.
\environment tcb@drawing end aux  ...aggingSocket 
                                                  {tcb/drawing/end}\end {tik...
l.247 ...        \item \inlinecode{\journalname{}}
                                                   — Displays the journal na...
The control sequence at the end of the top line
of your error message was never \def'ed. If you have
misspelled it (e.g., `\hobx'), type `I' and the correct
spelling (e.g., `I\hbox'). Otherwise just continue,
and I'll forget about whatever was undefined.

Missing character: There is no t ("74) in font nullfont!
Missing character: There is no c ("63) in font nullfont!
Missing character: There is no b ("62) in font nullfont!
Missing character: There is no / ("2F) in font nullfont!
Missing character: There is no d ("64) in font nullfont!
Missing character: There is no r ("72) in font nullfont!
Missing character: There is no a ("61) in font nullfont!
Missing character: There is no w ("77) in font nullfont!
Missing character: There is no i ("69) in font nullfont!
Missing character: There is no n ("6E) in font nullfont!
Missing character: There is no g ("67) in font nullfont!
Missing character: There is no / ("2F) in font nullfont!
Missing character: There is no e ("65) in font nullfont!
Missing character: There is no n ("6E) in font nullfont!
Missing character: There is no d ("64) in font nullfont!
g:/My Drive/Study/HKU/POLI3148 Data Science in Politics and Public Administration/Final Project/Report/Template/report.tex:248: Undefined control sequence.
\environment tcb@drawing code ...UseTaggingSocket 
                                                  {tcb/drawing/begin}\Suspen...
l.248                 \item \inlinecode{\theday{}}
                                                   — Displays the current date.
The control sequence at the end of the top line
of your error message was never \def'ed. If you have
misspelled it (e.g., `\hobx'), type `I' and the correct
spelling (e.g., `I\hbox'). Otherwise just continue,
and I'll forget about whatever was undefined.

Missing character: There is no t ("74) in font nullfont!
Missing character: There is no c ("63) in font nullfont!
Missing character: There is no b ("62) in font nullfont!
Missing character: There is no / ("2F) in font nullfont!
Missing character: There is no d ("64) in font nullfont!
Missing character: There is no r ("72) in font nullfont!
Missing character: There is no a ("61) in font nullfont!
Missing character: There is no w ("77) in font nullfont!
Missing character: There is no i ("69) in font nullfont!
Missing character: There is no n ("6E) in font nullfont!
Missing character: There is no g ("67) in font nullfont!
Missing character: There is no / ("2F) in font nullfont!
Missing character: There is no b ("62) in font nullfont!
Missing character: There is no e ("65) in font nullfont!
Missing character: There is no g ("67) in font nullfont!
Missing character: There is no i ("69) in font nullfont!
Missing character: There is no n ("6E) in font nullfont!
g:/My Drive/Study/HKU/POLI3148 Data Science in Politics and Public Administration/Final Project/Report/Template/report.tex:248: Undefined control sequence.
\environment tcb@drawing code ...}\SuspendTagging 
                                                  {tcb/drawing}\tcb@tikz@beg...
l.248                 \item \inlinecode{\theday{}}
                                                   — Displays the current date.
The control sequence at the end of the top line
of your error message was never \def'ed. If you have
misspelled it (e.g., `\hobx'), type `I' and the correct
spelling (e.g., `I\hbox'). Otherwise just continue,
and I'll forget about whatever was undefined.

Missing character: There is no t ("74) in font nullfont!
Missing character: There is no c ("63) in font nullfont!
Missing character: There is no b ("62) in font nullfont!
Missing character: There is no / ("2F) in font nullfont!
Missing character: There is no d ("64) in font nullfont!
Missing character: There is no r ("72) in font nullfont!
Missing character: There is no a ("61) in font nullfont!
Missing character: There is no w ("77) in font nullfont!
Missing character: There is no i ("69) in font nullfont!
Missing character: There is no n ("6E) in font nullfont!
Missing character: There is no g ("67) in font nullfont!
g:/My Drive/Study/HKU/POLI3148 Data Science in Politics and Public Administration/Final Project/Report/Template/report.tex:248: Undefined control sequence.
\environment tcb@drawing end aux  ...esumeTagging 
                                                  {tcb/drawing}\UseTaggingSo...
l.248                 \item \inlinecode{\theday{}}
                                                   — Displays the current date.
The control sequence at the end of the top line
of your error message was never \def'ed. If you have
misspelled it (e.g., `\hobx'), type `I' and the correct
spelling (e.g., `I\hbox'). Otherwise just continue,
and I'll forget about whatever was undefined.

Missing character: There is no t ("74) in font nullfont!
Missing character: There is no c ("63) in font nullfont!
Missing character: There is no b ("62) in font nullfont!
Missing character: There is no / ("2F) in font nullfont!
Missing character: There is no d ("64) in font nullfont!
Missing character: There is no r ("72) in font nullfont!
Missing character: There is no a ("61) in font nullfont!
Missing character: There is no w ("77) in font nullfont!
Missing character: There is no i ("69) in font nullfont!
Missing character: There is no n ("6E) in font nullfont!
Missing character: There is no g ("67) in font nullfont!
g:/My Drive/Study/HKU/POLI3148 Data Science in Politics and Public Administration/Final Project/Report/Template/report.tex:248: Undefined control sequence.
\environment tcb@drawing end aux  ...aggingSocket 
                                                  {tcb/drawing/end}\end {tik...
l.248                 \item \inlinecode{\theday{}}
                                                   — Displays the current date.
The control sequence at the end of the top line
of your error message was never \def'ed. If you have
misspelled it (e.g., `\hobx'), type `I' and the correct
spelling (e.g., `I\hbox'). Otherwise just continue,
and I'll forget about whatever was undefined.

Missing character: There is no t ("74) in font nullfont!
Missing character: There is no c ("63) in font nullfont!
Missing character: There is no b ("62) in font nullfont!
Missing character: There is no / ("2F) in font nullfont!
Missing character: There is no d ("64) in font nullfont!
Missing character: There is no r ("72) in font nullfont!
Missing character: There is no a ("61) in font nullfont!
Missing character: There is no w ("77) in font nullfont!
Missing character: There is no i ("69) in font nullfont!
Missing character: There is no n ("6E) in font nullfont!
Missing character: There is no g ("67) in font nullfont!
Missing character: There is no / ("2F) in font nullfont!
Missing character: There is no e ("65) in font nullfont!
Missing character: There is no n ("6E) in font nullfont!
Missing character: There is no d ("64) in font nullfont!
g:/My Drive/Study/HKU/POLI3148 Data Science in Politics and Public Administration/Final Project/Report/Template/report.tex:249: Undefined control sequence.
\environment tcb@drawing code ...UseTaggingSocket 
                                                  {tcb/drawing/begin}\Suspen...
l.249                 \item \inlinecode{\vol{}}
                                                — Specifies the volume numbe...
The control sequence at the end of the top line
of your error message was never \def'ed. If you have
misspelled it (e.g., `\hobx'), type `I' and the correct
spelling (e.g., `I\hbox'). Otherwise just continue,
and I'll forget about whatever was undefined.

Missing character: There is no t ("74) in font nullfont!
Missing character: There is no c ("63) in font nullfont!
Missing character: There is no b ("62) in font nullfont!
Missing character: There is no / ("2F) in font nullfont!
Missing character: There is no d ("64) in font nullfont!
Missing character: There is no r ("72) in font nullfont!
Missing character: There is no a ("61) in font nullfont!
Missing character: There is no w ("77) in font nullfont!
Missing character: There is no i ("69) in font nullfont!
Missing character: There is no n ("6E) in font nullfont!
Missing character: There is no g ("67) in font nullfont!
Missing character: There is no / ("2F) in font nullfont!
Missing character: There is no b ("62) in font nullfont!
Missing character: There is no e ("65) in font nullfont!
Missing character: There is no g ("67) in font nullfont!
Missing character: There is no i ("69) in font nullfont!
Missing character: There is no n ("6E) in font nullfont!
g:/My Drive/Study/HKU/POLI3148 Data Science in Politics and Public Administration/Final Project/Report/Template/report.tex:249: Undefined control sequence.
\environment tcb@drawing code ...}\SuspendTagging 
                                                  {tcb/drawing}\tcb@tikz@beg...
l.249                 \item \inlinecode{\vol{}}
                                                — Specifies the volume numbe...
The control sequence at the end of the top line
of your error message was never \def'ed. If you have
misspelled it (e.g., `\hobx'), type `I' and the correct
spelling (e.g., `I\hbox'). Otherwise just continue,
and I'll forget about whatever was undefined.

Missing character: There is no t ("74) in font nullfont!
Missing character: There is no c ("63) in font nullfont!
Missing character: There is no b ("62) in font nullfont!
Missing character: There is no / ("2F) in font nullfont!
Missing character: There is no d ("64) in font nullfont!
Missing character: There is no r ("72) in font nullfont!
Missing character: There is no a ("61) in font nullfont!
Missing character: There is no w ("77) in font nullfont!
Missing character: There is no i ("69) in font nullfont!
Missing character: There is no n ("6E) in font nullfont!
Missing character: There is no g ("67) in font nullfont!
g:/My Drive/Study/HKU/POLI3148 Data Science in Politics and Public Administration/Final Project/Report/Template/report.tex:249: Undefined control sequence.
\environment tcb@drawing end aux  ...esumeTagging 
                                                  {tcb/drawing}\UseTaggingSo...
l.249                 \item \inlinecode{\vol{}}
                                                — Specifies the volume numbe...
The control sequence at the end of the top line
of your error message was never \def'ed. If you have
misspelled it (e.g., `\hobx'), type `I' and the correct
spelling (e.g., `I\hbox'). Otherwise just continue,
and I'll forget about whatever was undefined.

Missing character: There is no t ("74) in font nullfont!
Missing character: There is no c ("63) in font nullfont!
Missing character: There is no b ("62) in font nullfont!
Missing character: There is no / ("2F) in font nullfont!
Missing character: There is no d ("64) in font nullfont!
Missing character: There is no r ("72) in font nullfont!
Missing character: There is no a ("61) in font nullfont!
Missing character: There is no w ("77) in font nullfont!
Missing character: There is no i ("69) in font nullfont!
Missing character: There is no n ("6E) in font nullfont!
Missing character: There is no g ("67) in font nullfont!
g:/My Drive/Study/HKU/POLI3148 Data Science in Politics and Public Administration/Final Project/Report/Template/report.tex:249: Undefined control sequence.
\environment tcb@drawing end aux  ...aggingSocket 
                                                  {tcb/drawing/end}\end {tik...
l.249                 \item \inlinecode{\vol{}}
                                                — Specifies the volume numbe...
The control sequence at the end of the top line
of your error message was never \def'ed. If you have
misspelled it (e.g., `\hobx'), type `I' and the correct
spelling (e.g., `I\hbox'). Otherwise just continue,
and I'll forget about whatever was undefined.

Missing character: There is no t ("74) in font nullfont!
Missing character: There is no c ("63) in font nullfont!
Missing character: There is no b ("62) in font nullfont!
Missing character: There is no / ("2F) in font nullfont!
Missing character: There is no d ("64) in font nullfont!
Missing character: There is no r ("72) in font nullfont!
Missing character: There is no a ("61) in font nullfont!
Missing character: There is no w ("77) in font nullfont!
Missing character: There is no i ("69) in font nullfont!
Missing character: There is no n ("6E) in font nullfont!
Missing character: There is no g ("67) in font nullfont!
Missing character: There is no / ("2F) in font nullfont!
Missing character: There is no e ("65) in font nullfont!
Missing character: There is no n ("6E) in font nullfont!
Missing character: There is no d ("64) in font nullfont!
g:/My Drive/Study/HKU/POLI3148 Data Science in Politics and Public Administration/Final Project/Report/Template/report.tex:250: Undefined control sequence.
\environment tcb@drawing code ...UseTaggingSocket 
                                                  {tcb/drawing/begin}\Suspen...
l.250                 \item \inlinecode{\no{}}
                                               — Specifies the issue number ...
The control sequence at the end of the top line
of your error message was never \def'ed. If you have
misspelled it (e.g., `\hobx'), type `I' and the correct
spelling (e.g., `I\hbox'). Otherwise just continue,
and I'll forget about whatever was undefined.

Missing character: There is no t ("74) in font nullfont!
Missing character: There is no c ("63) in font nullfont!
Missing character: There is no b ("62) in font nullfont!
Missing character: There is no / ("2F) in font nullfont!
Missing character: There is no d ("64) in font nullfont!
Missing character: There is no r ("72) in font nullfont!
Missing character: There is no a ("61) in font nullfont!
Missing character: There is no w ("77) in font nullfont!
Missing character: There is no i ("69) in font nullfont!
Missing character: There is no n ("6E) in font nullfont!
Missing character: There is no g ("67) in font nullfont!
Missing character: There is no / ("2F) in font nullfont!
Missing character: There is no b ("62) in font nullfont!
Missing character: There is no e ("65) in font nullfont!
Missing character: There is no g ("67) in font nullfont!
Missing character: There is no i ("69) in font nullfont!
Missing character: There is no n ("6E) in font nullfont!
g:/My Drive/Study/HKU/POLI3148 Data Science in Politics and Public Administration/Final Project/Report/Template/report.tex:250: Undefined control sequence.
\environment tcb@drawing code ...}\SuspendTagging 
                                                  {tcb/drawing}\tcb@tikz@beg...
l.250                 \item \inlinecode{\no{}}
                                               — Specifies the issue number ...
The control sequence at the end of the top line
of your error message was never \def'ed. If you have
misspelled it (e.g., `\hobx'), type `I' and the correct
spelling (e.g., `I\hbox'). Otherwise just continue,
and I'll forget about whatever was undefined.

Missing character: There is no t ("74) in font nullfont!
Missing character: There is no c ("63) in font nullfont!
Missing character: There is no b ("62) in font nullfont!
Missing character: There is no / ("2F) in font nullfont!
Missing character: There is no d ("64) in font nullfont!
Missing character: There is no r ("72) in font nullfont!
Missing character: There is no a ("61) in font nullfont!
Missing character: There is no w ("77) in font nullfont!
Missing character: There is no i ("69) in font nullfont!
Missing character: There is no n ("6E) in font nullfont!
Missing character: There is no g ("67) in font nullfont!
g:/My Drive/Study/HKU/POLI3148 Data Science in Politics and Public Administration/Final Project/Report/Template/report.tex:250: Undefined control sequence.
\environment tcb@drawing end aux  ...esumeTagging 
                                                  {tcb/drawing}\UseTaggingSo...
l.250                 \item \inlinecode{\no{}}
                                               — Specifies the issue number ...
The control sequence at the end of the top line
of your error message was never \def'ed. If you have
misspelled it (e.g., `\hobx'), type `I' and the correct
spelling (e.g., `I\hbox'). Otherwise just continue,
and I'll forget about whatever was undefined.

Missing character: There is no t ("74) in font nullfont!
Missing character: There is no c ("63) in font nullfont!
Missing character: There is no b ("62) in font nullfont!
Missing character: There is no / ("2F) in font nullfont!
Missing character: There is no d ("64) in font nullfont!
Missing character: There is no r ("72) in font nullfont!
Missing character: There is no a ("61) in font nullfont!
Missing character: There is no w ("77) in font nullfont!
Missing character: There is no i ("69) in font nullfont!
Missing character: There is no n ("6E) in font nullfont!
Missing character: There is no g ("67) in font nullfont!
g:/My Drive/Study/HKU/POLI3148 Data Science in Politics and Public Administration/Final Project/Report/Template/report.tex:250: Undefined control sequence.
\environment tcb@drawing end aux  ...aggingSocket 
                                                  {tcb/drawing/end}\end {tik...
l.250                 \item \inlinecode{\no{}}
                                               — Specifies the issue number ...
The control sequence at the end of the top line
of your error message was never \def'ed. If you have
misspelled it (e.g., `\hobx'), type `I' and the correct
spelling (e.g., `I\hbox'). Otherwise just continue,
and I'll forget about whatever was undefined.

Missing character: There is no t ("74) in font nullfont!
Missing character: There is no c ("63) in font nullfont!
Missing character: There is no b ("62) in font nullfont!
Missing character: There is no / ("2F) in font nullfont!
Missing character: There is no d ("64) in font nullfont!
Missing character: There is no r ("72) in font nullfont!
Missing character: There is no a ("61) in font nullfont!
Missing character: There is no w ("77) in font nullfont!
Missing character: There is no i ("69) in font nullfont!
Missing character: There is no n ("6E) in font nullfont!
Missing character: There is no g ("67) in font nullfont!
Missing character: There is no / ("2F) in font nullfont!
Missing character: There is no e ("65) in font nullfont!
Missing character: There is no n ("6E) in font nullfont!
Missing character: There is no d ("64) in font nullfont!
g:/My Drive/Study/HKU/POLI3148 Data Science in Politics and Public Administration/Final Project/Report/Template/report.tex:251: Undefined control sequence.
\environment tcb@drawing code ...UseTaggingSocket 
                                                  {tcb/drawing/begin}\Suspen...
l.251 ...            \item \inlinecode{\journal{}}
                                                   — Defines the full journa...
The control sequence at the end of the top line
of your error message was never \def'ed. If you have
misspelled it (e.g., `\hobx'), type `I' and the correct
spelling (e.g., `I\hbox'). Otherwise just continue,
and I'll forget about whatever was undefined.

Missing character: There is no t ("74) in font nullfont!
Missing character: There is no c ("63) in font nullfont!
Missing character: There is no b ("62) in font nullfont!
Missing character: There is no / ("2F) in font nullfont!
Missing character: There is no d ("64) in font nullfont!
Missing character: There is no r ("72) in font nullfont!
Missing character: There is no a ("61) in font nullfont!
Missing character: There is no w ("77) in font nullfont!
Missing character: There is no i ("69) in font nullfont!
Missing character: There is no n ("6E) in font nullfont!
Missing character: There is no g ("67) in font nullfont!
Missing character: There is no / ("2F) in font nullfont!
Missing character: There is no b ("62) in font nullfont!
Missing character: There is no e ("65) in font nullfont!
Missing character: There is no g ("67) in font nullfont!
Missing character: There is no i ("69) in font nullfont!
Missing character: There is no n ("6E) in font nullfont!
g:/My Drive/Study/HKU/POLI3148 Data Science in Politics and Public Administration/Final Project/Report/Template/report.tex:251: Undefined control sequence.
\environment tcb@drawing code ...}\SuspendTagging 
                                                  {tcb/drawing}\tcb@tikz@beg...
l.251 ...            \item \inlinecode{\journal{}}
                                                   — Defines the full journa...
The control sequence at the end of the top line
of your error message was never \def'ed. If you have
misspelled it (e.g., `\hobx'), type `I' and the correct
spelling (e.g., `I\hbox'). Otherwise just continue,
and I'll forget about whatever was undefined.

Missing character: There is no t ("74) in font nullfont!
Missing character: There is no c ("63) in font nullfont!
Missing character: There is no b ("62) in font nullfont!
Missing character: There is no / ("2F) in font nullfont!
Missing character: There is no d ("64) in font nullfont!
Missing character: There is no r ("72) in font nullfont!
Missing character: There is no a ("61) in font nullfont!
Missing character: There is no w ("77) in font nullfont!
Missing character: There is no i ("69) in font nullfont!
Missing character: There is no n ("6E) in font nullfont!
Missing character: There is no g ("67) in font nullfont!
g:/My Drive/Study/HKU/POLI3148 Data Science in Politics and Public Administration/Final Project/Report/Template/report.tex:251: Undefined control sequence.
\environment tcb@drawing end aux  ...esumeTagging 
                                                  {tcb/drawing}\UseTaggingSo...
l.251 ...            \item \inlinecode{\journal{}}
                                                   — Defines the full journa...
The control sequence at the end of the top line
of your error message was never \def'ed. If you have
misspelled it (e.g., `\hobx'), type `I' and the correct
spelling (e.g., `I\hbox'). Otherwise just continue,
and I'll forget about whatever was undefined.

Missing character: There is no t ("74) in font nullfont!
Missing character: There is no c ("63) in font nullfont!
Missing character: There is no b ("62) in font nullfont!
Missing character: There is no / ("2F) in font nullfont!
Missing character: There is no d ("64) in font nullfont!
Missing character: There is no r ("72) in font nullfont!
Missing character: There is no a ("61) in font nullfont!
Missing character: There is no w ("77) in font nullfont!
Missing character: There is no i ("69) in font nullfont!
Missing character: There is no n ("6E) in font nullfont!
Missing character: There is no g ("67) in font nullfont!
g:/My Drive/Study/HKU/POLI3148 Data Science in Politics and Public Administration/Final Project/Report/Template/report.tex:251: Undefined control sequence.
\environment tcb@drawing end aux  ...aggingSocket 
                                                  {tcb/drawing/end}\end {tik...
l.251 ...            \item \inlinecode{\journal{}}
                                                   — Defines the full journa...
The control sequence at the end of the top line
of your error message was never \def'ed. If you have
misspelled it (e.g., `\hobx'), type `I' and the correct
spelling (e.g., `I\hbox'). Otherwise just continue,
and I'll forget about whatever was undefined.

Missing character: There is no t ("74) in font nullfont!
Missing character: There is no c ("63) in font nullfont!
Missing character: There is no b ("62) in font nullfont!
Missing character: There is no / ("2F) in font nullfont!
Missing character: There is no d ("64) in font nullfont!
Missing character: There is no r ("72) in font nullfont!
Missing character: There is no a ("61) in font nullfont!
Missing character: There is no w ("77) in font nullfont!
Missing character: There is no i ("69) in font nullfont!
Missing character: There is no n ("6E) in font nullfont!
Missing character: There is no g ("67) in font nullfont!
Missing character: There is no / ("2F) in font nullfont!
Missing character: There is no e ("65) in font nullfont!
Missing character: There is no n ("6E) in font nullfont!
Missing character: There is no d ("64) in font nullfont!
g:/My Drive/Study/HKU/POLI3148 Data Science in Politics and Public Administration/Final Project/Report/Template/report.tex:252: Undefined control sequence.
\environment tcb@drawing code ...UseTaggingSocket 
                                                  {tcb/drawing/begin}\Suspen...
l.252                 \item \inlinecode{\thepage}
                                                  — Shows the current page n...
The control sequence at the end of the top line
of your error message was never \def'ed. If you have
misspelled it (e.g., `\hobx'), type `I' and the correct
spelling (e.g., `I\hbox'). Otherwise just continue,
and I'll forget about whatever was undefined.

Missing character: There is no t ("74) in font nullfont!
Missing character: There is no c ("63) in font nullfont!
Missing character: There is no b ("62) in font nullfont!
Missing character: There is no / ("2F) in font nullfont!
Missing character: There is no d ("64) in font nullfont!
Missing character: There is no r ("72) in font nullfont!
Missing character: There is no a ("61) in font nullfont!
Missing character: There is no w ("77) in font nullfont!
Missing character: There is no i ("69) in font nullfont!
Missing character: There is no n ("6E) in font nullfont!
Missing character: There is no g ("67) in font nullfont!
Missing character: There is no / ("2F) in font nullfont!
Missing character: There is no b ("62) in font nullfont!
Missing character: There is no e ("65) in font nullfont!
Missing character: There is no g ("67) in font nullfont!
Missing character: There is no i ("69) in font nullfont!
Missing character: There is no n ("6E) in font nullfont!
g:/My Drive/Study/HKU/POLI3148 Data Science in Politics and Public Administration/Final Project/Report/Template/report.tex:252: Undefined control sequence.
\environment tcb@drawing code ...}\SuspendTagging 
                                                  {tcb/drawing}\tcb@tikz@beg...
l.252                 \item \inlinecode{\thepage}
                                                  — Shows the current page n...
The control sequence at the end of the top line
of your error message was never \def'ed. If you have
misspelled it (e.g., `\hobx'), type `I' and the correct
spelling (e.g., `I\hbox'). Otherwise just continue,
and I'll forget about whatever was undefined.

Missing character: There is no t ("74) in font nullfont!
Missing character: There is no c ("63) in font nullfont!
Missing character: There is no b ("62) in font nullfont!
Missing character: There is no / ("2F) in font nullfont!
Missing character: There is no d ("64) in font nullfont!
Missing character: There is no r ("72) in font nullfont!
Missing character: There is no a ("61) in font nullfont!
Missing character: There is no w ("77) in font nullfont!
Missing character: There is no i ("69) in font nullfont!
Missing character: There is no n ("6E) in font nullfont!
Missing character: There is no g ("67) in font nullfont!
g:/My Drive/Study/HKU/POLI3148 Data Science in Politics and Public Administration/Final Project/Report/Template/report.tex:252: Undefined control sequence.
\environment tcb@drawing end aux  ...esumeTagging 
                                                  {tcb/drawing}\UseTaggingSo...
l.252                 \item \inlinecode{\thepage}
                                                  — Shows the current page n...
The control sequence at the end of the top line
of your error message was never \def'ed. If you have
misspelled it (e.g., `\hobx'), type `I' and the correct
spelling (e.g., `I\hbox'). Otherwise just continue,
and I'll forget about whatever was undefined.

Missing character: There is no t ("74) in font nullfont!
Missing character: There is no c ("63) in font nullfont!
Missing character: There is no b ("62) in font nullfont!
Missing character: There is no / ("2F) in font nullfont!
Missing character: There is no d ("64) in font nullfont!
Missing character: There is no r ("72) in font nullfont!
Missing character: There is no a ("61) in font nullfont!
Missing character: There is no w ("77) in font nullfont!
Missing character: There is no i ("69) in font nullfont!
Missing character: There is no n ("6E) in font nullfont!
Missing character: There is no g ("67) in font nullfont!
g:/My Drive/Study/HKU/POLI3148 Data Science in Politics and Public Administration/Final Project/Report/Template/report.tex:252: Undefined control sequence.
\environment tcb@drawing end aux  ...aggingSocket 
                                                  {tcb/drawing/end}\end {tik...
l.252                 \item \inlinecode{\thepage}
                                                  — Shows the current page n...
The control sequence at the end of the top line
of your error message was never \def'ed. If you have
misspelled it (e.g., `\hobx'), type `I' and the correct
spelling (e.g., `I\hbox'). Otherwise just continue,
and I'll forget about whatever was undefined.

Missing character: There is no t ("74) in font nullfont!
Missing character: There is no c ("63) in font nullfont!
Missing character: There is no b ("62) in font nullfont!
Missing character: There is no / ("2F) in font nullfont!
Missing character: There is no d ("64) in font nullfont!
Missing character: There is no r ("72) in font nullfont!
Missing character: There is no a ("61) in font nullfont!
Missing character: There is no w ("77) in font nullfont!
Missing character: There is no i ("69) in font nullfont!
Missing character: There is no n ("6E) in font nullfont!
Missing character: There is no g ("67) in font nullfont!
Missing character: There is no / ("2F) in font nullfont!
Missing character: There is no e ("65) in font nullfont!
Missing character: There is no n ("6E) in font nullfont!
Missing character: There is no d ("64) in font nullfont!
g:/My Drive/Study/HKU/POLI3148 Data Science in Politics and Public Administration/Final Project/Report/Template/report.tex:271: Undefined control sequence.
\environment tcb@drawing code ...UseTaggingSocket 
                                                  {tcb/drawing/begin}\Suspen...
l.271 ...le is defined by \inlinecode{rhoenvstyle}
                                                   — allowing you to customi...
The control sequence at the end of the top line
of your error message was never \def'ed. If you have
misspelled it (e.g., `\hobx'), type `I' and the correct
spelling (e.g., `I\hbox'). Otherwise just continue,
and I'll forget about whatever was undefined.

Missing character: There is no t ("74) in font nullfont!
Missing character: There is no c ("63) in font nullfont!
Missing character: There is no b ("62) in font nullfont!
Missing character: There is no / ("2F) in font nullfont!
Missing character: There is no d ("64) in font nullfont!
Missing character: There is no r ("72) in font nullfont!
Missing character: There is no a ("61) in font nullfont!
Missing character: There is no w ("77) in font nullfont!
Missing character: There is no i ("69) in font nullfont!
Missing character: There is no n ("6E) in font nullfont!
Missing character: There is no g ("67) in font nullfont!
Missing character: There is no / ("2F) in font nullfont!
Missing character: There is no b ("62) in font nullfont!
Missing character: There is no e ("65) in font nullfont!
Missing character: There is no g ("67) in font nullfont!
Missing character: There is no i ("69) in font nullfont!
Missing character: There is no n ("6E) in font nullfont!
g:/My Drive/Study/HKU/POLI3148 Data Science in Politics and Public Administration/Final Project/Report/Template/report.tex:271: Undefined control sequence.
\environment tcb@drawing code ...}\SuspendTagging 
                                                  {tcb/drawing}\tcb@tikz@beg...
l.271 ...le is defined by \inlinecode{rhoenvstyle}
                                                   — allowing you to customi...
The control sequence at the end of the top line
of your error message was never \def'ed. If you have
misspelled it (e.g., `\hobx'), type `I' and the correct
spelling (e.g., `I\hbox'). Otherwise just continue,
and I'll forget about whatever was undefined.

Missing character: There is no t ("74) in font nullfont!
Missing character: There is no c ("63) in font nullfont!
Missing character: There is no b ("62) in font nullfont!
Missing character: There is no / ("2F) in font nullfont!
Missing character: There is no d ("64) in font nullfont!
Missing character: There is no r ("72) in font nullfont!
Missing character: There is no a ("61) in font nullfont!
Missing character: There is no w ("77) in font nullfont!
Missing character: There is no i ("69) in font nullfont!
Missing character: There is no n ("6E) in font nullfont!
Missing character: There is no g ("67) in font nullfont!
g:/My Drive/Study/HKU/POLI3148 Data Science in Politics and Public Administration/Final Project/Report/Template/report.tex:271: Undefined control sequence.
\environment tcb@drawing end aux  ...esumeTagging 
                                                  {tcb/drawing}\UseTaggingSo...
l.271 ...le is defined by \inlinecode{rhoenvstyle}
                                                   — allowing you to customi...
The control sequence at the end of the top line
of your error message was never \def'ed. If you have
misspelled it (e.g., `\hobx'), type `I' and the correct
spelling (e.g., `I\hbox'). Otherwise just continue,
and I'll forget about whatever was undefined.

Missing character: There is no t ("74) in font nullfont!
Missing character: There is no c ("63) in font nullfont!
Missing character: There is no b ("62) in font nullfont!
Missing character: There is no / ("2F) in font nullfont!
Missing character: There is no d ("64) in font nullfont!
Missing character: There is no r ("72) in font nullfont!
Missing character: There is no a ("61) in font nullfont!
Missing character: There is no w ("77) in font nullfont!
Missing character: There is no i ("69) in font nullfont!
Missing character: There is no n ("6E) in font nullfont!
Missing character: There is no g ("67) in font nullfont!
g:/My Drive/Study/HKU/POLI3148 Data Science in Politics and Public Administration/Final Project/Report/Template/report.tex:271: Undefined control sequence.
\environment tcb@drawing end aux  ...aggingSocket 
                                                  {tcb/drawing/end}\end {tik...
l.271 ...le is defined by \inlinecode{rhoenvstyle}
                                                   — allowing you to customi...
The control sequence at the end of the top line
of your error message was never \def'ed. If you have
misspelled it (e.g., `\hobx'), type `I' and the correct
spelling (e.g., `I\hbox'). Otherwise just continue,
and I'll forget about whatever was undefined.

Missing character: There is no t ("74) in font nullfont!
Missing character: There is no c ("63) in font nullfont!
Missing character: There is no b ("62) in font nullfont!
Missing character: There is no / ("2F) in font nullfont!
Missing character: There is no d ("64) in font nullfont!
Missing character: There is no r ("72) in font nullfont!
Missing character: There is no a ("61) in font nullfont!
Missing character: There is no w ("77) in font nullfont!
Missing character: There is no i ("69) in font nullfont!
Missing character: There is no n ("6E) in font nullfont!
Missing character: There is no g ("67) in font nullfont!
Missing character: There is no / ("2F) in font nullfont!
Missing character: There is no e ("65) in font nullfont!
Missing character: There is no n ("6E) in font nullfont!
Missing character: There is no d ("64) in font nullfont!

Underfull \hbox (badness 1939) in paragraph at lines 271--272
\TU/lmr/m/n/9 customize their appearance according to your document’s
 []

g:/My Drive/Study/HKU/POLI3148 Data Science in Politics and Public Administration/Final Project/Report/Template/report.tex:273: Undefined control sequence.
\environment tcb@drawing code ...UseTaggingSocket 
                                                  {tcb/drawing/begin}\Suspen...
l.273 ...IAn example using the \inlinecode{rhoenv}
                                                   environment is shown below.
The control sequence at the end of the top line
of your error message was never \def'ed. If you have
misspelled it (e.g., `\hobx'), type `I' and the correct
spelling (e.g., `I\hbox'). Otherwise just continue,
and I'll forget about whatever was undefined.

Missing character: There is no t ("74) in font nullfont!
Missing character: There is no c ("63) in font nullfont!
Missing character: There is no b ("62) in font nullfont!
Missing character: There is no / ("2F) in font nullfont!
Missing character: There is no d ("64) in font nullfont!
Missing character: There is no r ("72) in font nullfont!
Missing character: There is no a ("61) in font nullfont!
Missing character: There is no w ("77) in font nullfont!
Missing character: There is no i ("69) in font nullfont!
Missing character: There is no n ("6E) in font nullfont!
Missing character: There is no g ("67) in font nullfont!
Missing character: There is no / ("2F) in font nullfont!
Missing character: There is no b ("62) in font nullfont!
Missing character: There is no e ("65) in font nullfont!
Missing character: There is no g ("67) in font nullfont!
Missing character: There is no i ("69) in font nullfont!
Missing character: There is no n ("6E) in font nullfont!
g:/My Drive/Study/HKU/POLI3148 Data Science in Politics and Public Administration/Final Project/Report/Template/report.tex:273: Undefined control sequence.
\environment tcb@drawing code ...}\SuspendTagging 
                                                  {tcb/drawing}\tcb@tikz@beg...
l.273 ...IAn example using the \inlinecode{rhoenv}
                                                   environment is shown below.
The control sequence at the end of the top line
of your error message was never \def'ed. If you have
misspelled it (e.g., `\hobx'), type `I' and the correct
spelling (e.g., `I\hbox'). Otherwise just continue,
and I'll forget about whatever was undefined.

Missing character: There is no t ("74) in font nullfont!
Missing character: There is no c ("63) in font nullfont!
Missing character: There is no b ("62) in font nullfont!
Missing character: There is no / ("2F) in font nullfont!
Missing character: There is no d ("64) in font nullfont!
Missing character: There is no r ("72) in font nullfont!
Missing character: There is no a ("61) in font nullfont!
Missing character: There is no w ("77) in font nullfont!
Missing character: There is no i ("69) in font nullfont!
Missing character: There is no n ("6E) in font nullfont!
Missing character: There is no g ("67) in font nullfont!
g:/My Drive/Study/HKU/POLI3148 Data Science in Politics and Public Administration/Final Project/Report/Template/report.tex:273: Undefined control sequence.
\environment tcb@drawing end aux  ...esumeTagging 
                                                  {tcb/drawing}\UseTaggingSo...
l.273 ...IAn example using the \inlinecode{rhoenv}
                                                   environment is shown below.
The control sequence at the end of the top line
of your error message was never \def'ed. If you have
misspelled it (e.g., `\hobx'), type `I' and the correct
spelling (e.g., `I\hbox'). Otherwise just continue,
and I'll forget about whatever was undefined.

Missing character: There is no t ("74) in font nullfont!
Missing character: There is no c ("63) in font nullfont!
Missing character: There is no b ("62) in font nullfont!
Missing character: There is no / ("2F) in font nullfont!
Missing character: There is no d ("64) in font nullfont!
Missing character: There is no r ("72) in font nullfont!
Missing character: There is no a ("61) in font nullfont!
Missing character: There is no w ("77) in font nullfont!
Missing character: There is no i ("69) in font nullfont!
Missing character: There is no n ("6E) in font nullfont!
Missing character: There is no g ("67) in font nullfont!
g:/My Drive/Study/HKU/POLI3148 Data Science in Politics and Public Administration/Final Project/Report/Template/report.tex:273: Undefined control sequence.
\environment tcb@drawing end aux  ...aggingSocket 
                                                  {tcb/drawing/end}\end {tik...
l.273 ...IAn example using the \inlinecode{rhoenv}
                                                   environment is shown below.
The control sequence at the end of the top line
of your error message was never \def'ed. If you have
misspelled it (e.g., `\hobx'), type `I' and the correct
spelling (e.g., `I\hbox'). Otherwise just continue,
and I'll forget about whatever was undefined.

Missing character: There is no t ("74) in font nullfont!
Missing character: There is no c ("63) in font nullfont!
Missing character: There is no b ("62) in font nullfont!
Missing character: There is no / ("2F) in font nullfont!
Missing character: There is no d ("64) in font nullfont!
Missing character: There is no r ("72) in font nullfont!
Missing character: There is no a ("61) in font nullfont!
Missing character: There is no w ("77) in font nullfont!
Missing character: There is no i ("69) in font nullfont!
Missing character: There is no n ("6E) in font nullfont!
Missing character: There is no g ("67) in font nullfont!
Missing character: There is no / ("2F) in font nullfont!
Missing character: There is no e ("65) in font nullfont!
Missing character: There is no n ("6E) in font nullfont!
Missing character: There is no d ("64) in font nullfont!
Package mdframed Info: mdframed works in twoside mode on input line 275.

LaTeX Warning: Reference `mdf@pagelabel-2' on page 2 undefined on input line 277.

g:/My Drive/Study/HKU/POLI3148 Data Science in Politics and Public Administration/Final Project/Report/Template/report.tex:279: Undefined control sequence.
\environment tcb@drawing code ...UseTaggingSocket 
                                                  {tcb/drawing/begin}\Suspen...
l.279         The \inlinecode{info}
                                    and \inlinecode{note} are environments w...
The control sequence at the end of the top line
of your error message was never \def'ed. If you have
misspelled it (e.g., `\hobx'), type `I' and the correct
spelling (e.g., `I\hbox'). Otherwise just continue,
and I'll forget about whatever was undefined.

Missing character: There is no t ("74) in font nullfont!
Missing character: There is no c ("63) in font nullfont!
Missing character: There is no b ("62) in font nullfont!
Missing character: There is no / ("2F) in font nullfont!
Missing character: There is no d ("64) in font nullfont!
Missing character: There is no r ("72) in font nullfont!
Missing character: There is no a ("61) in font nullfont!
Missing character: There is no w ("77) in font nullfont!
Missing character: There is no i ("69) in font nullfont!
Missing character: There is no n ("6E) in font nullfont!
Missing character: There is no g ("67) in font nullfont!
Missing character: There is no / ("2F) in font nullfont!
Missing character: There is no b ("62) in font nullfont!
Missing character: There is no e ("65) in font nullfont!
Missing character: There is no g ("67) in font nullfont!
Missing character: There is no i ("69) in font nullfont!
Missing character: There is no n ("6E) in font nullfont!
g:/My Drive/Study/HKU/POLI3148 Data Science in Politics and Public Administration/Final Project/Report/Template/report.tex:279: Undefined control sequence.
\environment tcb@drawing code ...}\SuspendTagging 
                                                  {tcb/drawing}\tcb@tikz@beg...
l.279         The \inlinecode{info}
                                    and \inlinecode{note} are environments w...
The control sequence at the end of the top line
of your error message was never \def'ed. If you have
misspelled it (e.g., `\hobx'), type `I' and the correct
spelling (e.g., `I\hbox'). Otherwise just continue,
and I'll forget about whatever was undefined.

Missing character: There is no t ("74) in font nullfont!
Missing character: There is no c ("63) in font nullfont!
Missing character: There is no b ("62) in font nullfont!
Missing character: There is no / ("2F) in font nullfont!
Missing character: There is no d ("64) in font nullfont!
Missing character: There is no r ("72) in font nullfont!
Missing character: There is no a ("61) in font nullfont!
Missing character: There is no w ("77) in font nullfont!
Missing character: There is no i ("69) in font nullfont!
Missing character: There is no n ("6E) in font nullfont!
Missing character: There is no g ("67) in font nullfont!
g:/My Drive/Study/HKU/POLI3148 Data Science in Politics and Public Administration/Final Project/Report/Template/report.tex:279: Undefined control sequence.
\environment tcb@drawing end aux  ...esumeTagging 
                                                  {tcb/drawing}\UseTaggingSo...
l.279         The \inlinecode{info}
                                    and \inlinecode{note} are environments w...
The control sequence at the end of the top line
of your error message was never \def'ed. If you have
misspelled it (e.g., `\hobx'), type `I' and the correct
spelling (e.g., `I\hbox'). Otherwise just continue,
and I'll forget about whatever was undefined.

Missing character: There is no t ("74) in font nullfont!
Missing character: There is no c ("63) in font nullfont!
Missing character: There is no b ("62) in font nullfont!
Missing character: There is no / ("2F) in font nullfont!
Missing character: There is no d ("64) in font nullfont!
Missing character: There is no r ("72) in font nullfont!
Missing character: There is no a ("61) in font nullfont!
Missing character: There is no w ("77) in font nullfont!
Missing character: There is no i ("69) in font nullfont!
Missing character: There is no n ("6E) in font nullfont!
Missing character: There is no g ("67) in font nullfont!
g:/My Drive/Study/HKU/POLI3148 Data Science in Politics and Public Administration/Final Project/Report/Template/report.tex:279: Undefined control sequence.
\environment tcb@drawing end aux  ...aggingSocket 
                                                  {tcb/drawing/end}\end {tik...
l.279         The \inlinecode{info}
                                    and \inlinecode{note} are environments w...
The control sequence at the end of the top line
of your error message was never \def'ed. If you have
misspelled it (e.g., `\hobx'), type `I' and the correct
spelling (e.g., `I\hbox'). Otherwise just continue,
and I'll forget about whatever was undefined.

Missing character: There is no t ("74) in font nullfont!
Missing character: There is no c ("63) in font nullfont!
Missing character: There is no b ("62) in font nullfont!
Missing character: There is no / ("2F) in font nullfont!
Missing character: There is no d ("64) in font nullfont!
Missing character: There is no r ("72) in font nullfont!
Missing character: There is no a ("61) in font nullfont!
Missing character: There is no w ("77) in font nullfont!
Missing character: There is no i ("69) in font nullfont!
Missing character: There is no n ("6E) in font nullfont!
Missing character: There is no g ("67) in font nullfont!
Missing character: There is no / ("2F) in font nullfont!
Missing character: There is no e ("65) in font nullfont!
Missing character: There is no n ("6E) in font nullfont!
Missing character: There is no d ("64) in font nullfont!
g:/My Drive/Study/HKU/POLI3148 Data Science in Politics and Public Administration/Final Project/Report/Template/report.tex:279: Undefined control sequence.
\environment tcb@drawing code ...UseTaggingSocket 
                                                  {tcb/drawing/begin}\Suspen...
l.279 ...e \inlinecode{info} and \inlinecode{note}
                                                   are environments which ha...
The control sequence at the end of the top line
of your error message was never \def'ed. If you have
misspelled it (e.g., `\hobx'), type `I' and the correct
spelling (e.g., `I\hbox'). Otherwise just continue,
and I'll forget about whatever was undefined.

Missing character: There is no t ("74) in font nullfont!
Missing character: There is no c ("63) in font nullfont!
Missing character: There is no b ("62) in font nullfont!
Missing character: There is no / ("2F) in font nullfont!
Missing character: There is no d ("64) in font nullfont!
Missing character: There is no r ("72) in font nullfont!
Missing character: There is no a ("61) in font nullfont!
Missing character: There is no w ("77) in font nullfont!
Missing character: There is no i ("69) in font nullfont!
Missing character: There is no n ("6E) in font nullfont!
Missing character: There is no g ("67) in font nullfont!
Missing character: There is no / ("2F) in font nullfont!
Missing character: There is no b ("62) in font nullfont!
Missing character: There is no e ("65) in font nullfont!
Missing character: There is no g ("67) in font nullfont!
Missing character: There is no i ("69) in font nullfont!
Missing character: There is no n ("6E) in font nullfont!
g:/My Drive/Study/HKU/POLI3148 Data Science in Politics and Public Administration/Final Project/Report/Template/report.tex:279: Undefined control sequence.
\environment tcb@drawing code ...}\SuspendTagging 
                                                  {tcb/drawing}\tcb@tikz@beg...
l.279 ...e \inlinecode{info} and \inlinecode{note}
                                                   are environments which ha...
The control sequence at the end of the top line
of your error message was never \def'ed. If you have
misspelled it (e.g., `\hobx'), type `I' and the correct
spelling (e.g., `I\hbox'). Otherwise just continue,
and I'll forget about whatever was undefined.

Missing character: There is no t ("74) in font nullfont!
Missing character: There is no c ("63) in font nullfont!
Missing character: There is no b ("62) in font nullfont!
Missing character: There is no / ("2F) in font nullfont!
Missing character: There is no d ("64) in font nullfont!
Missing character: There is no r ("72) in font nullfont!
Missing character: There is no a ("61) in font nullfont!
Missing character: There is no w ("77) in font nullfont!
Missing character: There is no i ("69) in font nullfont!
Missing character: There is no n ("6E) in font nullfont!
Missing character: There is no g ("67) in font nullfont!
g:/My Drive/Study/HKU/POLI3148 Data Science in Politics and Public Administration/Final Project/Report/Template/report.tex:279: Undefined control sequence.
\environment tcb@drawing end aux  ...esumeTagging 
                                                  {tcb/drawing}\UseTaggingSo...
l.279 ...e \inlinecode{info} and \inlinecode{note}
                                                   are environments which ha...
The control sequence at the end of the top line
of your error message was never \def'ed. If you have
misspelled it (e.g., `\hobx'), type `I' and the correct
spelling (e.g., `I\hbox'). Otherwise just continue,
and I'll forget about whatever was undefined.

Missing character: There is no t ("74) in font nullfont!
Missing character: There is no c ("63) in font nullfont!
Missing character: There is no b ("62) in font nullfont!
Missing character: There is no / ("2F) in font nullfont!
Missing character: There is no d ("64) in font nullfont!
Missing character: There is no r ("72) in font nullfont!
Missing character: There is no a ("61) in font nullfont!
Missing character: There is no w ("77) in font nullfont!
Missing character: There is no i ("69) in font nullfont!
Missing character: There is no n ("6E) in font nullfont!
Missing character: There is no g ("67) in font nullfont!
g:/My Drive/Study/HKU/POLI3148 Data Science in Politics and Public Administration/Final Project/Report/Template/report.tex:279: Undefined control sequence.
\environment tcb@drawing end aux  ...aggingSocket 
                                                  {tcb/drawing/end}\end {tik...
l.279 ...e \inlinecode{info} and \inlinecode{note}
                                                   are environments which ha...
The control sequence at the end of the top line
of your error message was never \def'ed. If you have
misspelled it (e.g., `\hobx'), type `I' and the correct
spelling (e.g., `I\hbox'). Otherwise just continue,
and I'll forget about whatever was undefined.

Missing character: There is no t ("74) in font nullfont!
Missing character: There is no c ("63) in font nullfont!
Missing character: There is no b ("62) in font nullfont!
Missing character: There is no / ("2F) in font nullfont!
Missing character: There is no d ("64) in font nullfont!
Missing character: There is no r ("72) in font nullfont!
Missing character: There is no a ("61) in font nullfont!
Missing character: There is no w ("77) in font nullfont!
Missing character: There is no i ("69) in font nullfont!
Missing character: There is no n ("6E) in font nullfont!
Missing character: There is no g ("67) in font nullfont!
Missing character: There is no / ("2F) in font nullfont!
Missing character: There is no e ("65) in font nullfont!
Missing character: There is no n ("6E) in font nullfont!
Missing character: There is no d ("64) in font nullfont!

LaTeX Warning: Hyper reference `eq:equation' on page 2 undefined on input line 283.


g:/My Drive/Study/HKU/POLI3148 Data Science in Politics and Public Administration/Final Project/Report/Template/report.tex:283: Package babel Error: You haven't defined the language 'spanish' yet.
(babel)                Perhaps you misspelled it or your installation
(babel)                is not complete.

See the babel package documentation for explanation.
Type  H <return>  for immediate help.
 ...                                              
                                                  
l.283 ^^I\equref{eq:equation}
                              shows the Schrödinger equation as an example.
Your command will be ignored, type <return> to proceed


LaTeX Warning: Reference `eq:equation' on page 2 undefined on input line 283.


LaTeX Warning: Reference `LastPage' on page 2 undefined on input line 287.

[2]
g:/My Drive/Study/HKU/POLI3148 Data Science in Politics and Public Administration/Final Project/Report/Template/report.tex:289: Undefined control sequence.
\environment tcb@drawing code ...UseTaggingSocket 
                                                  {tcb/drawing/begin}\Suspen...
l.289 ^^IThe \inlinecode{amssymb}
                                  and \inlinecode{amsmath} packages were not...
The control sequence at the end of the top line
of your error message was never \def'ed. If you have
misspelled it (e.g., `\hobx'), type `I' and the correct
spelling (e.g., `I\hbox'). Otherwise just continue,
and I'll forget about whatever was undefined.

Missing character: There is no t ("74) in font nullfont!
Missing character: There is no c ("63) in font nullfont!
Missing character: There is no b ("62) in font nullfont!
Missing character: There is no / ("2F) in font nullfont!
Missing character: There is no d ("64) in font nullfont!
Missing character: There is no r ("72) in font nullfont!
Missing character: There is no a ("61) in font nullfont!
Missing character: There is no w ("77) in font nullfont!
Missing character: There is no i ("69) in font nullfont!
Missing character: There is no n ("6E) in font nullfont!
Missing character: There is no g ("67) in font nullfont!
Missing character: There is no / ("2F) in font nullfont!
Missing character: There is no b ("62) in font nullfont!
Missing character: There is no e ("65) in font nullfont!
Missing character: There is no g ("67) in font nullfont!
Missing character: There is no i ("69) in font nullfont!
Missing character: There is no n ("6E) in font nullfont!
g:/My Drive/Study/HKU/POLI3148 Data Science in Politics and Public Administration/Final Project/Report/Template/report.tex:289: Undefined control sequence.
\environment tcb@drawing code ...}\SuspendTagging 
                                                  {tcb/drawing}\tcb@tikz@beg...
l.289 ^^IThe \inlinecode{amssymb}
                                  and \inlinecode{amsmath} packages were not...
The control sequence at the end of the top line
of your error message was never \def'ed. If you have
misspelled it (e.g., `\hobx'), type `I' and the correct
spelling (e.g., `I\hbox'). Otherwise just continue,
and I'll forget about whatever was undefined.

Missing character: There is no t ("74) in font nullfont!
Missing character: There is no c ("63) in font nullfont!
Missing character: There is no b ("62) in font nullfont!
Missing character: There is no / ("2F) in font nullfont!
Missing character: There is no d ("64) in font nullfont!
Missing character: There is no r ("72) in font nullfont!
Missing character: There is no a ("61) in font nullfont!
Missing character: There is no w ("77) in font nullfont!
Missing character: There is no i ("69) in font nullfont!
Missing character: There is no n ("6E) in font nullfont!
Missing character: There is no g ("67) in font nullfont!
g:/My Drive/Study/HKU/POLI3148 Data Science in Politics and Public Administration/Final Project/Report/Template/report.tex:289: Undefined control sequence.
\environment tcb@drawing end aux  ...esumeTagging 
                                                  {tcb/drawing}\UseTaggingSo...
l.289 ^^IThe \inlinecode{amssymb}
                                  and \inlinecode{amsmath} packages were not...
The control sequence at the end of the top line
of your error message was never \def'ed. If you have
misspelled it (e.g., `\hobx'), type `I' and the correct
spelling (e.g., `I\hbox'). Otherwise just continue,
and I'll forget about whatever was undefined.

Missing character: There is no t ("74) in font nullfont!
Missing character: There is no c ("63) in font nullfont!
Missing character: There is no b ("62) in font nullfont!
Missing character: There is no / ("2F) in font nullfont!
Missing character: There is no d ("64) in font nullfont!
Missing character: There is no r ("72) in font nullfont!
Missing character: There is no a ("61) in font nullfont!
Missing character: There is no w ("77) in font nullfont!
Missing character: There is no i ("69) in font nullfont!
Missing character: There is no n ("6E) in font nullfont!
Missing character: There is no g ("67) in font nullfont!
g:/My Drive/Study/HKU/POLI3148 Data Science in Politics and Public Administration/Final Project/Report/Template/report.tex:289: Undefined control sequence.
\environment tcb@drawing end aux  ...aggingSocket 
                                                  {tcb/drawing/end}\end {tik...
l.289 ^^IThe \inlinecode{amssymb}
                                  and \inlinecode{amsmath} packages were not...
The control sequence at the end of the top line
of your error message was never \def'ed. If you have
misspelled it (e.g., `\hobx'), type `I' and the correct
spelling (e.g., `I\hbox'). Otherwise just continue,
and I'll forget about whatever was undefined.

Missing character: There is no t ("74) in font nullfont!
Missing character: There is no c ("63) in font nullfont!
Missing character: There is no b ("62) in font nullfont!
Missing character: There is no / ("2F) in font nullfont!
Missing character: There is no d ("64) in font nullfont!
Missing character: There is no r ("72) in font nullfont!
Missing character: There is no a ("61) in font nullfont!
Missing character: There is no w ("77) in font nullfont!
Missing character: There is no i ("69) in font nullfont!
Missing character: There is no n ("6E) in font nullfont!
Missing character: There is no g ("67) in font nullfont!
Missing character: There is no / ("2F) in font nullfont!
Missing character: There is no e ("65) in font nullfont!
Missing character: There is no n ("6E) in font nullfont!
Missing character: There is no d ("64) in font nullfont!
g:/My Drive/Study/HKU/POLI3148 Data Science in Politics and Public Administration/Final Project/Report/Template/report.tex:289: Undefined control sequence.
\environment tcb@drawing code ...UseTaggingSocket 
                                                  {tcb/drawing/begin}\Suspen...
l.289 ...inecode{amssymb} and \inlinecode{amsmath}
                                                   packages were not require...
The control sequence at the end of the top line
of your error message was never \def'ed. If you have
misspelled it (e.g., `\hobx'), type `I' and the correct
spelling (e.g., `I\hbox'). Otherwise just continue,
and I'll forget about whatever was undefined.

Missing character: There is no t ("74) in font nullfont!
Missing character: There is no c ("63) in font nullfont!
Missing character: There is no b ("62) in font nullfont!
Missing character: There is no / ("2F) in font nullfont!
Missing character: There is no d ("64) in font nullfont!
Missing character: There is no r ("72) in font nullfont!
Missing character: There is no a ("61) in font nullfont!
Missing character: There is no w ("77) in font nullfont!
Missing character: There is no i ("69) in font nullfont!
Missing character: There is no n ("6E) in font nullfont!
Missing character: There is no g ("67) in font nullfont!
Missing character: There is no / ("2F) in font nullfont!
Missing character: There is no b ("62) in font nullfont!
Missing character: There is no e ("65) in font nullfont!
Missing character: There is no g ("67) in font nullfont!
Missing character: There is no i ("69) in font nullfont!
Missing character: There is no n ("6E) in font nullfont!
g:/My Drive/Study/HKU/POLI3148 Data Science in Politics and Public Administration/Final Project/Report/Template/report.tex:289: Undefined control sequence.
\environment tcb@drawing code ...}\SuspendTagging 
                                                  {tcb/drawing}\tcb@tikz@beg...
l.289 ...inecode{amssymb} and \inlinecode{amsmath}
                                                   packages were not require...
The control sequence at the end of the top line
of your error message was never \def'ed. If you have
misspelled it (e.g., `\hobx'), type `I' and the correct
spelling (e.g., `I\hbox'). Otherwise just continue,
and I'll forget about whatever was undefined.

Missing character: There is no t ("74) in font nullfont!
Missing character: There is no c ("63) in font nullfont!
Missing character: There is no b ("62) in font nullfont!
Missing character: There is no / ("2F) in font nullfont!
Missing character: There is no d ("64) in font nullfont!
Missing character: There is no r ("72) in font nullfont!
Missing character: There is no a ("61) in font nullfont!
Missing character: There is no w ("77) in font nullfont!
Missing character: There is no i ("69) in font nullfont!
Missing character: There is no n ("6E) in font nullfont!
Missing character: There is no g ("67) in font nullfont!
g:/My Drive/Study/HKU/POLI3148 Data Science in Politics and Public Administration/Final Project/Report/Template/report.tex:289: Undefined control sequence.
\environment tcb@drawing end aux  ...esumeTagging 
                                                  {tcb/drawing}\UseTaggingSo...
l.289 ...inecode{amssymb} and \inlinecode{amsmath}
                                                   packages were not require...
The control sequence at the end of the top line
of your error message was never \def'ed. If you have
misspelled it (e.g., `\hobx'), type `I' and the correct
spelling (e.g., `I\hbox'). Otherwise just continue,
and I'll forget about whatever was undefined.

Missing character: There is no t ("74) in font nullfont!
Missing character: There is no c ("63) in font nullfont!
Missing character: There is no b ("62) in font nullfont!
Missing character: There is no / ("2F) in font nullfont!
Missing character: There is no d ("64) in font nullfont!
Missing character: There is no r ("72) in font nullfont!
Missing character: There is no a ("61) in font nullfont!
Missing character: There is no w ("77) in font nullfont!
Missing character: There is no i ("69) in font nullfont!
Missing character: There is no n ("6E) in font nullfont!
Missing character: There is no g ("67) in font nullfont!
g:/My Drive/Study/HKU/POLI3148 Data Science in Politics and Public Administration/Final Project/Report/Template/report.tex:289: Undefined control sequence.
\environment tcb@drawing end aux  ...aggingSocket 
                                                  {tcb/drawing/end}\end {tik...
l.289 ...inecode{amssymb} and \inlinecode{amsmath}
                                                   packages were not require...
The control sequence at the end of the top line
of your error message was never \def'ed. If you have
misspelled it (e.g., `\hobx'), type `I' and the correct
spelling (e.g., `I\hbox'). Otherwise just continue,
and I'll forget about whatever was undefined.

Missing character: There is no t ("74) in font nullfont!
Missing character: There is no c ("63) in font nullfont!
Missing character: There is no b ("62) in font nullfont!
Missing character: There is no / ("2F) in font nullfont!
Missing character: There is no d ("64) in font nullfont!
Missing character: There is no r ("72) in font nullfont!
Missing character: There is no a ("61) in font nullfont!
Missing character: There is no w ("77) in font nullfont!
Missing character: There is no i ("69) in font nullfont!
Missing character: There is no n ("6E) in font nullfont!
Missing character: There is no g ("67) in font nullfont!
Missing character: There is no / ("2F) in font nullfont!
Missing character: There is no e ("65) in font nullfont!
Missing character: There is no n ("6E) in font nullfont!
Missing character: There is no d ("64) in font nullfont!
Package mdframed Info: mdframed works in twoside mode on input line 292.

g:/My Drive/Study/HKU/POLI3148 Data Science in Politics and Public Administration/Final Project/Report/Template/report.tex:293: Package babel Error: You haven't defined the language 'spanish' yet.
(babel)                Perhaps you misspelled it or your installation
(babel)                is not complete.

See the babel package documentation for explanation.
Type  H <return>  for immediate help.
 ...                                              
                                                  
l.293 ^^I\end{note}
                   
Your command will be ignored, type <return> to proceed


LaTeX Warning: Reference `mdf@pagelabel-3' on page 3 undefined on input line 293.

g:/My Drive/Study/HKU/POLI3148 Data Science in Politics and Public Administration/Final Project/Report/Template/report.tex:299: Undefined control sequence.
\environment tcb@drawing code ...UseTaggingSocket 
                                                  {tcb/drawing/begin}\Suspen...
l.299 ^^I^^IThe \inlinecode{minted}
                                    package offers customized features for a...
The control sequence at the end of the top line
of your error message was never \def'ed. If you have
misspelled it (e.g., `\hobx'), type `I' and the correct
spelling (e.g., `I\hbox'). Otherwise just continue,
and I'll forget about whatever was undefined.

Missing character: There is no t ("74) in font nullfont!
Missing character: There is no c ("63) in font nullfont!
Missing character: There is no b ("62) in font nullfont!
Missing character: There is no / ("2F) in font nullfont!
Missing character: There is no d ("64) in font nullfont!
Missing character: There is no r ("72) in font nullfont!
Missing character: There is no a ("61) in font nullfont!
Missing character: There is no w ("77) in font nullfont!
Missing character: There is no i ("69) in font nullfont!
Missing character: There is no n ("6E) in font nullfont!
Missing character: There is no g ("67) in font nullfont!
Missing character: There is no / ("2F) in font nullfont!
Missing character: There is no b ("62) in font nullfont!
Missing character: There is no e ("65) in font nullfont!
Missing character: There is no g ("67) in font nullfont!
Missing character: There is no i ("69) in font nullfont!
Missing character: There is no n ("6E) in font nullfont!
g:/My Drive/Study/HKU/POLI3148 Data Science in Politics and Public Administration/Final Project/Report/Template/report.tex:299: Undefined control sequence.
\environment tcb@drawing code ...}\SuspendTagging 
                                                  {tcb/drawing}\tcb@tikz@beg...
l.299 ^^I^^IThe \inlinecode{minted}
                                    package offers customized features for a...
The control sequence at the end of the top line
of your error message was never \def'ed. If you have
misspelled it (e.g., `\hobx'), type `I' and the correct
spelling (e.g., `I\hbox'). Otherwise just continue,
and I'll forget about whatever was undefined.

Missing character: There is no t ("74) in font nullfont!
Missing character: There is no c ("63) in font nullfont!
Missing character: There is no b ("62) in font nullfont!
Missing character: There is no / ("2F) in font nullfont!
Missing character: There is no d ("64) in font nullfont!
Missing character: There is no r ("72) in font nullfont!
Missing character: There is no a ("61) in font nullfont!
Missing character: There is no w ("77) in font nullfont!
Missing character: There is no i ("69) in font nullfont!
Missing character: There is no n ("6E) in font nullfont!
Missing character: There is no g ("67) in font nullfont!
g:/My Drive/Study/HKU/POLI3148 Data Science in Politics and Public Administration/Final Project/Report/Template/report.tex:299: Undefined control sequence.
\environment tcb@drawing end aux  ...esumeTagging 
                                                  {tcb/drawing}\UseTaggingSo...
l.299 ^^I^^IThe \inlinecode{minted}
                                    package offers customized features for a...
The control sequence at the end of the top line
of your error message was never \def'ed. If you have
misspelled it (e.g., `\hobx'), type `I' and the correct
spelling (e.g., `I\hbox'). Otherwise just continue,
and I'll forget about whatever was undefined.

Missing character: There is no t ("74) in font nullfont!
Missing character: There is no c ("63) in font nullfont!
Missing character: There is no b ("62) in font nullfont!
Missing character: There is no / ("2F) in font nullfont!
Missing character: There is no d ("64) in font nullfont!
Missing character: There is no r ("72) in font nullfont!
Missing character: There is no a ("61) in font nullfont!
Missing character: There is no w ("77) in font nullfont!
Missing character: There is no i ("69) in font nullfont!
Missing character: There is no n ("6E) in font nullfont!
Missing character: There is no g ("67) in font nullfont!
g:/My Drive/Study/HKU/POLI3148 Data Science in Politics and Public Administration/Final Project/Report/Template/report.tex:299: Undefined control sequence.
\environment tcb@drawing end aux  ...aggingSocket 
                                                  {tcb/drawing/end}\end {tik...
l.299 ^^I^^IThe \inlinecode{minted}
                                    package offers customized features for a...
The control sequence at the end of the top line
of your error message was never \def'ed. If you have
misspelled it (e.g., `\hobx'), type `I' and the correct
spelling (e.g., `I\hbox'). Otherwise just continue,
and I'll forget about whatever was undefined.

Missing character: There is no t ("74) in font nullfont!
Missing character: There is no c ("63) in font nullfont!
Missing character: There is no b ("62) in font nullfont!
Missing character: There is no / ("2F) in font nullfont!
Missing character: There is no d ("64) in font nullfont!
Missing character: There is no r ("72) in font nullfont!
Missing character: There is no a ("61) in font nullfont!
Missing character: There is no w ("77) in font nullfont!
Missing character: There is no i ("69) in font nullfont!
Missing character: There is no n ("6E) in font nullfont!
Missing character: There is no g ("67) in font nullfont!
Missing character: There is no / ("2F) in font nullfont!
Missing character: There is no e ("65) in font nullfont!
Missing character: There is no n ("6E) in font nullfont!
Missing character: There is no d ("64) in font nullfont!
g:/My Drive/Study/HKU/POLI3148 Data Science in Politics and Public Administration/Final Project/Report/Template/report.tex:305: Undefined control sequence.
\environment tcb@drawing code ...UseTaggingSocket 
                                                  {tcb/drawing/begin}\Suspen...
l.305 ...nd type \inlinecode{pip install Pygments}
                                                  .
The control sequence at the end of the top line
of your error message was never \def'ed. If you have
misspelled it (e.g., `\hobx'), type `I' and the correct
spelling (e.g., `I\hbox'). Otherwise just continue,
and I'll forget about whatever was undefined.

Missing character: There is no t ("74) in font nullfont!
Missing character: There is no c ("63) in font nullfont!
Missing character: There is no b ("62) in font nullfont!
Missing character: There is no / ("2F) in font nullfont!
Missing character: There is no d ("64) in font nullfont!
Missing character: There is no r ("72) in font nullfont!
Missing character: There is no a ("61) in font nullfont!
Missing character: There is no w ("77) in font nullfont!
Missing character: There is no i ("69) in font nullfont!
Missing character: There is no n ("6E) in font nullfont!
Missing character: There is no g ("67) in font nullfont!
Missing character: There is no / ("2F) in font nullfont!
Missing character: There is no b ("62) in font nullfont!
Missing character: There is no e ("65) in font nullfont!
Missing character: There is no g ("67) in font nullfont!
Missing character: There is no i ("69) in font nullfont!
Missing character: There is no n ("6E) in font nullfont!
g:/My Drive/Study/HKU/POLI3148 Data Science in Politics and Public Administration/Final Project/Report/Template/report.tex:305: Undefined control sequence.
\environment tcb@drawing code ...}\SuspendTagging 
                                                  {tcb/drawing}\tcb@tikz@beg...
l.305 ...nd type \inlinecode{pip install Pygments}
                                                  .
The control sequence at the end of the top line
of your error message was never \def'ed. If you have
misspelled it (e.g., `\hobx'), type `I' and the correct
spelling (e.g., `I\hbox'). Otherwise just continue,
and I'll forget about whatever was undefined.

Missing character: There is no t ("74) in font nullfont!
Missing character: There is no c ("63) in font nullfont!
Missing character: There is no b ("62) in font nullfont!
Missing character: There is no / ("2F) in font nullfont!
Missing character: There is no d ("64) in font nullfont!
Missing character: There is no r ("72) in font nullfont!
Missing character: There is no a ("61) in font nullfont!
Missing character: There is no w ("77) in font nullfont!
Missing character: There is no i ("69) in font nullfont!
Missing character: There is no n ("6E) in font nullfont!
Missing character: There is no g ("67) in font nullfont!
g:/My Drive/Study/HKU/POLI3148 Data Science in Politics and Public Administration/Final Project/Report/Template/report.tex:305: Undefined control sequence.
\environment tcb@drawing end aux  ...esumeTagging 
                                                  {tcb/drawing}\UseTaggingSo...
l.305 ...nd type \inlinecode{pip install Pygments}
                                                  .
The control sequence at the end of the top line
of your error message was never \def'ed. If you have
misspelled it (e.g., `\hobx'), type `I' and the correct
spelling (e.g., `I\hbox'). Otherwise just continue,
and I'll forget about whatever was undefined.

Missing character: There is no t ("74) in font nullfont!
Missing character: There is no c ("63) in font nullfont!
Missing character: There is no b ("62) in font nullfont!
Missing character: There is no / ("2F) in font nullfont!
Missing character: There is no d ("64) in font nullfont!
Missing character: There is no r ("72) in font nullfont!
Missing character: There is no a ("61) in font nullfont!
Missing character: There is no w ("77) in font nullfont!
Missing character: There is no i ("69) in font nullfont!
Missing character: There is no n ("6E) in font nullfont!
Missing character: There is no g ("67) in font nullfont!
g:/My Drive/Study/HKU/POLI3148 Data Science in Politics and Public Administration/Final Project/Report/Template/report.tex:305: Undefined control sequence.
\environment tcb@drawing end aux  ...aggingSocket 
                                                  {tcb/drawing/end}\end {tik...
l.305 ...nd type \inlinecode{pip install Pygments}
                                                  .
The control sequence at the end of the top line
of your error message was never \def'ed. If you have
misspelled it (e.g., `\hobx'), type `I' and the correct
spelling (e.g., `I\hbox'). Otherwise just continue,
and I'll forget about whatever was undefined.

Missing character: There is no t ("74) in font nullfont!
Missing character: There is no c ("63) in font nullfont!
Missing character: There is no b ("62) in font nullfont!
Missing character: There is no / ("2F) in font nullfont!
Missing character: There is no d ("64) in font nullfont!
Missing character: There is no r ("72) in font nullfont!
Missing character: There is no a ("61) in font nullfont!
Missing character: There is no w ("77) in font nullfont!
Missing character: There is no i ("69) in font nullfont!
Missing character: There is no n ("6E) in font nullfont!
Missing character: There is no g ("67) in font nullfont!
Missing character: There is no / ("2F) in font nullfont!
Missing character: There is no e ("65) in font nullfont!
Missing character: There is no n ("6E) in font nullfont!
Missing character: There is no d ("64) in font nullfont!
g:/My Drive/Study/HKU/POLI3148 Data Science in Politics and Public Administration/Final Project/Report/Template/report.tex:307: Undefined control sequence.
\environment tcb@drawing code ...UseTaggingSocket 
                                                  {tcb/drawing/begin}\Suspen...
l.307 ...l-escape -interaction=nonstopmode \%.tex}
                                                  .
The control sequence at the end of the top line
of your error message was never \def'ed. If you have
misspelled it (e.g., `\hobx'), type `I' and the correct
spelling (e.g., `I\hbox'). Otherwise just continue,
and I'll forget about whatever was undefined.

Missing character: There is no t ("74) in font nullfont!
Missing character: There is no c ("63) in font nullfont!
Missing character: There is no b ("62) in font nullfont!
Missing character: There is no / ("2F) in font nullfont!
Missing character: There is no d ("64) in font nullfont!
Missing character: There is no r ("72) in font nullfont!
Missing character: There is no a ("61) in font nullfont!
Missing character: There is no w ("77) in font nullfont!
Missing character: There is no i ("69) in font nullfont!
Missing character: There is no n ("6E) in font nullfont!
Missing character: There is no g ("67) in font nullfont!
Missing character: There is no / ("2F) in font nullfont!
Missing character: There is no b ("62) in font nullfont!
Missing character: There is no e ("65) in font nullfont!
Missing character: There is no g ("67) in font nullfont!
Missing character: There is no i ("69) in font nullfont!
Missing character: There is no n ("6E) in font nullfont!
g:/My Drive/Study/HKU/POLI3148 Data Science in Politics and Public Administration/Final Project/Report/Template/report.tex:307: Undefined control sequence.
\environment tcb@drawing code ...}\SuspendTagging 
                                                  {tcb/drawing}\tcb@tikz@beg...
l.307 ...l-escape -interaction=nonstopmode \%.tex}
                                                  .
The control sequence at the end of the top line
of your error message was never \def'ed. If you have
misspelled it (e.g., `\hobx'), type `I' and the correct
spelling (e.g., `I\hbox'). Otherwise just continue,
and I'll forget about whatever was undefined.

Missing character: There is no t ("74) in font nullfont!
Missing character: There is no c ("63) in font nullfont!
Missing character: There is no b ("62) in font nullfont!
Missing character: There is no / ("2F) in font nullfont!
Missing character: There is no d ("64) in font nullfont!
Missing character: There is no r ("72) in font nullfont!
Missing character: There is no a ("61) in font nullfont!
Missing character: There is no w ("77) in font nullfont!
Missing character: There is no i ("69) in font nullfont!
Missing character: There is no n ("6E) in font nullfont!
Missing character: There is no g ("67) in font nullfont!
g:/My Drive/Study/HKU/POLI3148 Data Science in Politics and Public Administration/Final Project/Report/Template/report.tex:307: Undefined control sequence.
\environment tcb@drawing end aux  ...esumeTagging 
                                                  {tcb/drawing}\UseTaggingSo...
l.307 ...l-escape -interaction=nonstopmode \%.tex}
                                                  .
The control sequence at the end of the top line
of your error message was never \def'ed. If you have
misspelled it (e.g., `\hobx'), type `I' and the correct
spelling (e.g., `I\hbox'). Otherwise just continue,
and I'll forget about whatever was undefined.

Missing character: There is no t ("74) in font nullfont!
Missing character: There is no c ("63) in font nullfont!
Missing character: There is no b ("62) in font nullfont!
Missing character: There is no / ("2F) in font nullfont!
Missing character: There is no d ("64) in font nullfont!
Missing character: There is no r ("72) in font nullfont!
Missing character: There is no a ("61) in font nullfont!
Missing character: There is no w ("77) in font nullfont!
Missing character: There is no i ("69) in font nullfont!
Missing character: There is no n ("6E) in font nullfont!
Missing character: There is no g ("67) in font nullfont!
g:/My Drive/Study/HKU/POLI3148 Data Science in Politics and Public Administration/Final Project/Report/Template/report.tex:307: Undefined control sequence.
\environment tcb@drawing end aux  ...aggingSocket 
                                                  {tcb/drawing/end}\end {tik...
l.307 ...l-escape -interaction=nonstopmode \%.tex}
                                                  .
The control sequence at the end of the top line
of your error message was never \def'ed. If you have
misspelled it (e.g., `\hobx'), type `I' and the correct
spelling (e.g., `I\hbox'). Otherwise just continue,
and I'll forget about whatever was undefined.

Missing character: There is no t ("74) in font nullfont!
Missing character: There is no c ("63) in font nullfont!
Missing character: There is no b ("62) in font nullfont!
Missing character: There is no / ("2F) in font nullfont!
Missing character: There is no d ("64) in font nullfont!
Missing character: There is no r ("72) in font nullfont!
Missing character: There is no a ("61) in font nullfont!
Missing character: There is no w ("77) in font nullfont!
Missing character: There is no i ("69) in font nullfont!
Missing character: There is no n ("6E) in font nullfont!
Missing character: There is no g ("67) in font nullfont!
Missing character: There is no / ("2F) in font nullfont!
Missing character: There is no e ("65) in font nullfont!
Missing character: There is no n ("6E) in font nullfont!
Missing character: There is no d ("64) in font nullfont!
Package mdframed Info: mdframed works in twoside mode on input line 313.

Underfull \hbox (badness 1609) in paragraph at lines 314--315
[]\TU/FiraSans(0)/m/n/8 Ensure that \TU/FiraSans(0)/b/n/8 pygments \TU/FiraSans(0)/m/n/8 is properly installed and added to your
 []


LaTeX Warning: Reference `mdf@pagelabel-4' on page 3 undefined on input line 315.


LaTeX Warning: Hyper reference `lst:example' on page 3 undefined on input line 317.


g:/My Drive/Study/HKU/POLI3148 Data Science in Politics and Public Administration/Final Project/Report/Template/report.tex:317: Package babel Error: You haven't defined the language 'spanish' yet.
(babel)                Perhaps you misspelled it or your installation
(babel)                is not complete.

See the babel package documentation for explanation.
Type  H <return>  for immediate help.
 ...                                              
                                                  
l.317 ...own in the example. \coderef{lst:example}
                                                   shows a Python example.
Your command will be ignored, type <return> to proceed


LaTeX Warning: Reference `lst:example' on page 3 undefined on input line 317.

\pydata@fh@_E98D2F001DA5678B39482EFBDF5770DC.data.minted=\write6
\openout6 = `_E98D2F001DA5678B39482EFBDF5770DC.data.minted'.

runsystem(latexminted config  --timestamp 20260430153542 E98D2F001DA5678B39482EFBDF5770DC)...executed.

(./_E98D2F001DA5678B39482EFBDF5770DC.config.minted)
runsystem(latexminted cleanconfig  --timestamp 20260430153542 E98D2F001DA5678B39482EFBDF5770DC)...executed.

\minted@intempfile=\read7
\openout6 = `_E98D2F001DA5678B39482EFBDF5770DC.data.minted'.



g:/My Drive/Study/HKU/POLI3148 Data Science in Politics and Public Administration/Final Project/Report/Template/report.tex:320: Package minted Error: Cannot find input file "example.py"; inserting placeholder.

See the minted package documentation for explanation.
Type  H <return>  for immediate help.
 ...                                              
                                                  
l.320 ^^I^^I^^I\inputminted{python}{example.py}
                                               
This error message was generated by an \errmessage
command, so I can't give any explicit help.
Pretend that you're Hercule Poirot: Examine all clues,
and deduce the truth by order and method.

LaTeX Font Info:    Font shape `TU/FiraMono(0)/b/n' will be
(Font)              scaled to size 6.40002pt on input line 320.
Package hyperref Info: bookmark level for unknown lstlisting defaults to 0 on input line 321.

g:/My Drive/Study/HKU/POLI3148 Data Science in Politics and Public Administration/Final Project/Report/Template/report.tex:321: Package babel Error: You haven't defined the language 'spanish' yet.
(babel)                Perhaps you misspelled it or your installation
(babel)                is not complete.

See the babel package documentation for explanation.
Type  H <return>  for immediate help.
 ...                                              
                                                  
l.321 ...caption{Python code example with minted.}
                                                  
Your command will be ignored, type <return> to proceed


g:/My Drive/Study/HKU/POLI3148 Data Science in Politics and Public Administration/Final Project/Report/Template/report.tex:321: Package babel Error: You haven't defined the language 'spanish' yet.
(babel)                Perhaps you misspelled it or your installation
(babel)                is not complete.

See the babel package documentation for explanation.
Type  H <return>  for immediate help.
 ...                                              
                                                  
l.321 ...caption{Python code example with minted.}
                                                  
Your command will be ignored, type <return> to proceed


g:/My Drive/Study/HKU/POLI3148 Data Science in Politics and Public Administration/Final Project/Report/Template/report.tex:321: Package babel Error: You haven't defined the language 'spanish' yet.
(babel)                Perhaps you misspelled it or your installation
(babel)                is not complete.

See the babel package documentation for explanation.
Type  H <return>  for immediate help.
 ...                                              
                                                  
l.321 ...caption{Python code example with minted.}
                                                  
Your command will be ignored, type <return> to proceed


g:/My Drive/Study/HKU/POLI3148 Data Science in Politics and Public Administration/Final Project/Report/Template/report.tex:321: Package babel Error: You haven't defined the language 'spanish' yet.
(babel)                Perhaps you misspelled it or your installation
(babel)                is not complete.

See the babel package documentation for explanation.
Type  H <return>  for immediate help.
 ...                                              
                                                  
l.321 ...caption{Python code example with minted.}
                                                  
Your command will be ignored, type <return> to proceed

g:/My Drive/Study/HKU/POLI3148 Data Science in Politics and Public Administration/Final Project/Report/Template/report.tex:325: Undefined control sequence.
\environment tcb@drawing code ...UseTaggingSocket 
                                                  {tcb/drawing/begin}\Suspen...
l.325 ...ign changing \inlinecode{\usemintedstyle}
                                                   command. The different st...
The control sequence at the end of the top line
of your error message was never \def'ed. If you have
misspelled it (e.g., `\hobx'), type `I' and the correct
spelling (e.g., `I\hbox'). Otherwise just continue,
and I'll forget about whatever was undefined.

Missing character: There is no t ("74) in font nullfont!
Missing character: There is no c ("63) in font nullfont!
Missing character: There is no b ("62) in font nullfont!
Missing character: There is no / ("2F) in font nullfont!
Missing character: There is no d ("64) in font nullfont!
Missing character: There is no r ("72) in font nullfont!
Missing character: There is no a ("61) in font nullfont!
Missing character: There is no w ("77) in font nullfont!
Missing character: There is no i ("69) in font nullfont!
Missing character: There is no n ("6E) in font nullfont!
Missing character: There is no g ("67) in font nullfont!
Missing character: There is no / ("2F) in font nullfont!
Missing character: There is no b ("62) in font nullfont!
Missing character: There is no e ("65) in font nullfont!
Missing character: There is no g ("67) in font nullfont!
Missing character: There is no i ("69) in font nullfont!
Missing character: There is no n ("6E) in font nullfont!
g:/My Drive/Study/HKU/POLI3148 Data Science in Politics and Public Administration/Final Project/Report/Template/report.tex:325: Undefined control sequence.
\environment tcb@drawing code ...}\SuspendTagging 
                                                  {tcb/drawing}\tcb@tikz@beg...
l.325 ...ign changing \inlinecode{\usemintedstyle}
                                                   command. The different st...
The control sequence at the end of the top line
of your error message was never \def'ed. If you have
misspelled it (e.g., `\hobx'), type `I' and the correct
spelling (e.g., `I\hbox'). Otherwise just continue,
and I'll forget about whatever was undefined.

Missing character: There is no t ("74) in font nullfont!
Missing character: There is no c ("63) in font nullfont!
Missing character: There is no b ("62) in font nullfont!
Missing character: There is no / ("2F) in font nullfont!
Missing character: There is no d ("64) in font nullfont!
Missing character: There is no r ("72) in font nullfont!
Missing character: There is no a ("61) in font nullfont!
Missing character: There is no w ("77) in font nullfont!
Missing character: There is no i ("69) in font nullfont!
Missing character: There is no n ("6E) in font nullfont!
Missing character: There is no g ("67) in font nullfont!
g:/My Drive/Study/HKU/POLI3148 Data Science in Politics and Public Administration/Final Project/Report/Template/report.tex:325: Undefined control sequence.
\environment tcb@drawing end aux  ...esumeTagging 
                                                  {tcb/drawing}\UseTaggingSo...
l.325 ...ign changing \inlinecode{\usemintedstyle}
                                                   command. The different st...
The control sequence at the end of the top line
of your error message was never \def'ed. If you have
misspelled it (e.g., `\hobx'), type `I' and the correct
spelling (e.g., `I\hbox'). Otherwise just continue,
and I'll forget about whatever was undefined.

Missing character: There is no t ("74) in font nullfont!
Missing character: There is no c ("63) in font nullfont!
Missing character: There is no b ("62) in font nullfont!
Missing character: There is no / ("2F) in font nullfont!
Missing character: There is no d ("64) in font nullfont!
Missing character: There is no r ("72) in font nullfont!
Missing character: There is no a ("61) in font nullfont!
Missing character: There is no w ("77) in font nullfont!
Missing character: There is no i ("69) in font nullfont!
Missing character: There is no n ("6E) in font nullfont!
Missing character: There is no g ("67) in font nullfont!
g:/My Drive/Study/HKU/POLI3148 Data Science in Politics and Public Administration/Final Project/Report/Template/report.tex:325: Undefined control sequence.
\environment tcb@drawing end aux  ...aggingSocket 
                                                  {tcb/drawing/end}\end {tik...
l.325 ...ign changing \inlinecode{\usemintedstyle}
                                                   command. The different st...
The control sequence at the end of the top line
of your error message was never \def'ed. If you have
misspelled it (e.g., `\hobx'), type `I' and the correct
spelling (e.g., `I\hbox'). Otherwise just continue,
and I'll forget about whatever was undefined.

Missing character: There is no t ("74) in font nullfont!
Missing character: There is no c ("63) in font nullfont!
Missing character: There is no b ("62) in font nullfont!
Missing character: There is no / ("2F) in font nullfont!
Missing character: There is no d ("64) in font nullfont!
Missing character: There is no r ("72) in font nullfont!
Missing character: There is no a ("61) in font nullfont!
Missing character: There is no w ("77) in font nullfont!
Missing character: There is no i ("69) in font nullfont!
Missing character: There is no n ("6E) in font nullfont!
Missing character: There is no g ("67) in font nullfont!
Missing character: There is no / ("2F) in font nullfont!
Missing character: There is no e ("65) in font nullfont!
Missing character: There is no n ("6E) in font nullfont!
Missing character: There is no d ("64) in font nullfont!

Underfull \hbox (badness 3407) in paragraph at lines 325--326
[]\TU/lmr/m/n/9 You can customize its design changing []
 []

g:/My Drive/Study/HKU/POLI3148 Data Science in Politics and Public Administration/Final Project/Report/Template/report.tex:329: Undefined control sequence.
\environment tcb@drawing code ...UseTaggingSocket 
                                                  {tcb/drawing/begin}\Suspen...
l.329 ^^I^^ISince \inlinecode{minted}
                                      requires additional installations and ...
The control sequence at the end of the top line
of your error message was never \def'ed. If you have
misspelled it (e.g., `\hobx'), type `I' and the correct
spelling (e.g., `I\hbox'). Otherwise just continue,
and I'll forget about whatever was undefined.

Missing character: There is no t ("74) in font nullfont!
Missing character: There is no c ("63) in font nullfont!
Missing character: There is no b ("62) in font nullfont!
Missing character: There is no / ("2F) in font nullfont!
Missing character: There is no d ("64) in font nullfont!
Missing character: There is no r ("72) in font nullfont!
Missing character: There is no a ("61) in font nullfont!
Missing character: There is no w ("77) in font nullfont!
Missing character: There is no i ("69) in font nullfont!
Missing character: There is no n ("6E) in font nullfont!
Missing character: There is no g ("67) in font nullfont!
Missing character: There is no / ("2F) in font nullfont!
Missing character: There is no b ("62) in font nullfont!
Missing character: There is no e ("65) in font nullfont!
Missing character: There is no g ("67) in font nullfont!
Missing character: There is no i ("69) in font nullfont!
Missing character: There is no n ("6E) in font nullfont!
g:/My Drive/Study/HKU/POLI3148 Data Science in Politics and Public Administration/Final Project/Report/Template/report.tex:329: Undefined control sequence.
\environment tcb@drawing code ...}\SuspendTagging 
                                                  {tcb/drawing}\tcb@tikz@beg...
l.329 ^^I^^ISince \inlinecode{minted}
                                      requires additional installations and ...
The control sequence at the end of the top line
of your error message was never \def'ed. If you have
misspelled it (e.g., `\hobx'), type `I' and the correct
spelling (e.g., `I\hbox'). Otherwise just continue,
and I'll forget about whatever was undefined.

Missing character: There is no t ("74) in font nullfont!
Missing character: There is no c ("63) in font nullfont!
Missing character: There is no b ("62) in font nullfont!
Missing character: There is no / ("2F) in font nullfont!
Missing character: There is no d ("64) in font nullfont!
Missing character: There is no r ("72) in font nullfont!
Missing character: There is no a ("61) in font nullfont!
Missing character: There is no w ("77) in font nullfont!
Missing character: There is no i ("69) in font nullfont!
Missing character: There is no n ("6E) in font nullfont!
Missing character: There is no g ("67) in font nullfont!
g:/My Drive/Study/HKU/POLI3148 Data Science in Politics and Public Administration/Final Project/Report/Template/report.tex:329: Undefined control sequence.
\environment tcb@drawing end aux  ...esumeTagging 
                                                  {tcb/drawing}\UseTaggingSo...
l.329 ^^I^^ISince \inlinecode{minted}
                                      requires additional installations and ...
The control sequence at the end of the top line
of your error message was never \def'ed. If you have
misspelled it (e.g., `\hobx'), type `I' and the correct
spelling (e.g., `I\hbox'). Otherwise just continue,
and I'll forget about whatever was undefined.

Missing character: There is no t ("74) in font nullfont!
Missing character: There is no c ("63) in font nullfont!
Missing character: There is no b ("62) in font nullfont!
Missing character: There is no / ("2F) in font nullfont!
Missing character: There is no d ("64) in font nullfont!
Missing character: There is no r ("72) in font nullfont!
Missing character: There is no a ("61) in font nullfont!
Missing character: There is no w ("77) in font nullfont!
Missing character: There is no i ("69) in font nullfont!
Missing character: There is no n ("6E) in font nullfont!
Missing character: There is no g ("67) in font nullfont!
g:/My Drive/Study/HKU/POLI3148 Data Science in Politics and Public Administration/Final Project/Report/Template/report.tex:329: Undefined control sequence.
\environment tcb@drawing end aux  ...aggingSocket 
                                                  {tcb/drawing/end}\end {tik...
l.329 ^^I^^ISince \inlinecode{minted}
                                      requires additional installations and ...
The control sequence at the end of the top line
of your error message was never \def'ed. If you have
misspelled it (e.g., `\hobx'), type `I' and the correct
spelling (e.g., `I\hbox'). Otherwise just continue,
and I'll forget about whatever was undefined.

Missing character: There is no t ("74) in font nullfont!
Missing character: There is no c ("63) in font nullfont!
Missing character: There is no b ("62) in font nullfont!
Missing character: There is no / ("2F) in font nullfont!
Missing character: There is no d ("64) in font nullfont!
Missing character: There is no r ("72) in font nullfont!
Missing character: There is no a ("61) in font nullfont!
Missing character: There is no w ("77) in font nullfont!
Missing character: There is no i ("69) in font nullfont!
Missing character: There is no n ("6E) in font nullfont!
Missing character: There is no g ("67) in font nullfont!
Missing character: There is no / ("2F) in font nullfont!
Missing character: There is no e ("65) in font nullfont!
Missing character: There is no n ("6E) in font nullfont!
Missing character: There is no d ("64) in font nullfont!
g:/My Drive/Study/HKU/POLI3148 Data Science in Politics and Public Administration/Final Project/Report/Template/report.tex:329: Undefined control sequence.
\environment tcb@drawing code ...UseTaggingSocket 
                                                  {tcb/drawing/begin}\Suspen...
l.329 ...rs, you can use the \inlinecode{listings}
                                                   package instead, which pr...
The control sequence at the end of the top line
of your error message was never \def'ed. If you have
misspelled it (e.g., `\hobx'), type `I' and the correct
spelling (e.g., `I\hbox'). Otherwise just continue,
and I'll forget about whatever was undefined.

Missing character: There is no t ("74) in font nullfont!
Missing character: There is no c ("63) in font nullfont!
Missing character: There is no b ("62) in font nullfont!
Missing character: There is no / ("2F) in font nullfont!
Missing character: There is no d ("64) in font nullfont!
Missing character: There is no r ("72) in font nullfont!
Missing character: There is no a ("61) in font nullfont!
Missing character: There is no w ("77) in font nullfont!
Missing character: There is no i ("69) in font nullfont!
Missing character: There is no n ("6E) in font nullfont!
Missing character: There is no g ("67) in font nullfont!
Missing character: There is no / ("2F) in font nullfont!
Missing character: There is no b ("62) in font nullfont!
Missing character: There is no e ("65) in font nullfont!
Missing character: There is no g ("67) in font nullfont!
Missing character: There is no i ("69) in font nullfont!
Missing character: There is no n ("6E) in font nullfont!
g:/My Drive/Study/HKU/POLI3148 Data Science in Politics and Public Administration/Final Project/Report/Template/report.tex:329: Undefined control sequence.
\environment tcb@drawing code ...}\SuspendTagging 
                                                  {tcb/drawing}\tcb@tikz@beg...
l.329 ...rs, you can use the \inlinecode{listings}
                                                   package instead, which pr...
The control sequence at the end of the top line
of your error message was never \def'ed. If you have
misspelled it (e.g., `\hobx'), type `I' and the correct
spelling (e.g., `I\hbox'). Otherwise just continue,
and I'll forget about whatever was undefined.

Missing character: There is no t ("74) in font nullfont!
Missing character: There is no c ("63) in font nullfont!
Missing character: There is no b ("62) in font nullfont!
Missing character: There is no / ("2F) in font nullfont!
Missing character: There is no d ("64) in font nullfont!
Missing character: There is no r ("72) in font nullfont!
Missing character: There is no a ("61) in font nullfont!
Missing character: There is no w ("77) in font nullfont!
Missing character: There is no i ("69) in font nullfont!
Missing character: There is no n ("6E) in font nullfont!
Missing character: There is no g ("67) in font nullfont!
g:/My Drive/Study/HKU/POLI3148 Data Science in Politics and Public Administration/Final Project/Report/Template/report.tex:329: Undefined control sequence.
\environment tcb@drawing end aux  ...esumeTagging 
                                                  {tcb/drawing}\UseTaggingSo...
l.329 ...rs, you can use the \inlinecode{listings}
                                                   package instead, which pr...
The control sequence at the end of the top line
of your error message was never \def'ed. If you have
misspelled it (e.g., `\hobx'), type `I' and the correct
spelling (e.g., `I\hbox'). Otherwise just continue,
and I'll forget about whatever was undefined.

Missing character: There is no t ("74) in font nullfont!
Missing character: There is no c ("63) in font nullfont!
Missing character: There is no b ("62) in font nullfont!
Missing character: There is no / ("2F) in font nullfont!
Missing character: There is no d ("64) in font nullfont!
Missing character: There is no r ("72) in font nullfont!
Missing character: There is no a ("61) in font nullfont!
Missing character: There is no w ("77) in font nullfont!
Missing character: There is no i ("69) in font nullfont!
Missing character: There is no n ("6E) in font nullfont!
Missing character: There is no g ("67) in font nullfont!
g:/My Drive/Study/HKU/POLI3148 Data Science in Politics and Public Administration/Final Project/Report/Template/report.tex:329: Undefined control sequence.
\environment tcb@drawing end aux  ...aggingSocket 
                                                  {tcb/drawing/end}\end {tik...
l.329 ...rs, you can use the \inlinecode{listings}
                                                   package instead, which pr...
The control sequence at the end of the top line
of your error message was never \def'ed. If you have
misspelled it (e.g., `\hobx'), type `I' and the correct
spelling (e.g., `I\hbox'). Otherwise just continue,
and I'll forget about whatever was undefined.

Missing character: There is no t ("74) in font nullfont!
Missing character: There is no c ("63) in font nullfont!
Missing character: There is no b ("62) in font nullfont!
Missing character: There is no / ("2F) in font nullfont!
Missing character: There is no d ("64) in font nullfont!
Missing character: There is no r ("72) in font nullfont!
Missing character: There is no a ("61) in font nullfont!
Missing character: There is no w ("77) in font nullfont!
Missing character: There is no i ("69) in font nullfont!
Missing character: There is no n ("6E) in font nullfont!
Missing character: There is no g ("67) in font nullfont!
Missing character: There is no / ("2F) in font nullfont!
Missing character: There is no e ("65) in font nullfont!
Missing character: There is no n ("6E) in font nullfont!
Missing character: There is no d ("64) in font nullfont!
(c:/Users/MDXR/AppData/Roaming/TinyTeX/texmf-dist/tex/latex/listings/lstlang1.sty
File: lstlang1.sty 2024/09/23 1.10c listings language file
)

! Package Listings Error: File `example(.py)' not found.

Type X to quit or <RETURN> to proceed,
or enter new name. (Default extension: py)

Enter file name: 
g:/My Drive/Study/HKU/POLI3148 Data Science in Politics and Public Administration/Final Project/Report/Template/report.tex:332: Emergency stop.
<read *> 
         
l.332 ...inputlisting[language=python]{example.py}
                                                  ^^M
*** (cannot \read from terminal in nonstop modes)

 
Here is how much of TeX's memory you used:
 55617 strings out of 476759
 1180459 string characters out of 5800263
 2157765 words of memory out of 5000000
 76718 multiletter control sequences out of 15000+600000
 605285 words of font info for 227 fonts, out of 8000000 for 9000
 14 hyphenation exceptions out of 8191
 137i,13n,143p,1117b,1852s stack positions out of 10000i,1000n,20000p,200000b,200000s
Output written on report.pdf (2 pages).
